<?xml version="1.0" encoding="UTF-8" standalone="no"?>
<gpx xmlns="http://www.topografix.com/GPX/1/1" xmlns:xsi="http://www.w3.org/2001/XMLSchema-instance" xsi:schemaLocation="http://www.topografix.com/GPX/1/1 http://www.topografix.com/GPX/1/1/gpx.xsd" version="1.1" creator="Metric Trails">
  <metadata>
    <name>Metric Trails Generated GPX</name>
    <desc>This track was generated by Metric Trails technology for GNSS trajectory processing.</desc>
    <author>
      <name>Metric Trails</name>
      <link href="https://www.metrictrails.com"/>
    </author>
    <time>2025-10-28T11:37:12Z</time>
  </metadata>
  <trk>
    <name>Metric Trails. Track standarized to 49.9-meter spatial resolution</name>
    <trkseg>
      <trkpt lat="-27.44815" lon="152.92897">        <ele>75.1164385381365</ele>        <time></time>      </trkpt>
      <trkpt lat="-27.4485750527453" lon="152.928798344242">        <ele>80.9270985443376</ele>        <time></time>      </trkpt>
      <trkpt lat="-27.4487600000856" lon="152.928388256836">        <ele>90.735448788768</ele>        <time></time>      </trkpt>
      <trkpt lat="-27.4488339417658" lon="152.927900836476">        <ele>93.3937791211695</ele>        <time></time>      </trkpt>
      <trkpt lat="-27.4490759714284" lon="152.927546395481">        <ele>98.1601250072345</ele>        <time></time>      </trkpt>
      <trkpt lat="-27.4488080069682" lon="152.927158618674">        <ele>87.9323346197009</ele>        <time></time>      </trkpt>
      <trkpt lat="-27.4491061206199" lon="152.926853669188">        <ele>87.3525680479394</ele>        <time></time>      </trkpt>
      <trkpt lat="-27.4494791878143" lon="152.926613042649">        <ele>88.5353332579189</ele>        <time></time>      </trkpt>
      <trkpt lat="-27.4494952564035" lon="152.926128032755">        <ele>83.7614196220805</ele>        <time></time>      </trkpt>
      <trkpt lat="-27.4494825022515" lon="152.925627226427">        <ele>84.6411121821333</ele>        <time></time>      </trkpt>
      <trkpt lat="-27.4496141965545" lon="152.925142790239">        <ele>82.8617770112508</ele>        <time></time>      </trkpt>
      <trkpt lat="-27.4497458891682" lon="152.924658352904">        <ele>82.196586143308</ele>        <time></time>      </trkpt>
      <trkpt lat="-27.4498775800927" lon="152.924173914423">        <ele>84.268819255909</ele>        <time></time>      </trkpt>
      <trkpt lat="-27.450009269328" lon="152.923689474794">        <ele>87.8529259258116</ele>        <time></time>      </trkpt>
      <trkpt lat="-27.4502316809637" lon="152.923253983124">        <ele>93.7779335683512</ele>        <time></time>      </trkpt>
      <trkpt lat="-27.4505761761866" lon="152.922961656404">        <ele>99.540452575076</ele>        <time></time>      </trkpt>
      <trkpt lat="-27.4510184832943" lon="152.923040610444">        <ele>108.783260623867</ele>        <time></time>      </trkpt>
      <trkpt lat="-27.451453740051" lon="152.923070517704">        <ele>112.101113093853</ele>        <time></time>      </trkpt>
      <trkpt lat="-27.4518316074434" lon="152.922792900858">        <ele>106.941755341888</ele>        <time></time>      </trkpt>
      <trkpt lat="-27.4519137103535" lon="152.922322897287">        <ele>96.3939330801946</ele>        <time></time>      </trkpt>
      <trkpt lat="-27.4521869623143" lon="152.921974650853">        <ele>92.067267319908</ele>        <time></time>      </trkpt>
      <trkpt lat="-27.4525594217615" lon="152.921691514812">        <ele>93.0496880783299</ele>        <time></time>      </trkpt>
      <trkpt lat="-27.4526959783044" lon="152.921241920419">        <ele>96.3985153231045</ele>        <time></time>      </trkpt>
      <trkpt lat="-27.4522996505614" lon="152.921089721867">        <ele>93.186242777378</ele>        <time></time>      </trkpt>
      <trkpt lat="-27.451849553969" lon="152.921045810104">        <ele>92.4345418570794</ele>        <time></time>      </trkpt>
      <trkpt lat="-27.4514162797258" lon="152.921149945502">        <ele>90.4241297251747</ele>        <time></time>      </trkpt>
      <trkpt lat="-27.4509730077777" lon="152.921242180433">        <ele>91.7832431734979</ele>        <time></time>      </trkpt>
      <trkpt lat="-27.4505225700211" lon="152.921234422395">        <ele>94.9115047034951</ele>        <time></time>      </trkpt>
      <trkpt lat="-27.4501932039862" lon="152.920957702177">        <ele>100.737527755979</ele>        <time></time>      </trkpt>
      <trkpt lat="-27.4501321792075" lon="152.920457710169">        <ele>104.060667180222</ele>        <time></time>      </trkpt>
      <trkpt lat="-27.4497961619028" lon="152.920125280845">        <ele>101.582773040505</ele>        <time></time>      </trkpt>
      <trkpt lat="-27.4494720551222" lon="152.919786596959">        <ele>94.958124974445</ele>        <time></time>      </trkpt>
      <trkpt lat="-27.4493471237542" lon="152.919305208687">        <ele>101.395667890426</ele>        <time></time>      </trkpt>
      <trkpt lat="-27.4491857041621" lon="152.91883386623">        <ele>104.306504730909</ele>        <time></time>      </trkpt>
      <trkpt lat="-27.4490123072675" lon="152.918366222559">        <ele>100.170190178296</ele>        <time></time>      </trkpt>
      <trkpt lat="-27.4490854298966" lon="152.917885764362">        <ele>91.5688881167961</ele>        <time></time>      </trkpt>
      <trkpt lat="-27.4495242603338" lon="152.91776530115">        <ele>95.2163246024836</ele>        <time></time>      </trkpt>
      <trkpt lat="-27.4496085091354" lon="152.91732652113">        <ele>96.0078327379968</ele>        <time></time>      </trkpt>
      <trkpt lat="-27.4492863298112" lon="152.91702890792">        <ele>90.1632110439569</ele>        <time></time>      </trkpt>
      <trkpt lat="-27.4488560313381" lon="152.916900273452">        <ele>87.0837064668056</ele>        <time></time>      </trkpt>
      <trkpt lat="-27.4484096826107" lon="152.916903564136">        <ele>90.9238758167267</ele>        <time></time>      </trkpt>
      <trkpt lat="-27.4479842394282" lon="152.916749971229">        <ele>96.8899544737227</ele>        <time></time>      </trkpt>
      <trkpt lat="-27.447667710039" lon="152.91641162499">        <ele>99.6494730216494</ele>        <time></time>      </trkpt>
      <trkpt lat="-27.4472821738369" lon="152.916219897271">        <ele>95.604768550227</ele>        <time></time>      </trkpt>
      <trkpt lat="-27.4471450094382" lon="152.915750353721">        <ele>91.4807859183338</ele>        <time></time>      </trkpt>
      <trkpt lat="-27.4472355530463" lon="152.915262724957">        <ele>90.0883003423256</ele>        <time></time>      </trkpt>
      <trkpt lat="-27.4474200316165" lon="152.914802438927">        <ele>88.9470610305789</ele>        <time></time>      </trkpt>
      <trkpt lat="-27.4476430341685" lon="152.914362008652">        <ele>91.559452359683</ele>        <time></time>      </trkpt>
      <trkpt lat="-27.4478476036452" lon="152.913910792854">        <ele>93.3805741648304</ele>        <time></time>      </trkpt>
      <trkpt lat="-27.4480641145256" lon="152.913471375982">        <ele>92.9582188469948</ele>        <time></time>      </trkpt>
      <trkpt lat="-27.4482785348346" lon="152.913033668368">        <ele>96.5492693361254</ele>        <time></time>      </trkpt>
      <trkpt lat="-27.448425852545" lon="152.912565089159">        <ele>99.0386981686342</ele>        <time></time>      </trkpt>
      <trkpt lat="-27.4487717217495" lon="152.912272996828">        <ele>105.21418533413</ele>        <time></time>      </trkpt>
      <trkpt lat="-27.4489743911178" lon="152.91185988615">        <ele>100.289959367794</ele>        <time></time>      </trkpt>
      <trkpt lat="-27.4492175160496" lon="152.91143392475">        <ele>96.0704910465009</ele>        <time></time>      </trkpt>
      <trkpt lat="-27.449583721739" lon="152.911168787943">        <ele>94.0059117574944</ele>        <time></time>      </trkpt>
      <trkpt lat="-27.4498719736458" lon="152.910840275828">        <ele>85.2615299922553</ele>        <time></time>      </trkpt>
      <trkpt lat="-27.4501236074595" lon="152.910436733354">        <ele>84.812058346833</ele>        <time></time>      </trkpt>
      <trkpt lat="-27.4504569622467" lon="152.910109833139">        <ele>88.7311772153171</ele>        <time></time>      </trkpt>
      <trkpt lat="-27.4506711696" lon="152.909666959469">        <ele>91.7438061962397</ele>        <time></time>      </trkpt>
      <trkpt lat="-27.4507580931988" lon="152.909174306772">        <ele>90.7428947918699</ele>        <time></time>      </trkpt>
      <trkpt lat="-27.4508163264757" lon="152.908672450326">        <ele>89.9503805450492</ele>        <time></time>      </trkpt>
      <trkpt lat="-27.4505869499968" lon="152.908322149987">        <ele>84.4652884881661</ele>        <time></time>      </trkpt>
      <trkpt lat="-27.4501391144849" lon="152.908290647889">        <ele>82.1654484909584</ele>        <time></time>      </trkpt>
      <trkpt lat="-27.4496953011564" lon="152.908199807859">        <ele>85.4150524965855</ele>        <time></time>      </trkpt>
      <trkpt lat="-27.4492468368286" lon="152.90814">        <ele>90.1699509067605</ele>        <time></time>      </trkpt>
      <trkpt lat="-27.4487997764649" lon="152.908192622753">        <ele>91</ele>        <time></time>      </trkpt>
      <trkpt lat="-27.4483570883812" lon="152.908293808409">        <ele>91.0962406690246</ele>        <time></time>      </trkpt>
      <trkpt lat="-27.4479063789596" lon="152.908303789907">        <ele>93.874246308815</ele>        <time></time>      </trkpt>
      <trkpt lat="-27.4475100001214" lon="152.908258289743">        <ele>97.4417361257339</ele>        <time></time>      </trkpt>
      <trkpt lat="-27.4475100000854" lon="152.907751870957">        <ele>105.655340351913</ele>        <time></time>      </trkpt>
      <trkpt lat="-27.4478155715175" lon="152.907396170054">        <ele>110.645257418424</ele>        <time></time>      </trkpt>
      <trkpt lat="-27.4479323052729" lon="152.906928041063">        <ele>114.803843335058</ele>        <time></time>      </trkpt>
      <trkpt lat="-27.4480489589375" lon="152.906441352657">        <ele>116.66446413452</ele>        <time></time>      </trkpt>
      <trkpt lat="-27.4481000002249" lon="152.905940144073">        <ele>117.38487712514</ele>        <time></time>      </trkpt>
      <trkpt lat="-27.4480630443031" lon="152.905438658872">        <ele>116.962444908787</ele>        <time></time>      </trkpt>
      <trkpt lat="-27.4479358779091" lon="152.904954104767">        <ele>117.626024620995</ele>        <time></time>      </trkpt>
      <trkpt lat="-27.4477624109919" lon="152.904486499144">        <ele>122.414871582852</ele>        <time></time>      </trkpt>
      <trkpt lat="-27.447821993681" lon="152.903992025621">        <ele>126.740860775271</ele>        <time></time>      </trkpt>
      <trkpt lat="-27.4477577333059" lon="152.903499730606">        <ele>130.131689279717</ele>        <time></time>      </trkpt>
      <trkpt lat="-27.4478290082762" lon="152.903008610385">        <ele>132.981701722373</ele>        <time></time>      </trkpt>
      <trkpt lat="-27.4479127657665" lon="152.902512506119">        <ele>132.006337341516</ele>        <time></time>      </trkpt>
      <trkpt lat="-27.4479792574435" lon="152.902011599804">        <ele>135.286293940831</ele>        <time></time>      </trkpt>
      <trkpt lat="-27.4481267325124" lon="152.901541229547">        <ele>140.638972818607</ele>        <time></time>      </trkpt>
      <trkpt lat="-27.4483537202256" lon="152.901103531311">        <ele>145.110204711729</ele>        <time></time>      </trkpt>
      <trkpt lat="-27.4485896572629" lon="152.900671647539">        <ele>148.893424163019</ele>        <time></time>      </trkpt>
      <trkpt lat="-27.4488286609987" lon="152.900242938007">        <ele>157.035955943784</ele>        <time></time>      </trkpt>
      <trkpt lat="-27.4491940194588" lon="152.899945031256">        <ele>162.678167071157</ele>        <time></time>      </trkpt>
      <trkpt lat="-27.4495733280253" lon="152.899676030785">        <ele>173.469126439902</ele>        <time></time>      </trkpt>
      <trkpt lat="-27.4499992260208" lon="152.899512596782">        <ele>187.195758799862</ele>        <time></time>      </trkpt>
      <trkpt lat="-27.4504482407842" lon="152.899456469932">        <ele>195.886086233023</ele>        <time></time>      </trkpt>
      <trkpt lat="-27.4508870546683" lon="152.899471294542">        <ele>202.752114362989</ele>        <time></time>      </trkpt>
      <trkpt lat="-27.451326805734" lon="152.89936227563">        <ele>207.336743223337</ele>        <time></time>      </trkpt>
      <trkpt lat="-27.4516993731591" lon="152.899112591359">        <ele>209.02718178992</ele>        <time></time>      </trkpt>
      <trkpt lat="-27.4518995207021" lon="152.898660712007">        <ele>207.984933157425</ele>        <time></time>      </trkpt>
      <trkpt lat="-27.4522166198361" lon="152.898316616082">        <ele>204.308517533919</ele>        <time></time>      </trkpt>
      <trkpt lat="-27.4526192816931" lon="152.89813424605">        <ele>203.573502789451</ele>        <time></time>      </trkpt>
      <trkpt lat="-27.4529323360434" lon="152.897782834335">        <ele>206.104643761287</ele>        <time></time>      </trkpt>
      <trkpt lat="-27.4531504830718" lon="152.89733935591">        <ele>206.969087632675</ele>        <time></time>      </trkpt>
      <trkpt lat="-27.4534412217239" lon="152.896951705865">        <ele>207.543698918921</ele>        <time></time>      </trkpt>
      <trkpt lat="-27.4537168905989" lon="152.89655341457">        <ele>211.677127184141</ele>        <time></time>      </trkpt>
      <trkpt lat="-27.4539032154724" lon="152.896092041277">        <ele>214.728475754558</ele>        <time></time>      </trkpt>
      <trkpt lat="-27.4540895388087" lon="152.895630666437">        <ele>217.053402180088</ele>        <time></time>      </trkpt>
      <trkpt lat="-27.4541500002258" lon="152.895132027753">        <ele>220.344138752642</ele>        <time></time>      </trkpt>
      <trkpt lat="-27.4541500002941" lon="152.894625578797">        <ele>221.751262181603</ele>        <time></time>      </trkpt>
      <trkpt lat="-27.4541113008053" lon="152.894122049492">        <ele>224.714538407153</ele>        <time></time>      </trkpt>
      <trkpt lat="-27.4541478797914" lon="152.893617263268">        <ele>235.518993580022</ele>        <time></time>      </trkpt>
      <trkpt lat="-27.4541298265558" lon="152.893113058619">        <ele>248.554618094953</ele>        <time></time>      </trkpt>
      <trkpt lat="-27.4541394283021" lon="152.892623521929">        <ele>258.389638491075</ele>        <time></time>      </trkpt>
      <trkpt lat="-27.4544178643843" lon="152.892224681138">        <ele>266.342976506603</ele>        <time></time>      </trkpt>
      <trkpt lat="-27.4546571105861" lon="152.891795827114">        <ele>266.182989985297</ele>        <time></time>      </trkpt>
      <trkpt lat="-27.4544916757983" lon="152.891533891923">        <ele>262.946988970319</ele>        <time></time>      </trkpt>
      <trkpt lat="-27.4541123556798" lon="152.891259802198">        <ele>261.042863773856</ele>        <time></time>      </trkpt>
      <trkpt lat="-27.4537345239608" lon="152.89098211951">        <ele>257.087382009082</ele>        <time></time>      </trkpt>
      <trkpt lat="-27.4533026141497" lon="152.890865861738">        <ele>256.619507552075</ele>        <time></time>      </trkpt>
      <trkpt lat="-27.4528550976994" lon="152.890803689238">        <ele>257.166661161621</ele>        <time></time>      </trkpt>
      <trkpt lat="-27.4524207147657" lon="152.890926969047">        <ele>258.668317304652</ele>        <time></time>      </trkpt>
      <trkpt lat="-27.4521090545231" lon="152.891248321955">        <ele>255.945990494961</ele>        <time></time>      </trkpt>
      <trkpt lat="-27.4519819506333" lon="152.891734306847">        <ele>246.37082054019</ele>        <time></time>      </trkpt>
      <trkpt lat="-27.4516120792376" lon="152.89192">        <ele>243.410520290976</ele>        <time></time>      </trkpt>
      <trkpt lat="-27.4511826445824" lon="152.891763012202">        <ele>240.576691439952</ele>        <time></time>      </trkpt>
      <trkpt lat="-27.4507846791166" lon="152.89152596509">        <ele>235.524026766619</ele>        <time></time>      </trkpt>
      <trkpt lat="-27.4506282739164" lon="152.891118729093">        <ele>234.114141370984</ele>        <time></time>      </trkpt>
      <trkpt lat="-27.4507715222545" lon="152.890638425609">        <ele>236.104898351459</ele>        <time></time>      </trkpt>
      <trkpt lat="-27.4507406264065" lon="152.890137693912">        <ele>233.502953794595</ele>        <time></time>      </trkpt>
      <trkpt lat="-27.4506800001827" lon="152.889637659166">        <ele>233.423957389242</ele>        <time></time>      </trkpt>
      <trkpt lat="-27.450644186468" lon="152.88913674469">        <ele>231.309202094538</ele>        <time></time>      </trkpt>
      <trkpt lat="-27.4505222744676" lon="152.888649097775">        <ele>228.583339919414</ele>        <time></time>      </trkpt>
      <trkpt lat="-27.4505377353385" lon="152.888143413699">        <ele>227.551725739224</ele>        <time></time>      </trkpt>
      <trkpt lat="-27.4504135250629" lon="152.887660331257">        <ele>226.335219598987</ele>        <time></time>      </trkpt>
      <trkpt lat="-27.4503146426228" lon="152.887171930926">        <ele>226.776348354442</ele>        <time></time>      </trkpt>
      <trkpt lat="-27.4504062829819" lon="152.886679665467">        <ele>225.585729710601</ele>        <time></time>      </trkpt>
      <trkpt lat="-27.4505851500885" lon="152.88621461221">        <ele>229.134274950651</ele>        <time></time>      </trkpt>
      <trkpt lat="-27.4507582589606" lon="152.885746948001">        <ele>236.7435724291</ele>        <time></time>      </trkpt>
      <trkpt lat="-27.4509180605125" lon="152.885273251">        <ele>237.256815220481</ele>        <time></time>      </trkpt>
      <trkpt lat="-27.4510712175221" lon="152.884796857308">        <ele>239.961822234138</ele>        <time></time>      </trkpt>
      <trkpt lat="-27.4512189337383" lon="152.88431825542">        <ele>241.910645503845</ele>        <time></time>      </trkpt>
      <trkpt lat="-27.4513600000716" lon="152.883847634281">        <ele>242.955448081657</ele>        <time></time>      </trkpt>
      <trkpt lat="-27.4513600000958" lon="152.883341198222">        <ele>245.689574742553</ele>        <time></time>      </trkpt>
      <trkpt lat="-27.4513065452318" lon="152.882839024217">        <ele>250.086383888872</ele>        <time></time>      </trkpt>
      <trkpt lat="-27.4512245191537" lon="152.88234100515">        <ele>261.778622529381</ele>        <time></time>      </trkpt>
      <trkpt lat="-27.4510744232905" lon="152.88187821881">        <ele>266.995019592366</ele>        <time></time>      </trkpt>
      <trkpt lat="-27.4507894215027" lon="152.881485260653">        <ele>269.874729175581</ele>        <time></time>      </trkpt>
      <trkpt lat="-27.4505025383493" lon="152.881094670238">        <ele>269.4037644554</ele>        <time></time>      </trkpt>
      <trkpt lat="-27.4500896706734" lon="152.880923708827">        <ele>262.721307008758</ele>        <time></time>      </trkpt>
      <trkpt lat="-27.4496504853524" lon="152.881022625289">        <ele>250.630681091684</ele>        <time></time>      </trkpt>
      <trkpt lat="-27.4494244691408" lon="152.881394185145">        <ele>243.730380769591</ele>        <time></time>      </trkpt>
      <trkpt lat="-27.4491862586033" lon="152.881824500961">        <ele>235.938821264739</ele>        <time></time>      </trkpt>
      <trkpt lat="-27.4490499630314" lon="152.882304440042">        <ele>233.641230498917</ele>        <time></time>      </trkpt>
      <trkpt lat="-27.4488259404546" lon="152.882733819186">        <ele>237.75287516527</ele>        <time></time>      </trkpt>
      <trkpt lat="-27.4484973874576" lon="152.883074646153">        <ele>239.737010012166</ele>        <time></time>      </trkpt>
      <trkpt lat="-27.4480813336225" lon="152.883262825917">        <ele>237.351654826332</ele>        <time></time>      </trkpt>
      <trkpt lat="-27.4476535656351" lon="152.883425784702">        <ele>240.511112450007</ele>        <time></time>      </trkpt>
      <trkpt lat="-27.4474725027322" lon="152.883832607374">        <ele>243.976800492621</ele>        <time></time>      </trkpt>
      <trkpt lat="-27.4475029353525" lon="152.884337242566">        <ele>243.916799650691</ele>        <time></time>      </trkpt>
      <trkpt lat="-27.447516549326" lon="152.884841273806">        <ele>242.318455316253</ele>        <time></time>      </trkpt>
      <trkpt lat="-27.4474914766603" lon="152.885346911858">        <ele>234.945228342452</ele>        <time></time>      </trkpt>
      <trkpt lat="-27.4474738177422" lon="152.88585253557">        <ele>230.949933246434</ele>        <time></time>      </trkpt>
      <trkpt lat="-27.4473992539609" lon="152.886303688637">        <ele>223.716891759099</ele>        <time></time>      </trkpt>
      <trkpt lat="-27.4469605307991" lon="152.886342142367">        <ele>225.116357685853</ele>        <time></time>      </trkpt>
      <trkpt lat="-27.4465358828673" lon="152.886463625541">        <ele>221.869337338213</ele>        <time></time>      </trkpt>
      <trkpt lat="-27.4461737788782" lon="152.886766476361">        <ele>211.348446271935</ele>        <time></time>      </trkpt>
      <trkpt lat="-27.4458392193951" lon="152.887105101601">        <ele>205.720891779237</ele>        <time></time>      </trkpt>
      <trkpt lat="-27.4454310765537" lon="152.887291784783">        <ele>200.253953224782</ele>        <time></time>      </trkpt>
      <trkpt lat="-27.4449831774011" lon="152.887346894093">        <ele>192.593126246635</ele>        <time></time>      </trkpt>
      <trkpt lat="-27.4445759133867" lon="152.887524086661">        <ele>186.888570362661</ele>        <time></time>      </trkpt>
      <trkpt lat="-27.4443211161824" lon="152.887940167852">        <ele>181.644183952046</ele>        <time></time>      </trkpt>
      <trkpt lat="-27.4440528460617" lon="152.888345013161">        <ele>172.701607803339</ele>        <time></time>      </trkpt>
      <trkpt lat="-27.443777122945" lon="152.888743541849">        <ele>164.983262385719</ele>        <time></time>      </trkpt>
      <trkpt lat="-27.4435288926493" lon="152.889166660894">        <ele>158.04004554914</ele>        <time></time>      </trkpt>
      <trkpt lat="-27.443187958772" lon="152.889451545118">        <ele>151.398701102667</ele>        <time></time>      </trkpt>
      <trkpt lat="-27.4430911811085" lon="152.889946189519">        <ele>149.000098370564</ele>        <time></time>      </trkpt>
      <trkpt lat="-27.4429684871664" lon="152.890430858668">        <ele>141.587831061093</ele>        <time></time>      </trkpt>
      <trkpt lat="-27.4427737305924" lon="152.890887790485">        <ele>135.890518417771</ele>        <time></time>      </trkpt>
      <trkpt lat="-27.4425789725099" lon="152.891344720702">        <ele>132.296455926824</ele>        <time></time>      </trkpt>
      <trkpt lat="-27.4422647512758" lon="152.891649045686">        <ele>127.509707692701</ele>        <time></time>      </trkpt>
      <trkpt lat="-27.4418677851592" lon="152.891423012448">        <ele>121.420672414115</ele>        <time></time>      </trkpt>
      <trkpt lat="-27.4414858620703" lon="152.891152482907">        <ele>115.797296776817</ele>        <time></time>      </trkpt>
      <trkpt lat="-27.4411039384407" lon="152.890881955227">        <ele>113.714990762787</ele>        <time></time>      </trkpt>
      <trkpt lat="-27.4406785984369" lon="152.890770619946">        <ele>110.388903160456</ele>        <time></time>      </trkpt>
      <trkpt lat="-27.4402492538306" lon="152.890624283151">        <ele>113.316241083939</ele>        <time></time>      </trkpt>
      <trkpt lat="-27.4398647300588" lon="152.890364910009">        <ele>122.443931067783</ele>        <time></time>      </trkpt>
      <trkpt lat="-27.4394164706172" lon="152.890390352974">        <ele>140.063183272457</ele>        <time></time>      </trkpt>
      <trkpt lat="-27.4394738315296" lon="152.890717235735">        <ele>141.605953370106</ele>        <time></time>      </trkpt>
      <trkpt lat="-27.4395648760955" lon="152.891166776712">        <ele>146.559496819475</ele>        <time></time>      </trkpt>
      <trkpt lat="-27.4393055682265" lon="152.891575576212">        <ele>156.327549589575</ele>        <time></time>      </trkpt>
      <trkpt lat="-27.4389525795414" lon="152.891839363706">        <ele>167.711799571811</ele>        <time></time>      </trkpt>
      <trkpt lat="-27.4393532809499" lon="152.892012688423">        <ele>162.560299494841</ele>        <time></time>      </trkpt>
      <trkpt lat="-27.4397199379094" lon="152.892281339847">        <ele>161.010088041837</ele>        <time></time>      </trkpt>
      <trkpt lat="-27.4398012892874" lon="152.892758974993">        <ele>168.518827473976</ele>        <time></time>      </trkpt>
      <trkpt lat="-27.4400524815593" lon="152.893167370794">        <ele>165.433275774999</ele>        <time></time>      </trkpt>
      <trkpt lat="-27.4397186326771" lon="152.893001285046">        <ele>174.061108652884</ele>        <time></time>      </trkpt>
      <trkpt lat="-27.4393518246399" lon="152.892705649523">        <ele>179.358734752186</ele>        <time></time>      </trkpt>
      <trkpt lat="-27.4389127841223" lon="152.892729745293">        <ele>186.605338140099</ele>        <time></time>      </trkpt>
      <trkpt lat="-27.4384691132773" lon="152.892825364154">        <ele>195.616584084082</ele>        <time></time>      </trkpt>
      <trkpt lat="-27.438025362331" lon="152.892919798362">        <ele>203.082821925449</ele>        <time></time>      </trkpt>
      <trkpt lat="-27.437583197863" lon="152.892878573143">        <ele>206.738218920422</ele>        <time></time>      </trkpt>
      <trkpt lat="-27.4372238228379" lon="152.892571689462">        <ele>210.249445853823</ele>        <time></time>      </trkpt>
      <trkpt lat="-27.4368644471242" lon="152.892264807768">        <ele>212.628060373613</ele>        <time></time>      </trkpt>
      <trkpt lat="-27.4365459816374" lon="152.89190935985">        <ele>215.482674871995</ele>        <time></time>      </trkpt>
      <trkpt lat="-27.4362462844904" lon="152.891530665107">        <ele>226.119055719853</ele>        <time></time>      </trkpt>
      <trkpt lat="-27.4359447607936" lon="152.891153720929">        <ele>234.46652684857</ele>        <time></time>      </trkpt>
      <trkpt lat="-27.4356476033875" lon="152.890772295334">        <ele>236.681593357077</ele>        <time></time>      </trkpt>
      <trkpt lat="-27.4353399152822" lon="152.890401904888">        <ele>245.278760478188</ele>        <time></time>      </trkpt>
      <trkpt lat="-27.4349766067931" lon="152.890105624682">        <ele>259.000323060952</ele>        <time></time>      </trkpt>
      <trkpt lat="-27.4345368948152" lon="152.890062294346">        <ele>262.589887676081</ele>        <time></time>      </trkpt>
      <trkpt lat="-27.4340865976714" lon="152.890056659691">        <ele>273.452821061091</ele>        <time></time>      </trkpt>
      <trkpt lat="-27.4336362550663" lon="152.89002">        <ele>277.0673445277</ele>        <time></time>      </trkpt>
      <trkpt lat="-27.4332684682083" lon="152.890277240989">        <ele>276.618672113263</ele>        <time></time>      </trkpt>
      <trkpt lat="-27.4330637090082" lon="152.890696779336">        <ele>267.964411608396</ele>        <time></time>      </trkpt>
      <trkpt lat="-27.4330899046969" lon="152.890380667123">        <ele>277.738745977329</ele>        <time></time>      </trkpt>
      <trkpt lat="-27.433015094894" lon="152.890039811037">        <ele>286.568986344277</ele>        <time></time>      </trkpt>
      <trkpt lat="-27.4332110175427" lon="152.889588631908">        <ele>289.240539138197</ele>        <time></time>      </trkpt>
      <trkpt lat="-27.4330274213977" lon="152.889184271721">        <ele>290.070522207714</ele>        <time></time>      </trkpt>
      <trkpt lat="-27.4326555576376" lon="152.888896696909">        <ele>290.578305967504</ele>        <time></time>      </trkpt>
      <trkpt lat="-27.432291378681" lon="152.888597506326">        <ele>291.661097993116</ele>        <time></time>      </trkpt>
      <trkpt lat="-27.431937797748" lon="152.88828229612">        <ele>290.77732755513</ele>        <time></time>      </trkpt>
      <trkpt lat="-27.4315842160903" lon="152.88796708792">        <ele>289.574166639295</ele>        <time></time>      </trkpt>
      <trkpt lat="-27.4312306337078" lon="152.887651881728">        <ele>283.599363234669</ele>        <time></time>      </trkpt>
      <trkpt lat="-27.4309244534893" lon="152.887284599714">        <ele>281.708418244402</ele>        <time></time>      </trkpt>
      <trkpt lat="-27.4306818384187" lon="152.886857457608">        <ele>277.742658924886</ele>        <time></time>      </trkpt>
      <trkpt lat="-27.4304392220363" lon="152.886430317373">        <ele>279.024675815942</ele>        <time></time>      </trkpt>
      <trkpt lat="-27.4302800000162" lon="152.885975954693">        <ele>281.252321519401</ele>        <time></time>      </trkpt>
      <trkpt lat="-27.4302800006197" lon="152.885469614835">        <ele>285.422964831672</ele>        <time></time>      </trkpt>
      <trkpt lat="-27.4303012898012" lon="152.884966130609">        <ele>289.998899322007</ele>        <time></time>      </trkpt>
      <trkpt lat="-27.4302278884225" lon="152.884476905012">        <ele>294.916030842188</ele>        <time></time>      </trkpt>
      <trkpt lat="-27.4301379597219" lon="152.883981209133">        <ele>296.821625199702</ele>        <time></time>      </trkpt>
      <trkpt lat="-27.4300584222282" lon="152.883482778177">        <ele>290.879264312306</ele>        <time></time>      </trkpt>
      <trkpt lat="-27.4300546870036" lon="152.882977307259">        <ele>287.810511232066</ele>        <time></time>      </trkpt>
      <trkpt lat="-27.4300599273427" lon="152.88247100252">        <ele>285.005047045413</ele>        <time></time>      </trkpt>
      <trkpt lat="-27.4300651658425" lon="152.881964697741">        <ele>282.788241265289</ele>        <time></time>      </trkpt>
      <trkpt lat="-27.4300704025032" lon="152.881458392921">        <ele>288.927303574709</ele>        <time></time>      </trkpt>
      <trkpt lat="-27.4300756373247" lon="152.880952088061">        <ele>289.354693211713</ele>        <time></time>      </trkpt>
      <trkpt lat="-27.4300731256221" lon="152.880446130626">        <ele>293.728188094634</ele>        <time></time>      </trkpt>
      <trkpt lat="-27.4300317963481" lon="152.879941914873">        <ele>298.889765817392</ele>        <time></time>      </trkpt>
      <trkpt lat="-27.4300932789627" lon="152.879440888546">        <ele>306.862022049908</ele>        <time></time>      </trkpt>
      <trkpt lat="-27.4300845002317" lon="152.879037250109">        <ele>310.595408867323</ele>        <time></time>      </trkpt>
      <trkpt lat="-27.4299319825368" lon="152.878648425733">        <ele>316.566595360288</ele>        <time></time>      </trkpt>
      <trkpt lat="-27.4295259367897" lon="152.87845239272">        <ele>322.693729775677</ele>        <time></time>      </trkpt>
      <trkpt lat="-27.4294604370407" lon="152.877952281569">        <ele>319.003792248173</ele>        <time></time>      </trkpt>
      <trkpt lat="-27.429340000035" lon="152.877474358042">        <ele>321.295800545194</ele>        <time></time>      </trkpt>
      <trkpt lat="-27.4294993110712" lon="152.877007654462">        <ele>311.098284186063</ele>        <time></time>      </trkpt>
      <trkpt lat="-27.4295819407431" lon="152.876524032091">        <ele>302.529000517883</ele>        <time></time>      </trkpt>
      <trkpt lat="-27.4295801364558" lon="152.876018499968">        <ele>286.656103570364</ele>        <time></time>      </trkpt>
      <trkpt lat="-27.4296825867899" lon="152.875528645059">        <ele>276.549499855158</ele>        <time></time>      </trkpt>
      <trkpt lat="-27.4298020761683" lon="152.875046609315">        <ele>268.050504022525</ele>        <time></time>      </trkpt>
      <trkpt lat="-27.429396942529" lon="152.87517457679">        <ele>266.865986150825</ele>        <time></time>      </trkpt>
      <trkpt lat="-27.428966821766" lon="152.875252948067">        <ele>263.821653681221</ele>        <time></time>      </trkpt>
      <trkpt lat="-27.4287017946225" lon="152.874897220424">        <ele>260.424226892064</ele>        <time></time>      </trkpt>
      <trkpt lat="-27.4284218281957" lon="152.874551954135">        <ele>251.024388033036</ele>        <time></time>      </trkpt>
      <trkpt lat="-27.4279799757475" lon="152.874657614505">        <ele>257.936122182608</ele>        <time></time>      </trkpt>
      <trkpt lat="-27.4276812043641" lon="152.874344236254">        <ele>253.924320375772</ele>        <time></time>      </trkpt>
      <trkpt lat="-27.4277260485179" lon="152.873842867029">        <ele>237.047674963038</ele>        <time></time>      </trkpt>
      <trkpt lat="-27.427902256305" lon="152.87339774403">        <ele>228.147485223921</ele>        <time></time>      </trkpt>
      <trkpt lat="-27.4282553964735" lon="152.87308728105">        <ele>222.298235755896</ele>        <time></time>      </trkpt>
      <trkpt lat="-27.4286240376301" lon="152.872812347538">        <ele>212.425250337894</ele>        <time></time>      </trkpt>
      <trkpt lat="-27.4288765939327" lon="152.872393886506">        <ele>207.592956063587</ele>        <time></time>      </trkpt>
      <trkpt lat="-27.4291826930531" lon="152.872023136327">        <ele>200.284121752267</ele>        <time></time>      </trkpt>
      <trkpt lat="-27.429587434594" lon="152.871808009514">        <ele>192.453927725407</ele>        <time></time>      </trkpt>
      <trkpt lat="-27.4299898950585" lon="152.87157893172">        <ele>180.255325658038</ele>        <time></time>      </trkpt>
      <trkpt lat="-27.4304102116394" lon="152.871450049382">        <ele>176.270011549248</ele>        <time></time>      </trkpt>
      <trkpt lat="-27.4308525258503" lon="152.871553255882">        <ele>174.55534754509</ele>        <time></time>      </trkpt>
      <trkpt lat="-27.4313005234789" lon="152.871607607477">        <ele>171.592571039062</ele>        <time></time>      </trkpt>
      <trkpt lat="-27.4317270751395" lon="152.871769029488">        <ele>170.295968224194</ele>        <time></time>      </trkpt>
      <trkpt lat="-27.432151268693" lon="152.871943310406">        <ele>166.592456789876</ele>        <time></time>      </trkpt>
      <trkpt lat="-27.4325754620074" lon="152.872117592651">        <ele>161.929774225048</ele>        <time></time>      </trkpt>
      <trkpt lat="-27.4330219370181" lon="152.872115542555">        <ele>157.19369415392</ele>        <time></time>      </trkpt>
      <trkpt lat="-27.4334733646867" lon="152.872136061962">        <ele>153.640295393289</ele>        <time></time>      </trkpt>
      <trkpt lat="-27.4339245253576" lon="152.872161846292">        <ele>151.575035956695</ele>        <time></time>      </trkpt>
      <trkpt lat="-27.4343751206228" lon="152.872198780372">        <ele>151.19197546715</ele>        <time></time>      </trkpt>
      <trkpt lat="-27.4348166833045" lon="152.872274884465">        <ele>149.101130850616</ele>        <time></time>      </trkpt>
      <trkpt lat="-27.4351809312438" lon="152.871991385059">        <ele>156.729141610818</ele>        <time></time>      </trkpt>
      <trkpt lat="-27.4355248875811" lon="152.871663062182">        <ele>162.664545218456</ele>        <time></time>      </trkpt>
      <trkpt lat="-27.4357098468245" lon="152.871229787259">        <ele>168.199221387345</ele>        <time></time>      </trkpt>
      <trkpt lat="-27.4357278686004" lon="152.87072407455">        <ele>172.373170063301</ele>        <time></time>      </trkpt>
      <trkpt lat="-27.4357166199121" lon="152.870217867055">        <ele>175.633469937511</ele>        <time></time>      </trkpt>
      <trkpt lat="-27.4357133611292" lon="152.86971162908">        <ele>178.722327733459</ele>        <time></time>      </trkpt>
      <trkpt lat="-27.4357272553938" lon="152.869205681782">        <ele>184.517500455559</ele>        <time></time>      </trkpt>
      <trkpt lat="-27.4358286271868" lon="152.868761523483">        <ele>190.944725305626</ele>        <time></time>      </trkpt>
      <trkpt lat="-27.4362742176346" lon="152.868732105841">        <ele>185.298558334235</ele>        <time></time>      </trkpt>
      <trkpt lat="-27.4367203512516" lon="152.86872081157">        <ele>174.856289186043</ele>        <time></time>      </trkpt>
      <trkpt lat="-27.4371401922861" lon="152.868880000001">        <ele>165.687270748194</ele>        <time></time>      </trkpt>
      <trkpt lat="-27.4375866264983" lon="152.868823209648">        <ele>160.579465187933</ele>        <time></time>      </trkpt>
      <trkpt lat="-27.4379665325465" lon="152.868558771907">        <ele>157.237200068146</ele>        <time></time>      </trkpt>
      <trkpt lat="-27.4381572133257" lon="152.868108973547">        <ele>153.479031372683</ele>        <time></time>      </trkpt>
      <trkpt lat="-27.4382956091626" lon="152.867629924129">        <ele>153.316192247437</ele>        <time></time>      </trkpt>
      <trkpt lat="-27.4384827664941" lon="152.867176808279">        <ele>165.637126102231</ele>        <time></time>      </trkpt>
      <trkpt lat="-27.4385900001081" lon="152.866702818663">        <ele>172.97119526531</ele>        <time></time>      </trkpt>
      <trkpt lat="-27.4385260950615" lon="152.86620301378">        <ele>182.851751092709</ele>        <time></time>      </trkpt>
      <trkpt lat="-27.4384438693772" lon="152.865705093683">        <ele>191.598447999281</ele>        <time></time>      </trkpt>
      <trkpt lat="-27.4384357736686" lon="152.865203604851">        <ele>198.833650456491</ele>        <time></time>      </trkpt>
      <trkpt lat="-27.4386470644506" lon="152.86477889042">        <ele>197.48515589322</ele>        <time></time>      </trkpt>
      <trkpt lat="-27.4389613831938" lon="152.864419501538">        <ele>201.040316533392</ele>        <time></time>      </trkpt>
      <trkpt lat="-27.4393271771701" lon="152.864122293562">        <ele>213.221463461577</ele>        <time></time>      </trkpt>
      <trkpt lat="-27.4397645977334" lon="152.863996668567">        <ele>227.89495031423</ele>        <time></time>      </trkpt>
      <trkpt lat="-27.44020675874" lon="152.863910000001">        <ele>232.940519908057</ele>        <time></time>      </trkpt>
      <trkpt lat="-27.440658556946" lon="152.86391">        <ele>239.70375404287</ele>        <time></time>      </trkpt>
      <trkpt lat="-27.4410911278609" lon="152.864052567415">        <ele>250.18209018572</ele>        <time></time>      </trkpt>
      <trkpt lat="-27.4415227405706" lon="152.864202239584">        <ele>257.713421115392</ele>        <time></time>      </trkpt>
      <trkpt lat="-27.4419559597244" lon="152.864340000001">        <ele>266.467228555951</ele>        <time></time>      </trkpt>
      <trkpt lat="-27.4424077578234" lon="152.864340000004">        <ele>267.665447759531</ele>        <time></time>      </trkpt>
      <trkpt lat="-27.4428539415782" lon="152.864303056968">        <ele>266.409371441578</ele>        <time></time>      </trkpt>
      <trkpt lat="-27.4432802609776" lon="152.86413540372">        <ele>266.443941367267</ele>        <time></time>      </trkpt>
      <trkpt lat="-27.4436923455001" lon="152.863958890611">        <ele>268.089249705842</ele>        <time></time>      </trkpt>
      <trkpt lat="-27.4439660967961" lon="152.863614024945">        <ele>260.433931565164</ele>        <time></time>      </trkpt>
      <trkpt lat="-27.4443874985303" lon="152.863431417466">        <ele>254.849329150655</ele>        <time></time>      </trkpt>
      <trkpt lat="-27.4447624948699" lon="152.863153351324">        <ele>252.389921190123</ele>        <time></time>      </trkpt>
      <trkpt lat="-27.4451303642214" lon="152.8628604624">        <ele>256.376628428067</ele>        <time></time>      </trkpt>
      <trkpt lat="-27.4455472336045" lon="152.862665220421">        <ele>259.388932826956</ele>        <time></time>      </trkpt>
      <trkpt lat="-27.4459478948458" lon="152.862443590835">        <ele>261.826554289252</ele>        <time></time>      </trkpt>
      <trkpt lat="-27.4462593613318" lon="152.86207675275">        <ele>266.072867334275</ele>        <time></time>      </trkpt>
      <trkpt lat="-27.4466530873804" lon="152.861853816838">        <ele>267.490228551619</ele>        <time></time>      </trkpt>
      <trkpt lat="-27.4470601422829" lon="152.861646802705">        <ele>269.822171633069</ele>        <time></time>      </trkpt>
      <trkpt lat="-27.447193077302" lon="152.861174546645">        <ele>270</ele>        <time></time>      </trkpt>
      <trkpt lat="-27.4472641666172" lon="152.860674445285">        <ele>271.703232313518</ele>        <time></time>      </trkpt>
      <trkpt lat="-27.4473453900738" lon="152.860176279093">        <ele>275.560359343731</ele>        <time></time>      </trkpt>
      <trkpt lat="-27.4474139800248" lon="152.859676520873">        <ele>284.579688644562</ele>        <time></time>      </trkpt>
      <trkpt lat="-27.4473226870713" lon="152.859189604992">        <ele>284.122583612913</ele>        <time></time>      </trkpt>
      <trkpt lat="-27.4470881128425" lon="152.858756795148">        <ele>282.873442473697</ele>        <time></time>      </trkpt>
      <trkpt lat="-27.4468535372683" lon="152.858323987139">        <ele>281.54277347622</ele>        <time></time>      </trkpt>
      <trkpt lat="-27.4466302411055" lon="152.857885915702">        <ele>279.129098088887</ele>        <time></time>      </trkpt>
      <trkpt lat="-27.4465214352505" lon="152.857394406857">        <ele>274.225056211475</ele>        <time></time>      </trkpt>
      <trkpt lat="-27.4464126276636" lon="152.856902898984">        <ele>271.075933076012</ele>        <time></time>      </trkpt>
      <trkpt lat="-27.4463584096902" lon="152.85640636131">        <ele>279.24624763616</ele>        <time></time>      </trkpt>
      <trkpt lat="-27.446612479611" lon="152.85600711788">        <ele>286.233712614278</ele>        <time></time>      </trkpt>
      <trkpt lat="-27.446974021096" lon="152.85570342354">        <ele>292.054877581705</ele>        <time></time>      </trkpt>
      <trkpt lat="-27.4472619298618" lon="152.855348420976">        <ele>298.121263965336</ele>        <time></time>      </trkpt>
      <trkpt lat="-27.4469732914124" lon="152.854986336418">        <ele>308.921966338148</ele>        <time></time>      </trkpt>
      <trkpt lat="-27.4467844669801" lon="152.854533822556">        <ele>313.975710272478</ele>        <time></time>      </trkpt>
      <trkpt lat="-27.4466227049517" lon="152.854060980507">        <ele>318.539150806472</ele>        <time></time>      </trkpt>
      <trkpt lat="-27.4464519586127" lon="152.853592294696">        <ele>321.804277938162</ele>        <time></time>      </trkpt>
      <trkpt lat="-27.4463800000588" lon="152.853102928409">        <ele>327.837418833404</ele>        <time></time>      </trkpt>
      <trkpt lat="-27.4464672928593" lon="152.852616442751">        <ele>340.79318235854</ele>        <time></time>      </trkpt>
      <trkpt lat="-27.4466774337463" lon="152.852168141681">        <ele>349.196596235114</ele>        <time></time>      </trkpt>
      <trkpt lat="-27.4470564156247" lon="152.851908501836">        <ele>350.791692198233</ele>        <time></time>      </trkpt>
      <trkpt lat="-27.4474557097722" lon="152.851671557558">        <ele>349.686614775555</ele>        <time></time>      </trkpt>
      <trkpt lat="-27.4477392265979" lon="152.851305138029">        <ele>344.023725617584</ele>        <time></time>      </trkpt>
      <trkpt lat="-27.4479293328126" lon="152.850852668959">        <ele>338.073194963544</ele>        <time></time>      </trkpt>
      <trkpt lat="-27.4479713473507" lon="152.85035538917">        <ele>331.702339061933</ele>        <time></time>      </trkpt>
      <trkpt lat="-27.4478320945394" lon="152.849878048262">        <ele>328.499484180358</ele>        <time></time>      </trkpt>
      <trkpt lat="-27.4477113531838" lon="152.849390048535">        <ele>324.326718898472</ele>        <time></time>      </trkpt>
      <trkpt lat="-27.447598191823" lon="152.848900669588">        <ele>316.824135848038</ele>        <time></time>      </trkpt>
      <trkpt lat="-27.4475749396028" lon="152.848394922467">        <ele>314.876692346568</ele>        <time></time>      </trkpt>
      <trkpt lat="-27.4475703254919" lon="152.847889305829">        <ele>315.513736946205</ele>        <time></time>      </trkpt>
      <trkpt lat="-27.4475109973057" lon="152.847392236878">        <ele>311.202961924891</ele>        <time></time>      </trkpt>
      <trkpt lat="-27.4473537052273" lon="152.846917993982">        <ele>310.408347017541</ele>        <time></time>      </trkpt>
      <trkpt lat="-27.4472400000585" lon="152.846435469425">        <ele>309.125226625133</ele>        <time></time>      </trkpt>
      <trkpt lat="-27.447333798498" lon="152.845943082995">        <ele>308.573576150425</ele>        <time></time>      </trkpt>
      <trkpt lat="-27.4474117392926" lon="152.845446955845">        <ele>302.816819509602</ele>        <time></time>      </trkpt>
      <trkpt lat="-27.4474110501912" lon="152.844940955452">        <ele>301.680547025698</ele>        <time></time>      </trkpt>
      <trkpt lat="-27.4474313720891" lon="152.844435171844">        <ele>300.980986393904</ele>        <time></time>      </trkpt>
      <trkpt lat="-27.447439472217" lon="152.843929985747">        <ele>310.035578592558</ele>        <time></time>      </trkpt>
      <trkpt lat="-27.4472016243267" lon="152.843512330547">        <ele>312.653232147407</ele>        <time></time>      </trkpt>
      <trkpt lat="-27.4471300005027" lon="152.843028384508">        <ele>319.383363746779</ele>        <time></time>      </trkpt>
      <trkpt lat="-27.4471100579633" lon="152.842524306277">        <ele>322.72910259454</ele>        <time></time>      </trkpt>
      <trkpt lat="-27.4470034563673" lon="152.842033640473">        <ele>323.992995325429</ele>        <time></time>      </trkpt>
      <trkpt lat="-27.4468186185173" lon="152.841571545817">        <ele>325.9967890831</ele>        <time></time>      </trkpt>
      <trkpt lat="-27.4467823587605" lon="152.841072079223">        <ele>324.783572252179</ele>        <time></time>      </trkpt>
      <trkpt lat="-27.4467404601781" lon="152.840568324407">        <ele>326.203126739121</ele>        <time></time>      </trkpt>
      <trkpt lat="-27.4467335574019" lon="152.84006413746">        <ele>325.218432184857</ele>        <time></time>      </trkpt>
      <trkpt lat="-27.4468100000463" lon="152.839565246854">        <ele>328.285845133573</ele>        <time></time>      </trkpt>
      <trkpt lat="-27.4468100006898" lon="152.839058832325">        <ele>332.717481850219</ele>        <time></time>      </trkpt>
      <trkpt lat="-27.4467729999513" lon="152.838558817491">        <ele>338.823480577597</ele>        <time></time>      </trkpt>
      <trkpt lat="-27.4465269772907" lon="152.838175348892">        <ele>340.906679665941</ele>        <time></time>      </trkpt>
      <trkpt lat="-27.4460883122425" lon="152.838054138571">        <ele>344.153476234864</ele>        <time></time>      </trkpt>
      <trkpt lat="-27.4456831556667" lon="152.837864104596">        <ele>347.439316547805</ele>        <time></time>      </trkpt>
      <trkpt lat="-27.4454354440754" lon="152.83744059761">        <ele>347.819682919131</ele>        <time></time>      </trkpt>
      <trkpt lat="-27.4453006375332" lon="152.836963372245">        <ele>346.934760581095</ele>        <time></time>      </trkpt>
      <trkpt lat="-27.4449958928565" lon="152.836608353974">        <ele>354.498006738698</ele>        <time></time>      </trkpt>
      <trkpt lat="-27.4446501201111" lon="152.836286954539">        <ele>354.344550042377</ele>        <time></time>      </trkpt>
      <trkpt lat="-27.4445328465822" lon="152.835810290335">        <ele>352.969412333556</ele>        <time></time>      </trkpt>
      <trkpt lat="-27.4443061337258" lon="152.835379259073">        <ele>358.851028254329</ele>        <time></time>      </trkpt>
      <trkpt lat="-27.4441133159481" lon="152.834922436894">        <ele>355.320486836439</ele>        <time></time>      </trkpt>
      <trkpt lat="-27.4439307545495" lon="152.834459218814">        <ele>350.844272324466</ele>        <time></time>      </trkpt>
      <trkpt lat="-27.443748191613" lon="152.833996002267">        <ele>348.750482272733</ele>        <time></time>      </trkpt>
      <trkpt lat="-27.4435818260553" lon="152.833526857939">        <ele>344.225742383826</ele>        <time></time>      </trkpt>
      <trkpt lat="-27.443511343327" lon="152.833028206585">        <ele>339.24234988274</ele>        <time></time>      </trkpt>
      <trkpt lat="-27.443492955123" lon="152.83252226278">        <ele>340.767595799255</ele>        <time></time>      </trkpt>
      <trkpt lat="-27.4434796348" lon="152.832016083708">        <ele>345.770793899148</ele>        <time></time>      </trkpt>
      <trkpt lat="-27.4434160354275" lon="152.831523567641">        <ele>344.587152483655</ele>        <time></time>      </trkpt>
      <trkpt lat="-27.443221054764" lon="152.831066755183">        <ele>349.592433614821</ele>        <time></time>      </trkpt>
      <trkpt lat="-27.4430976872286" lon="152.830587342547">        <ele>356.172787162425</ele>        <time></time>      </trkpt>
      <trkpt lat="-27.4430513671152" lon="152.830083613702">        <ele>357.573092766265</ele>        <time></time>      </trkpt>
      <trkpt lat="-27.443094467115" lon="152.829582779541">        <ele>360.696548867054</ele>        <time></time>      </trkpt>
      <trkpt lat="-27.4431666454087" lon="152.829082886084">        <ele>359.389872276829</ele>        <time></time>      </trkpt>
      <trkpt lat="-27.4432388219054" lon="152.828582991986">        <ele>360.975252412059</ele>        <time></time>      </trkpt>
      <trkpt lat="-27.443312334451" lon="152.828083515456">        <ele>368.062015995068</ele>        <time></time>      </trkpt>
      <trkpt lat="-27.4434813938364" lon="152.827613906161">        <ele>370.523537332305</ele>        <time></time>      </trkpt>
      <trkpt lat="-27.4432258668177" lon="152.827244339529">        <ele>369.697374628218</ele>        <time></time>      </trkpt>
      <trkpt lat="-27.4432335201846" lon="152.8267519908">        <ele>371</ele>        <time></time>      </trkpt>
      <trkpt lat="-27.4432610165776" lon="152.82625932033">        <ele>364.762938249178</ele>        <time></time>      </trkpt>
      <trkpt lat="-27.4428956193092" lon="152.826030576791">        <ele>361.184513361712</ele>        <time></time>      </trkpt>
      <trkpt lat="-27.4424486754541" lon="152.82596295516">        <ele>359.887334527833</ele>        <time></time>      </trkpt>
      <trkpt lat="-27.4419984698976" lon="152.826005427389">        <ele>354.55684229092</ele>        <time></time>      </trkpt>
      <trkpt lat="-27.4415486307626" lon="152.825967501912">        <ele>353.756742440389</ele>        <time></time>      </trkpt>
      <trkpt lat="-27.4410988308173" lon="152.825919975642">        <ele>355.908915068864</ele>        <time></time>      </trkpt>
      <trkpt lat="-27.4406471113083" lon="152.825910564817">        <ele>356.817139574947</ele>        <time></time>      </trkpt>
      <trkpt lat="-27.440217613803" lon="152.825757799898">        <ele>351.085646436339</ele>        <time></time>      </trkpt>
      <trkpt lat="-27.4397895349752" lon="152.825595882997">        <ele>349.514734925181</ele>        <time></time>      </trkpt>
      <trkpt lat="-27.4393614559388" lon="152.825433967338">        <ele>346.834564390102</ele>        <time></time>      </trkpt>
      <trkpt lat="-27.4389333766938" lon="152.825272052919">        <ele>351.613735901291</ele>        <time></time>      </trkpt>
      <trkpt lat="-27.4385047824051" lon="152.825248126462">        <ele>351.504923454962</ele>        <time></time>      </trkpt>
      <trkpt lat="-27.4380755095246" lon="152.825406020043">        <ele>350.913019265756</ele>        <time></time>      </trkpt>
      <trkpt lat="-27.4376944728515" lon="152.825649063562">        <ele>351.014105577406</ele>        <time></time>      </trkpt>
      <trkpt lat="-27.4372710726526" lon="152.825802064026">        <ele>354.913352078231</ele>        <time></time>      </trkpt>
      <trkpt lat="-27.4368495047724" lon="152.825977597729">        <ele>361.855368522236</ele>        <time></time>      </trkpt>
      <trkpt lat="-27.4364226731254" lon="152.826112332944">        <ele>365.18581176002</ele>        <time></time>      </trkpt>
      <trkpt lat="-27.4359725586773" lon="152.826084916929">        <ele>363.471248067701</ele>        <time></time>      </trkpt>
      <trkpt lat="-27.4355220885855" lon="152.826072106206">        <ele>361.074196903235</ele>        <time></time>      </trkpt>
      <trkpt lat="-27.4350791809087" lon="152.826161744797">        <ele>367.265910767107</ele>        <time></time>      </trkpt>
      <trkpt lat="-27.4346401044507" lon="152.826281058915">        <ele>375.630379836772</ele>        <time></time>      </trkpt>
      <trkpt lat="-27.4342468508506" lon="152.826509239532">        <ele>371.275923851837</ele>        <time></time>      </trkpt>
      <trkpt lat="-27.433899143945" lon="152.826831098915">        <ele>370.487618580912</ele>        <time></time>      </trkpt>
      <trkpt lat="-27.4335745019268" lon="152.82718325308">        <ele>372.479940134226</ele>        <time></time>      </trkpt>
      <trkpt lat="-27.4332074634573" lon="152.827469381989">        <ele>379.059811905467</ele>        <time></time>      </trkpt>
      <trkpt lat="-27.4328711974714" lon="152.827787229533">        <ele>389.640935529087</ele>        <time></time>      </trkpt>
      <trkpt lat="-27.4325747806497" lon="152.828161837425">        <ele>394.449871885993</ele>        <time></time>      </trkpt>
      <trkpt lat="-27.4321703536381" lon="152.828265227306">        <ele>398.397403330586</ele>        <time></time>      </trkpt>
      <trkpt lat="-27.4319222863849" lon="152.828502497218">        <ele>398.021464614176</ele>        <time></time>      </trkpt>
      <trkpt lat="-27.4316691821526" lon="152.82892192726">        <ele>397.890808667202</ele>        <time></time>      </trkpt>
      <trkpt lat="-27.4314967822144" lon="152.829386611632">        <ele>396.761668263522</ele>        <time></time>      </trkpt>
      <trkpt lat="-27.4314036391133" lon="152.829874668246">        <ele>400.920522193401</ele>        <time></time>      </trkpt>
      <trkpt lat="-27.4314801399959" lon="152.830364914284">        <ele>405.693321714242</ele>        <time></time>      </trkpt>
      <trkpt lat="-27.4317437189552" lon="152.830771534215">        <ele>405.183874135624</ele>        <time></time>      </trkpt>
      <trkpt lat="-27.4321232787598" lon="152.831045224363">        <ele>400.913964643873</ele>        <time></time>      </trkpt>
      <trkpt lat="-27.4324589057684" lon="152.831384000994">        <ele>395.653551530278</ele>        <time></time>      </trkpt>
      <trkpt lat="-27.4327937080779" lon="152.831723992749">        <ele>390.066908736086</ele>        <time></time>      </trkpt>
      <trkpt lat="-27.4331285095513" lon="152.832063986555">        <ele>387.648121662989</ele>        <time></time>      </trkpt>
      <trkpt lat="-27.4334272223" lon="152.832425000451">        <ele>390.977953746739</ele>        <time></time>      </trkpt>
      <trkpt lat="-27.4334264172897" lon="152.8329297845">        <ele>391.203344018976</ele>        <time></time>      </trkpt>
      <trkpt lat="-27.4334296745208" lon="152.833435677953">        <ele>387.495956166504</ele>        <time></time>      </trkpt>
      <trkpt lat="-27.4333288815662" lon="152.833927521018">        <ele>379.824290455745</ele>        <time></time>      </trkpt>
      <trkpt lat="-27.4331499716916" lon="152.834391724837">        <ele>376.556102506568</ele>        <time></time>      </trkpt>
      <trkpt lat="-27.4329318810476" lon="152.83483517562">        <ele>371.980092278685</ele>        <time></time>      </trkpt>
      <trkpt lat="-27.4325781854015" lon="152.835138381761">        <ele>370.847071605874</ele>        <time></time>      </trkpt>
      <trkpt lat="-27.4321811386495" lon="152.835372708611">        <ele>369.087631372224</ele>        <time></time>      </trkpt>
      <trkpt lat="-27.431756415806" lon="152.835545360926">        <ele>370.559561271489</ele>        <time></time>      </trkpt>
      <trkpt lat="-27.431331692717" lon="152.835718011912">        <ele>372.873228717188</ele>        <time></time>      </trkpt>
      <trkpt lat="-27.4310092010011" lon="152.836027990075">        <ele>370.311810067142</ele>        <time></time>      </trkpt>
      <trkpt lat="-27.4310159733037" lon="152.836528644782">        <ele>366.398913477721</ele>        <time></time>      </trkpt>
      <trkpt lat="-27.431250883057" lon="152.836953593924">        <ele>362.59748907483</ele>        <time></time>      </trkpt>
      <trkpt lat="-27.4315149837752" lon="152.837364418471">        <ele>359.335241123296</ele>        <time></time>      </trkpt>
      <trkpt lat="-27.4316183087731" lon="152.837847192316">        <ele>353.443389530575</ele>        <time></time>      </trkpt>
      <trkpt lat="-27.431679327421" lon="152.838348898377">        <ele>346.822848785878</ele>        <time></time>      </trkpt>
      <trkpt lat="-27.4317403442648" lon="152.838850604999">        <ele>342.596408892094</ele>        <time></time>      </trkpt>
      <trkpt lat="-27.4316417531061" lon="152.839299825658">        <ele>336.278100376266</ele>        <time></time>      </trkpt>
      <trkpt lat="-27.4312171057106" lon="152.839458231843">        <ele>332.071072832516</ele>        <time></time>      </trkpt>
      <trkpt lat="-27.430900380233" lon="152.839756105029">        <ele>324.934447938031</ele>        <time></time>      </trkpt>
      <trkpt lat="-27.4307307497678" lon="152.840219564756">        <ele>320.127498113196</ele>        <time></time>      </trkpt>
      <trkpt lat="-27.4308606263055" lon="152.840681293232">        <ele>321.064409470296</ele>        <time></time>      </trkpt>
      <trkpt lat="-27.4310886051174" lon="152.841117732934">        <ele>315.387819932191</ele>        <time></time>      </trkpt>
      <trkpt lat="-27.4312951970801" lon="152.841560788263">        <ele>304.303520573806</ele>        <time></time>      </trkpt>
      <trkpt lat="-27.4311326160453" lon="152.841984156114">        <ele>307.975039704215</ele>        <time></time>      </trkpt>
      <trkpt lat="-27.4313688765357" lon="152.842414232448">        <ele>299.956869568117</ele>        <time></time>      </trkpt>
      <trkpt lat="-27.4312077052494" lon="152.842664560883">        <ele>299.208402687744</ele>        <time></time>      </trkpt>
      <trkpt lat="-27.4307561376778" lon="152.842651624547">        <ele>301.137557362325</ele>        <time></time>      </trkpt>
      <trkpt lat="-27.4303045856832" lon="152.842668348783">        <ele>290.406829599777</ele>        <time></time>      </trkpt>
      <trkpt lat="-27.4298530336568" lon="152.842685072873">        <ele>288.170642865603</ele>        <time></time>      </trkpt>
      <trkpt lat="-27.4294094687761" lon="152.842609690001">        <ele>275.764977454012</ele>        <time></time>      </trkpt>
      <trkpt lat="-27.4289651335974" lon="152.842527046892">        <ele>264.081163303316</ele>        <time></time>      </trkpt>
      <trkpt lat="-27.4285154165325" lon="152.84251658506">        <ele>256.757820348432</ele>        <time></time>      </trkpt>
      <trkpt lat="-27.4280724385486" lon="152.842589463126">        <ele>248.241563828371</ele>        <time></time>      </trkpt>
      <trkpt lat="-27.4280153274405" lon="152.84214246031">        <ele>245.481141485347</ele>        <time></time>      </trkpt>
      <trkpt lat="-27.428086754957" lon="152.841651707089">        <ele>237.193352090037</ele>        <time></time>      </trkpt>
      <trkpt lat="-27.4277931095808" lon="152.841314621906">        <ele>230.640416061401</ele>        <time></time>      </trkpt>
      <trkpt lat="-27.4273457735995" lon="152.841345718237">        <ele>226.428306633216</ele>        <time></time>      </trkpt>
      <trkpt lat="-27.4270162941734" lon="152.841034171884">        <ele>233.302751176535</ele>        <time></time>      </trkpt>
      <trkpt lat="-27.4266996891088" lon="152.840685202616">        <ele>242.473609948082</ele>        <time></time>      </trkpt>
      <trkpt lat="-27.4262626895496" lon="152.840556673367">        <ele>256.117027999631</ele>        <time></time>      </trkpt>
      <trkpt lat="-27.4258426359342" lon="152.840687885436">        <ele>267.957769765112</ele>        <time></time>      </trkpt>
      <trkpt lat="-27.4256326127629" lon="152.841134221299">        <ele>269.059814024353</ele>        <time></time>      </trkpt>
      <trkpt lat="-27.4252301180413" lon="152.841364218455">        <ele>277.393679665468</ele>        <time></time>      </trkpt>
      <trkpt lat="-27.4247883169261" lon="152.841422917278">        <ele>284.416376375227</ele>        <time></time>      </trkpt>
      <trkpt lat="-27.4243468351347" lon="152.841350181726">        <ele>288.936210068223</ele>        <time></time>      </trkpt>
      <trkpt lat="-27.4239132527753" lon="152.841207860278">        <ele>296.44850560789</ele>        <time></time>      </trkpt>
      <trkpt lat="-27.4234796702485" lon="152.841065539933">        <ele>303.119903333785</ele>        <time></time>      </trkpt>
      <trkpt lat="-27.4231012793188" lon="152.84081426987">        <ele>306.657654448032</ele>        <time></time>      </trkpt>
      <trkpt lat="-27.42277" lon="152.84047">        <ele>311.105649173317</ele>        <time></time>      </trkpt>
      <trkpt lat="-27.42277" lon="152.84047">        <ele>311.165846966786</ele>        <time></time>      </trkpt>
      <trkpt lat="-27.4225941416294" lon="152.840003297594">        <ele>320.079018284143</ele>        <time></time>      </trkpt>
      <trkpt lat="-27.4222776249827" lon="152.83973531238">        <ele>324.990197752581</ele>        <time></time>      </trkpt>
      <trkpt lat="-27.4218451603708" lon="152.839603190709">        <ele>330.706213626601</ele>        <time></time>      </trkpt>
      <trkpt lat="-27.4214365359253" lon="152.83938649601">        <ele>335.986416112199</ele>        <time></time>      </trkpt>
      <trkpt lat="-27.4210889603599" lon="152.839070572768">        <ele>341.58653597597</ele>        <time></time>      </trkpt>
      <trkpt lat="-27.4207629138623" lon="152.838719656596">        <ele>347.655298033559</ele>        <time></time>      </trkpt>
      <trkpt lat="-27.4204368664751" lon="152.838368742485">        <ele>355.519992605111</ele>        <time></time>      </trkpt>
      <trkpt lat="-27.4201247986707" lon="152.838006068504">        <ele>364.300685612746</ele>        <time></time>      </trkpt>
      <trkpt lat="-27.4199150867342" lon="152.83755728222">        <ele>372.471985191058</ele>        <time></time>      </trkpt>
      <trkpt lat="-27.4197053733541" lon="152.837108497637">        <ele>377.602193807722</ele>        <time></time>      </trkpt>
      <trkpt lat="-27.4194367634184" lon="152.836703813322">        <ele>383.633647932998</ele>        <time></time>      </trkpt>
      <trkpt lat="-27.4190848323013" lon="152.83642364459">        <ele>386.823117784447</ele>        <time></time>      </trkpt>
      <trkpt lat="-27.4186486649832" lon="152.836500334697">        <ele>388.737693568526</ele>        <time></time>      </trkpt>
      <trkpt lat="-27.4184136900546" lon="152.836917699834">        <ele>383.903154466831</ele>        <time></time>      </trkpt>
      <trkpt lat="-27.4184858738936" lon="152.837010558508">        <ele>382.221171552667</ele>        <time></time>      </trkpt>
      <trkpt lat="-27.4184912584294" lon="152.837514567225">        <ele>373.927545086848</ele>        <time></time>      </trkpt>
      <trkpt lat="-27.4184397105753" lon="152.838017524099">        <ele>366.414905057592</ele>        <time></time>      </trkpt>
      <trkpt lat="-27.4183600493755" lon="152.83851204096">        <ele>361.180328028044</ele>        <time></time>      </trkpt>
      <trkpt lat="-27.4181449489922" lon="152.838957606094">        <ele>362.703239186051</ele>        <time></time>      </trkpt>
      <trkpt lat="-27.4179775154378" lon="152.83942745381">        <ele>363.28796958076</ele>        <time></time>      </trkpt>
      <trkpt lat="-27.4179497069078" lon="152.839931980241">        <ele>363.435321490615</ele>        <time></time>      </trkpt>
      <trkpt lat="-27.417923961852" lon="152.840437437035">        <ele>365.471135682816</ele>        <time></time>      </trkpt>
      <trkpt lat="-27.4178435576084" lon="152.840935943896">        <ele>368.972123130452</ele>        <time></time>      </trkpt>
      <trkpt lat="-27.4177042527408" lon="152.841416893246">        <ele>368.993158735168</ele>        <time></time>      </trkpt>
      <trkpt lat="-27.4175530007413" lon="152.841894280597">        <ele>365.994156290114</ele>        <time></time>      </trkpt>
      <trkpt lat="-27.4175102758102" lon="152.84239183969">        <ele>367.774114660619</ele>        <time></time>      </trkpt>
      <trkpt lat="-27.417538141013" lon="152.842897180177">        <ele>370.573986431708</ele>        <time></time>      </trkpt>
      <trkpt lat="-27.4176350654525" lon="152.84338270055">        <ele>375.543085796596</ele>        <time></time>      </trkpt>
      <trkpt lat="-27.4178744087861" lon="152.843808563796">        <ele>376.76744350183</ele>        <time></time>      </trkpt>
      <trkpt lat="-27.4181383200007" lon="152.844219863421">        <ele>379.706001290099</ele>        <time></time>      </trkpt>
      <trkpt lat="-27.4184022300002" lon="152.844631165003">        <ele>376.575691132301</ele>        <time></time>      </trkpt>
      <trkpt lat="-27.4186661387846" lon="152.845042468545">        <ele>372.768025066193</ele>        <time></time>      </trkpt>
      <trkpt lat="-27.4189300463538" lon="152.845453774044">        <ele>369.95485113841</ele>        <time></time>      </trkpt>
      <trkpt lat="-27.4191939527077" lon="152.845865081501">        <ele>367.998933469368</ele>        <time></time>      </trkpt>
      <trkpt lat="-27.4194578578463" lon="152.846276390917">        <ele>369.078529037063</ele>        <time></time>      </trkpt>
      <trkpt lat="-27.4196879508328" lon="152.84671122923">        <ele>372.399504059852</ele>        <time></time>      </trkpt>
      <trkpt lat="-27.4198370053262" lon="152.847184069275">        <ele>375.041073335725</ele>        <time></time>      </trkpt>
      <trkpt lat="-27.4200448982413" lon="152.847631799996">        <ele>377.119524412479</ele>        <time></time>      </trkpt>
      <trkpt lat="-27.4202861486137" lon="152.848060226606">        <ele>383.353477953708</ele>        <time></time>      </trkpt>
      <trkpt lat="-27.4205312666342" lon="152.848485632127">        <ele>391.339593631311</ele>        <time></time>      </trkpt>
      <trkpt lat="-27.4208065823941" lon="152.848887444102">        <ele>398.301989406952</ele>        <time></time>      </trkpt>
      <trkpt lat="-27.4211753376705" lon="152.849166941073">        <ele>404.958715877656</ele>        <time></time>      </trkpt>
      <trkpt lat="-27.4215351346567" lon="152.84944">        <ele>406.736553397067</ele>        <time></time>      </trkpt>
      <trkpt lat="-27.421530831616" lon="152.84987584229">        <ele>405.960392041668</ele>        <time></time>      </trkpt>
      <trkpt lat="-27.4215460960671" lon="152.850380150424">        <ele>405.381663724889</ele>        <time></time>      </trkpt>
      <trkpt lat="-27.4215354795428" lon="152.850884823823">        <ele>407.773468148398</ele>        <time></time>      </trkpt>
      <trkpt lat="-27.4214363772075" lon="152.851374105857">        <ele>413.657234093749</ele>        <time></time>      </trkpt>
      <trkpt lat="-27.4211185242214" lon="152.851734339858">        <ele>413.965574893168</ele>        <time></time>      </trkpt>
      <trkpt lat="-27.4208099487541" lon="152.852056940097">        <ele>406.86883906396</ele>        <time></time>      </trkpt>
      <trkpt lat="-27.420596584922" lon="152.852494547671">        <ele>398.313702976451</ele>        <time></time>      </trkpt>
      <trkpt lat="-27.420513054198" lon="152.852988376122">        <ele>396.399433045029</ele>        <time></time>      </trkpt>
      <trkpt lat="-27.420565620605" lon="152.853490199922">        <ele>392.464455124683</ele>        <time></time>      </trkpt>
      <trkpt lat="-27.4206579614372" lon="152.853835971076">        <ele>395.187389495735</ele>        <time></time>      </trkpt>
      <trkpt lat="-27.4209668809322" lon="152.854198023615">        <ele>397.690909282275</ele>        <time></time>      </trkpt>
      <trkpt lat="-27.421287815127" lon="152.854539474642">        <ele>395.085377561087</ele>        <time></time>      </trkpt>
      <trkpt lat="-27.421725237002" lon="152.854585532957">        <ele>392.947046200544</ele>        <time></time>      </trkpt>
      <trkpt lat="-27.4221772795865" lon="152.854580151525">        <ele>390.756516577953</ele>        <time></time>      </trkpt>
      <trkpt lat="-27.4226293221414" lon="152.854574770041">        <ele>388.649639515485</ele>        <time></time>      </trkpt>
      <trkpt lat="-27.4230795584298" lon="152.854585142759">        <ele>387.935157448365</ele>        <time></time>      </trkpt>
      <trkpt lat="-27.4235157047975" lon="152.854718409475">        <ele>383.176749487345</ele>        <time></time>      </trkpt>
      <trkpt lat="-27.4239390949655" lon="152.85489033432">        <ele>377.589144075982</ele>        <time></time>      </trkpt>
      <trkpt lat="-27.4243476784645" lon="152.855107131174">        <ele>374.498881925608</ele>        <time></time>      </trkpt>
      <trkpt lat="-27.4247562616087" lon="152.855323929619">        <ele>374.92999615905</ele>        <time></time>      </trkpt>
      <trkpt lat="-27.425164844398" lon="152.855540729653">        <ele>368.516690237883</ele>        <time></time>      </trkpt>
      <trkpt lat="-27.4255734268323" lon="152.855757531278">        <ele>364.377165454827</ele>        <time></time>      </trkpt>
      <trkpt lat="-27.4259364408094" lon="152.856052167499">        <ele>352.171436741501</ele>        <time></time>      </trkpt>
      <trkpt lat="-27.4262662914086" lon="152.856395821874">        <ele>345.362333038848</ele>        <time></time>      </trkpt>
      <trkpt lat="-27.4265107925098" lon="152.856821951915">        <ele>341.389537946585</ele>        <time></time>      </trkpt>
      <trkpt lat="-27.4268007373197" lon="152.857208052782">        <ele>339.358147535038</ele>        <time></time>      </trkpt>
      <trkpt lat="-27.4271124581357" lon="152.857574972993">        <ele>339.476079977884</ele>        <time></time>      </trkpt>
      <trkpt lat="-27.4274241779797" lon="152.857941895266">        <ele>334.99308850769</ele>        <time></time>      </trkpt>
      <trkpt lat="-27.4277182605133" lon="152.858326065082">        <ele>328.231269264028</ele>        <time></time>      </trkpt>
      <trkpt lat="-27.4280004050281" lon="152.858721909297">        <ele>324.339494845229</ele>        <time></time>      </trkpt>
      <trkpt lat="-27.4283199578678" lon="152.859038104673">        <ele>318.080994811995</ele>        <time></time>      </trkpt>
      <trkpt lat="-27.4287692350056" lon="152.859029274048">        <ele>308.760332295917</ele>        <time></time>      </trkpt>
      <trkpt lat="-27.4292183891553" lon="152.859025486073">        <ele>298.183017860108</ele>        <time></time>      </trkpt>
      <trkpt lat="-27.4296689560168" lon="152.859066735001">        <ele>294.645704638328</ele>        <time></time>      </trkpt>
      <trkpt lat="-27.4301195228381" lon="152.859107984255">        <ele>294.488508256222</ele>        <time></time>      </trkpt>
      <trkpt lat="-27.4305664580082" lon="152.859082355868">        <ele>291.779594321933</ele>        <time></time>      </trkpt>
      <trkpt lat="-27.431005243786" lon="152.858960674427">        <ele>293.130595921397</ele>        <time></time>      </trkpt>
      <trkpt lat="-27.4314459196988" lon="152.858866495486">        <ele>282.967765436644</ele>        <time></time>      </trkpt>
      <trkpt lat="-27.431896962208" lon="152.858900594231">        <ele>269.175758448658</ele>        <time></time>      </trkpt>
      <trkpt lat="-27.4323480046807" lon="152.858934693246">        <ele>266.316829305151</ele>        <time></time>      </trkpt>
      <trkpt lat="-27.4327990471169" lon="152.858968792529">        <ele>259.951977502209</ele>        <time></time>      </trkpt>
      <trkpt lat="-27.4332500895166" lon="152.85900289208">        <ele>250.835135025884</ele>        <time></time>      </trkpt>
      <trkpt lat="-27.4337011318798" lon="152.8590369919">        <ele>247.680317889116</ele>        <time></time>      </trkpt>
      <trkpt lat="-27.4341521742065" lon="152.859071091989">        <ele>240.733201889677</ele>        <time></time>      </trkpt>
      <trkpt lat="-27.43453115038" lon="152.859313320216">        <ele>236.616946019151</ele>        <time></time>      </trkpt>
      <trkpt lat="-27.4348846432445" lon="152.859629144514">        <ele>229.586909413465</ele>        <time></time>      </trkpt>
      <trkpt lat="-27.4352381353829" lon="152.859944970821">        <ele>220.308985756421</ele>        <time></time>      </trkpt>
      <trkpt lat="-27.4355978423344" lon="152.860251296041">        <ele>219.468997060272</ele>        <time></time>      </trkpt>
      <trkpt lat="-27.4359729527836" lon="152.860534071424">        <ele>221.682091145158</ele>        <time></time>      </trkpt>
      <trkpt lat="-27.4363791264775" lon="152.860744568655">        <ele>221.675313815891</ele>        <time></time>      </trkpt>
      <trkpt lat="-27.4368102400867" lon="152.860897035792">        <ele>214.367350814332</ele>        <time></time>      </trkpt>
      <trkpt lat="-27.4372541933346" lon="152.860974861317">        <ele>202.530103003956</ele>        <time></time>      </trkpt>
      <trkpt lat="-27.437702594952" lon="152.860995464515">        <ele>193.780525355004</ele>        <time></time>      </trkpt>
      <trkpt lat="-27.4381226348674" lon="152.860808149887">        <ele>178.840009284354</ele>        <time></time>      </trkpt>
      <trkpt lat="-27.4385140842695" lon="152.860570438007">        <ele>169.488909397441</ele>        <time></time>      </trkpt>
      <trkpt lat="-27.4388568015422" lon="152.860245521869">        <ele>163.197463385131</ele>        <time></time>      </trkpt>
      <trkpt lat="-27.4392230501711" lon="152.85996618737">        <ele>158.983275148875</ele>        <time></time>      </trkpt>
      <trkpt lat="-27.4391022403387" lon="152.859560506865">        <ele>164.375067853412</ele>        <time></time>      </trkpt>
      <trkpt lat="-27.4389986118493" lon="152.859084927237">        <ele>177.665573288303</ele>        <time></time>      </trkpt>
      <trkpt lat="-27.4389295449265" lon="152.858584195197">        <ele>189.156563152347</ele>        <time></time>      </trkpt>
      <trkpt lat="-27.4389059158106" lon="152.858080135491">        <ele>198.241029501196</ele>        <time></time>      </trkpt>
      <trkpt lat="-27.4389323513437" lon="152.857574533224">        <ele>203.163474521385</ele>        <time></time>      </trkpt>
      <trkpt lat="-27.4391219065915" lon="152.857124124593">        <ele>208.964209803451</ele>        <time></time>      </trkpt>
      <trkpt lat="-27.4394506490657" lon="152.856791564976">        <ele>225.45758488364</ele>        <time></time>      </trkpt>
      <trkpt lat="-27.4398313506307" lon="152.856532156463">        <ele>234.788661231774</ele>        <time></time>      </trkpt>
      <trkpt lat="-27.4401426084747" lon="152.856164700459">        <ele>249.060170411585</ele>        <time></time>      </trkpt>
      <trkpt lat="-27.4404538653279" lon="152.855797242394">        <ele>257.681589193212</ele>        <time></time>      </trkpt>
      <trkpt lat="-27.4406966088474" lon="152.855370020698">        <ele>258.171385453976</ele>        <time></time>      </trkpt>
      <trkpt lat="-27.4409634928551" lon="152.854964508894">        <ele>254.7730806369</ele>        <time></time>      </trkpt>
      <trkpt lat="-27.4412838505488" lon="152.85460700907">        <ele>247.751989500822</ele>        <time></time>      </trkpt>
      <trkpt lat="-27.4415887806356" lon="152.854236098084">        <ele>237.10316471088</ele>        <time></time>      </trkpt>
      <trkpt lat="-27.4418179670908" lon="152.853799348698">        <ele>232.349564514106</ele>        <time></time>      </trkpt>
      <trkpt lat="-27.4420471521625" lon="152.853362597512">        <ele>238.344812334044</ele>        <time></time>      </trkpt>
      <trkpt lat="-27.4423515412372" lon="152.852990504195">        <ele>245.603802155014</ele>        <time></time>      </trkpt>
      <trkpt lat="-27.4426685114711" lon="152.852629226643">        <ele>256.605877369123</ele>        <time></time>      </trkpt>
      <trkpt lat="-27.4429854807457" lon="152.852267947026">        <ele>278.667707422094</ele>        <time></time>      </trkpt>
      <trkpt lat="-27.4433415321233" lon="152.851956320003">        <ele>298.501547336748</ele>        <time></time>      </trkpt>
      <trkpt lat="-27.4437008595486" lon="152.851648854079">        <ele>309.142650355179</ele>        <time></time>      </trkpt>
      <trkpt lat="-27.4440731472636" lon="152.8513665785">        <ele>310.123902262543</ele>        <time></time>      </trkpt>
      <trkpt lat="-27.444490553645" lon="152.851171999485">        <ele>313.809069302686</ele>        <time></time>      </trkpt>
      <trkpt lat="-27.4449079597237" lon="152.850977418998">        <ele>325.108708199292</ele>        <time></time>      </trkpt>
      <trkpt lat="-27.4453254696984" lon="152.850796875417">        <ele>337.290714796028</ele>        <time></time>      </trkpt>
      <trkpt lat="-27.4457200980328" lon="152.851042198535">        <ele>344.622523363344</ele>        <time></time>      </trkpt>
      <trkpt lat="-27.4461092051584" lon="152.851300146337">        <ele>353.176673261745</ele>        <time></time>      </trkpt>
      <trkpt lat="-27.4465288086874" lon="152.851450000001">        <ele>355</ele>        <time></time>      </trkpt>
      <trkpt lat="-27.4469807283693" lon="152.851453878879">        <ele>353.972296882314</ele>        <time></time>      </trkpt>
      <trkpt lat="-27.4474305590975" lon="152.851477548406">        <ele>348.073210076766</ele>        <time></time>      </trkpt>
      <trkpt lat="-27.4477785772309" lon="152.851181593507">        <ele>342.804138474725</ele>        <time></time>      </trkpt>
      <trkpt lat="-27.447527815362" lon="152.851594093894">        <ele>348.2594085699</ele>        <time></time>      </trkpt>
      <trkpt lat="-27.4471345261801" lon="152.851843949288">        <ele>350.98886998788</ele>        <time></time>      </trkpt>
      <trkpt lat="-27.4467412365211" lon="152.852093802905">        <ele>350.208375767285</ele>        <time></time>      </trkpt>
      <trkpt lat="-27.4465117807039" lon="152.852521535642">        <ele>343.04866517363</ele>        <time></time>      </trkpt>
      <trkpt lat="-27.4463800000353" lon="152.852996019978">        <ele>330.341263485983</ele>        <time></time>      </trkpt>
      <trkpt lat="-27.4464134753884" lon="152.853494804">        <ele>322.950209066445</ele>        <time></time>      </trkpt>
      <trkpt lat="-27.4465887477913" lon="152.853961722055">        <ele>319.60953819116</ele>        <time></time>      </trkpt>
      <trkpt lat="-27.4467506064076" lon="152.854434845163">        <ele>315.010933409711</ele>        <time></time>      </trkpt>
      <trkpt lat="-27.4469124634189" lon="152.854907969659">        <ele>310.57891082212</ele>        <time></time>      </trkpt>
      <trkpt lat="-27.4472335610125" lon="152.855261478627">        <ele>299.472788544533</ele>        <time></time>      </trkpt>
      <trkpt lat="-27.4470490550135" lon="152.855640394834">        <ele>293.994179057615</ele>        <time></time>      </trkpt>
      <trkpt lat="-27.4466872985466" lon="152.855944270289">        <ele>286.337675339749</ele>        <time></time>      </trkpt>
      <trkpt lat="-27.4463835651547" lon="152.856305739439">        <ele>281.959077815179</ele>        <time></time>      </trkpt>
      <trkpt lat="-27.4463902398456" lon="152.856801769363">        <ele>271.358336085688</ele>        <time></time>      </trkpt>
      <trkpt lat="-27.4464991125313" lon="152.857293569493">        <ele>273.721912892892</ele>        <time></time>      </trkpt>
      <trkpt lat="-27.446607983483" lon="152.857785370596">        <ele>277.937912945713</ele>        <time></time>      </trkpt>
      <trkpt lat="-27.4468056909574" lon="152.858235707947">        <ele>281.205553773696</ele>        <time></time>      </trkpt>
      <trkpt lat="-27.4470404063831" lon="152.858668773111">        <ele>282.851210570733</ele>        <time></time>      </trkpt>
      <trkpt lat="-27.4472751204618" lon="152.859101840113">        <ele>283.407040054495</ele>        <time></time>      </trkpt>
      <trkpt lat="-27.4474179144106" lon="152.85957422637">        <ele>285.699385173869</ele>        <time></time>      </trkpt>
      <trkpt lat="-27.4473617636065" lon="152.860075854221">        <ele>276.803005495866</ele>        <time></time>      </trkpt>
      <trkpt lat="-27.4472804921797" lon="152.860574316978">        <ele>272.935723328909</ele>        <time></time>      </trkpt>
      <trkpt lat="-27.4472072138338" lon="152.861074305967">        <ele>269.891502478778</ele>        <time></time>      </trkpt>
      <trkpt lat="-27.4471103085493" lon="152.861565053175">        <ele>270.388606766344</ele>        <time></time>      </trkpt>
      <trkpt lat="-27.4467382471067" lon="152.861821172247">        <ele>268.204458656535</ele>        <time></time>      </trkpt>
      <trkpt lat="-27.4463212227615" lon="152.862003893393">        <ele>265.718268678193</ele>        <time></time>      </trkpt>
      <trkpt lat="-27.4460095711425" lon="152.862370950163">        <ele>263.372530895165</ele>        <time></time>      </trkpt>
      <trkpt lat="-27.4456295334957" lon="152.862626674839">        <ele>260.283704113925</ele>        <time></time>      </trkpt>
      <trkpt lat="-27.4452124161267" lon="152.862822033281">        <ele>256.613440408192</ele>        <time></time>      </trkpt>
      <trkpt lat="-27.4448341894508" lon="152.863094892647">        <ele>253.257320613264</ele>        <time></time>      </trkpt>
      <trkpt lat="-27.4444686188031" lon="152.863392972412">        <ele>253.652970507494</ele>        <time></time>      </trkpt>
      <trkpt lat="-27.4440462541423" lon="152.863572394421">        <ele>259.62328626304</ele>        <time></time>      </trkpt>
      <trkpt lat="-27.443725696388" lon="152.863871769235">        <ele>266.536423808533</ele>        <time></time>      </trkpt>
      <trkpt lat="-27.4438889674125" lon="152.864315900946">        <ele>268.890812100232</ele>        <time></time>      </trkpt>
      <trkpt lat="-27.4440876031719" lon="152.864758230378">        <ele>273.283052802363</ele>        <time></time>      </trkpt>
      <trkpt lat="-27.4442248193413" lon="152.865241029106">        <ele>278.973514755108</ele>        <time></time>      </trkpt>
      <trkpt lat="-27.4444862710396" lon="152.865638210067">        <ele>278.252212654016</ele>        <time></time>      </trkpt>
      <trkpt lat="-27.4448087110534" lon="152.865993361696">        <ele>273.989006998576</ele>        <time></time>      </trkpt>
      <trkpt lat="-27.4451553122624" lon="152.866316248826">        <ele>274.102320857072</ele>        <time></time>      </trkpt>
      <trkpt lat="-27.4455232709451" lon="152.866610615801">        <ele>273.78248963152</ele>        <time></time>      </trkpt>
      <trkpt lat="-27.4458778633848" lon="152.866923959049">        <ele>266.787299502795</ele>        <time></time>      </trkpt>
      <trkpt lat="-27.4461622250535" lon="152.867294299708">        <ele>255.587972004608</ele>        <time></time>      </trkpt>
      <trkpt lat="-27.4462100004807" lon="152.867795245388">        <ele>250.387089686517</ele>        <time></time>      </trkpt>
      <trkpt lat="-27.4462100000493" lon="152.868301959017">        <ele>253.064586916318</ele>        <time></time>      </trkpt>
      <trkpt lat="-27.4462505468553" lon="152.868806554731">        <ele>251.779277827194</ele>        <time></time>      </trkpt>
      <trkpt lat="-27.4462860631702" lon="152.86931157791">        <ele>258.166179744315</ele>        <time></time>      </trkpt>
      <trkpt lat="-27.4465759525799" lon="152.86957">        <ele>258.76771605568</ele>        <time></time>      </trkpt>
      <trkpt lat="-27.4470209234021" lon="152.869634658541">        <ele>258.79895979831</ele>        <time></time>      </trkpt>
      <trkpt lat="-27.4473760990716" lon="152.869940754454">        <ele>259.99849031679</ele>        <time></time>      </trkpt>
      <trkpt lat="-27.4477259073764" lon="152.870257931651">        <ele>267.495431080499</ele>        <time></time>      </trkpt>
      <trkpt lat="-27.4481051426877" lon="152.8705337387">        <ele>272.21294702047</ele>        <time></time>      </trkpt>
      <trkpt lat="-27.4484616911015" lon="152.870833382117">        <ele>268.18733832055</ele>        <time></time>      </trkpt>
      <trkpt lat="-27.4486351853846" lon="152.871299984224">        <ele>261.485566766398</ele>        <time></time>      </trkpt>
      <trkpt lat="-27.4487771089646" lon="152.871777583625">        <ele>262.893477465237</ele>        <time></time>      </trkpt>
      <trkpt lat="-27.4485995080774" lon="152.872237214219">        <ele>262.746465784531</ele>        <time></time>      </trkpt>
      <trkpt lat="-27.448402293045" lon="152.872693007943">        <ele>250.471184278299</ele>        <time></time>      </trkpt>
      <trkpt lat="-27.4482136986381" lon="152.873153529535">        <ele>241.171081468493</ele>        <time></time>      </trkpt>
      <trkpt lat="-27.4480627961994" lon="152.873626232415">        <ele>236.513273479153</ele>        <time></time>      </trkpt>
      <trkpt lat="-27.4481147727387" lon="152.874126477187">        <ele>226.457694729545</ele>        <time></time>      </trkpt>
      <trkpt lat="-27.4483217080189" lon="152.874571757258">        <ele>221.615780131726</ele>        <time></time>      </trkpt>
      <trkpt lat="-27.4484989860594" lon="152.875033914767">        <ele>225.003147753281</ele>        <time></time>      </trkpt>
      <trkpt lat="-27.4485820038418" lon="152.875532021529">        <ele>226.062176541922</ele>        <time></time>      </trkpt>
      <trkpt lat="-27.4487357585235" lon="152.876006545894">        <ele>232.379489128274</ele>        <time></time>      </trkpt>
      <trkpt lat="-27.4489146581095" lon="152.876470887674">        <ele>237.652972103086</ele>        <time></time>      </trkpt>
      <trkpt lat="-27.4491941504482" lon="152.876869163664">        <ele>246.745523031187</ele>        <time></time>      </trkpt>
      <trkpt lat="-27.4494133325601" lon="152.877308050186">        <ele>249.140072094744</ele>        <time></time>      </trkpt>
      <trkpt lat="-27.4495957496943" lon="152.877771692676">        <ele>251.044879316198</ele>        <time></time>      </trkpt>
      <trkpt lat="-27.4497781652857" lon="152.878235336696">        <ele>253.937165078815</ele>        <time></time>      </trkpt>
      <trkpt lat="-27.4498450886748" lon="152.878736299535">        <ele>256.229292879985</ele>        <time></time>      </trkpt>
      <trkpt lat="-27.4498633497272" lon="152.879241790045">        <ele>260.694253622283</ele>        <time></time>      </trkpt>
      <trkpt lat="-27.4498676803397" lon="152.879748497303">        <ele>264.525069106695</ele>        <time></time>      </trkpt>
      <trkpt lat="-27.4499266226312" lon="152.880246490474">        <ele>269.347132958527</ele>        <time></time>      </trkpt>
      <trkpt lat="-27.4501210094411" lon="152.880641527827">        <ele>270.574062508146</ele>        <time></time>      </trkpt>
      <trkpt lat="-27.4504303054424" lon="152.881006155183">        <ele>269.492429465362</ele>        <time></time>      </trkpt>
      <trkpt lat="-27.450719466847" lon="152.881395634585">        <ele>269.421110160945</ele>        <time></time>      </trkpt>
      <trkpt lat="-27.4510065335816" lon="152.881787089506">        <ele>267.384593003096</ele>        <time></time>      </trkpt>
      <trkpt lat="-27.4512053389956" lon="152.882224555015">        <ele>263.839521860753</ele>        <time></time>      </trkpt>
      <trkpt lat="-27.4512874142966" lon="152.88272287024">        <ele>252.837677613733</ele>        <time></time>      </trkpt>
      <trkpt lat="-27.4513643309082" lon="152.883222205709">        <ele>246.27951547005</ele>        <time></time>      </trkpt>
      <trkpt lat="-27.4513682085211" lon="152.883728370973">        <ele>243.184513392021</ele>        <time></time>      </trkpt>
      <trkpt lat="-27.4512716273217" lon="152.884216745361">        <ele>242.604992873194</ele>        <time></time>      </trkpt>
      <trkpt lat="-27.451108516997" lon="152.884689046363">        <ele>240.222876586238</ele>        <time></time>      </trkpt>
      <trkpt lat="-27.4509486208103" lon="152.885163026218">        <ele>237.942466534676</ele>        <time></time>      </trkpt>
      <trkpt lat="-27.4507887230031" lon="152.885637004711">        <ele>237.550573434127</ele>        <time></time>      </trkpt>
      <trkpt lat="-27.4506203339791" lon="152.886107133524">        <ele>230.715605780948</ele>        <time></time>      </trkpt>
      <trkpt lat="-27.4504413608506" lon="152.88657246384">        <ele>226.456515779097</ele>        <time></time>      </trkpt>
      <trkpt lat="-27.4503253483891" lon="152.887056517502">        <ele>225.946240647591</ele>        <time></time>      </trkpt>
      <trkpt lat="-27.4503804849473" lon="152.887550698498">        <ele>226.540483767233</ele>        <time></time>      </trkpt>
      <trkpt lat="-27.4505251663962" lon="152.888030778915">        <ele>226.874396072478</ele>        <time></time>      </trkpt>
      <trkpt lat="-27.4505237710293" lon="152.888534416017">        <ele>229.03341789123</ele>        <time></time>      </trkpt>
      <trkpt lat="-27.4506165474147" lon="152.88902618803">        <ele>230.379772252432</ele>        <time></time>      </trkpt>
      <trkpt lat="-27.4506800002241" lon="152.889523144856">        <ele>233.63389841148</ele>        <time></time>      </trkpt>
      <trkpt lat="-27.4507216084598" lon="152.890025487993">        <ele>232.703619197065</ele>        <time></time>      </trkpt>
      <trkpt lat="-27.450780000047" lon="152.890526060271">        <ele>235.748232511821</ele>        <time></time>      </trkpt>
      <trkpt lat="-27.4506604095753" lon="152.891010980659">        <ele>234.928938450331</ele>        <time></time>      </trkpt>
      <trkpt lat="-27.4506968374723" lon="152.891469896126">        <ele>234.226097707006</ele>        <time></time>      </trkpt>
      <trkpt lat="-27.4510896780818" lon="152.891720645495">        <ele>239.014228570868</ele>        <time></time>      </trkpt>
      <trkpt lat="-27.4515185215457" lon="152.891878262457">        <ele>244.124765149884</ele>        <time></time>      </trkpt>
      <trkpt lat="-27.4519348621802" lon="152.891818332205">        <ele>245.067765218266</ele>        <time></time>      </trkpt>
      <trkpt lat="-27.4520833858264" lon="152.89134646747">        <ele>254.35670351886</ele>        <time></time>      </trkpt>
      <trkpt lat="-27.4523365389339" lon="152.890965644394">        <ele>258.609286920037</ele>        <time></time>      </trkpt>
      <trkpt lat="-27.4527651760129" lon="152.890817010986">        <ele>257.531432077636</ele>        <time></time>      </trkpt>
      <trkpt lat="-27.4532130408904" lon="152.890851902271">        <ele>256.653751847149</ele>        <time></time>      </trkpt>
      <trkpt lat="-27.4536590859913" lon="152.890926759031">        <ele>256.478880803493</ele>        <time></time>      </trkpt>
      <trkpt lat="-27.4540357558257" lon="152.891206963323">        <ele>260.524578389757</ele>        <time></time>      </trkpt>
      <trkpt lat="-27.4544124250816" lon="152.891487169517">        <ele>262.434104850541</ele>        <time></time>      </trkpt>
      <trkpt lat="-27.4548484915644" lon="152.89159208898">        <ele>264.656491477622</ele>        <time></time>      </trkpt>
      <trkpt lat="-27.4552372040341" lon="152.891451184138">        <ele>265.324492878348</ele>        <time></time>      </trkpt>
      <trkpt lat="-27.4553591932363" lon="152.89096322777">        <ele>260.704092410608</ele>        <time></time>      </trkpt>
      <trkpt lat="-27.4556437345588" lon="152.890581910837">        <ele>255.087390788312</ele>        <time></time>      </trkpt>
      <trkpt lat="-27.4559765721428" lon="152.890238987442">        <ele>252.315986313799</ele>        <time></time>      </trkpt>
      <trkpt lat="-27.4563495350865" lon="152.889976461783">        <ele>249.199489166659</ele>        <time></time>      </trkpt>
      <trkpt lat="-27.456627466415" lon="152.890051719747">        <ele>249.495456201003</ele>        <time></time>      </trkpt>
      <trkpt lat="-27.4569249364338" lon="152.890431911589">        <ele>242.863360055826</ele>        <time></time>      </trkpt>
      <trkpt lat="-27.4572148528912" lon="152.890820740417">        <ele>241.980764574007</ele>        <time></time>      </trkpt>
      <trkpt lat="-27.4575047682572" lon="152.89120957128">        <ele>240.475815431636</ele>        <time></time>      </trkpt>
      <trkpt lat="-27.4576086561288" lon="152.891692370687">        <ele>239.32496475392</ele>        <time></time>      </trkpt>
      <trkpt lat="-27.4576201957034" lon="152.892198967393">        <ele>239.573833687452</ele>        <time></time>      </trkpt>
      <trkpt lat="-27.4576258188317" lon="152.892705401749">        <ele>235.45346337317</ele>        <time></time>      </trkpt>
      <trkpt lat="-27.4575821711535" lon="152.89320918118">        <ele>225.73372974626</ele>        <time></time>      </trkpt>
      <trkpt lat="-27.4574519735924" lon="152.893694474572">        <ele>222.33209529014</ele>        <time></time>      </trkpt>
      <trkpt lat="-27.457321774335" lon="152.89417976683">        <ele>210.359102211072</ele>        <time></time>      </trkpt>
      <trkpt lat="-27.4571915733811" lon="152.894665057953">        <ele>210.549810333685</ele>        <time></time>      </trkpt>
      <trkpt lat="-27.457061370731" lon="152.895150347942">        <ele>213.47747089366</ele>        <time></time>      </trkpt>
      <trkpt lat="-27.4570364115933" lon="152.895653567729">        <ele>214.671890423409</ele>        <time></time>      </trkpt>
      <trkpt lat="-27.4570321168648" lon="152.896160308361">        <ele>216.527938639586</ele>        <time></time>      </trkpt>
      <trkpt lat="-27.4571192307273" lon="152.89664680112">        <ele>220.896690061085</ele>        <time></time>      </trkpt>
      <trkpt lat="-27.4572951370148" lon="152.89711362669">        <ele>219.060835369488</ele>        <time></time>      </trkpt>
      <trkpt lat="-27.4574710417376" lon="152.897580453746">        <ele>220.686843483132</ele>        <time></time>      </trkpt>
      <trkpt lat="-27.4577216388115" lon="152.897992445156">        <ele>224.996885579591</ele>        <time></time>      </trkpt>
      <trkpt lat="-27.4580293025219" lon="152.898362908839">        <ele>224.613514344971</ele>        <time></time>      </trkpt>
      <trkpt lat="-27.4582776659777" lon="152.898786345506">        <ele>220.588250234692</ele>        <time></time>      </trkpt>
      <trkpt lat="-27.4585260281426" lon="152.899209784074">        <ele>216.956078651451</ele>        <time></time>      </trkpt>
      <trkpt lat="-27.4587012652549" lon="152.899671387196">        <ele>217.106890524689</ele>        <time></time>      </trkpt>
      <trkpt lat="-27.4587337295261" lon="152.900176124577">        <ele>216.573866567718</ele>        <time></time>      </trkpt>
      <trkpt lat="-27.4587292287581" lon="152.900682047636">        <ele>219.613301342079</ele>        <time></time>      </trkpt>
      <trkpt lat="-27.4586704299855" lon="152.901184513919">        <ele>214.832554986873</ele>        <time></time>      </trkpt>
      <trkpt lat="-27.4586928168563" lon="152.90166467835">        <ele>212.362840802784</ele>        <time></time>      </trkpt>
      <trkpt lat="-27.4589453412228" lon="152.902067553489">        <ele>211.926744469093</ele>        <time></time>      </trkpt>
      <trkpt lat="-27.4590500001914" lon="152.902554231019">        <ele>204.516407975639</ele>        <time></time>      </trkpt>
      <trkpt lat="-27.4590270765193" lon="152.903058939804">        <ele>202.632886105649</ele>        <time></time>      </trkpt>
      <trkpt lat="-27.458954921788" lon="152.903559215516">        <ele>196.472736769911</ele>        <time></time>      </trkpt>
      <trkpt lat="-27.4588453262844" lon="152.904044378241">        <ele>189.900962044435</ele>        <time></time>      </trkpt>
      <trkpt lat="-27.4586164213379" lon="152.904481380649">        <ele>185.881885793911</ele>        <time></time>      </trkpt>
      <trkpt lat="-27.4583875150082" lon="152.904918381254">        <ele>186.239798327148</ele>        <time></time>      </trkpt>
      <trkpt lat="-27.4580268309161" lon="152.905209755396">        <ele>192.00405190822</ele>        <time></time>      </trkpt>
      <trkpt lat="-27.4576703448573" lon="152.905517140921">        <ele>196.204089469321</ele>        <time></time>      </trkpt>
      <trkpt lat="-27.4572416245468" lon="152.90558514332">        <ele>199.037641307931</ele>        <time></time>      </trkpt>
      <trkpt lat="-27.4568631241426" lon="152.905727971039">        <ele>199.105345082046</ele>        <time></time>      </trkpt>
      <trkpt lat="-27.4568027341701" lon="152.906193258337">        <ele>197.620558236875</ele>        <time></time>      </trkpt>
      <trkpt lat="-27.457000325878" lon="152.906640427724">        <ele>198.26455860539</ele>        <time></time>      </trkpt>
      <trkpt lat="-27.4569812090058" lon="152.907144339587">        <ele>193.184210454207</ele>        <time></time>      </trkpt>
      <trkpt lat="-27.4567583213664" lon="152.907578678718">        <ele>178.326001168598</ele>        <time></time>      </trkpt>
      <trkpt lat="-27.4565273248155" lon="152.908013325087">        <ele>170.486667596565</ele>        <time></time>      </trkpt>
      <trkpt lat="-27.4563233677629" lon="152.90846557878">        <ele>168.922356915945</ele>        <time></time>      </trkpt>
      <trkpt lat="-27.456150000012" lon="152.908926006225">        <ele>166.462922040599</ele>        <time></time>      </trkpt>
      <trkpt lat="-27.4561859259801" lon="152.909431010219">        <ele>162.748982612852</ele>        <time></time>      </trkpt>
      <trkpt lat="-27.456225265587" lon="152.909935847659">        <ele>161.642298386137</ele>        <time></time>      </trkpt>
      <trkpt lat="-27.4562646033649" lon="152.910440685463">        <ele>159.445152828125</ele>        <time></time>      </trkpt>
      <trkpt lat="-27.4563039393139" lon="152.910945523631">        <ele>160.251937144445</ele>        <time></time>      </trkpt>
      <trkpt lat="-27.4563300006746" lon="152.911451010694">        <ele>163.444914362473</ele>        <time></time>      </trkpt>
      <trkpt lat="-27.4563300014407" lon="152.911957771161">        <ele>160.835163867347</ele>        <time></time>      </trkpt>
      <trkpt lat="-27.4563300003634" lon="152.912464531634">        <ele>157.098071026037</ele>        <time></time>      </trkpt>
      <trkpt lat="-27.4563331928509" lon="152.912971276915">        <ele>154.723628786687</ele>        <time></time>      </trkpt>
      <trkpt lat="-27.456337031754" lon="152.91347801915">        <ele>156.999887784218</ele>        <time></time>      </trkpt>
      <trkpt lat="-27.4563600000008" lon="152.913982283159">        <ele>158.795194979509</ele>        <time></time>      </trkpt>
      <trkpt lat="-27.4559239802241" lon="152.913991592675">        <ele>158.591253152476</ele>        <time></time>      </trkpt>
      <trkpt lat="-27.4554728551715" lon="152.91395890225">        <ele>152.655278727304</ele>        <time></time>      </trkpt>
      <trkpt lat="-27.4550217300826" lon="152.913926212086">        <ele>148.463313775155</ele>        <time></time>      </trkpt>
      <trkpt lat="-27.4545868268728" lon="152.913842071165">        <ele>147.54394269114</ele>        <time></time>      </trkpt>
      <trkpt lat="-27.4542502428197" lon="152.913507596949">        <ele>147.914145494053</ele>        <time></time>      </trkpt>
      <trkpt lat="-27.4538805364328" lon="152.9132245226">        <ele>147.994787747961</ele>        <time></time>      </trkpt>
      <trkpt lat="-27.4534659183543" lon="152.91302730131">        <ele>144.344645169224</ele>        <time></time>      </trkpt>
      <trkpt lat="-27.4530304895025" lon="152.91290575794">        <ele>143.774891020058</ele>        <time></time>      </trkpt>
      <trkpt lat="-27.4525796953009" lon="152.912870729063">        <ele>140.804047407481</ele>        <time></time>      </trkpt>
      <trkpt lat="-27.4521276662231" lon="152.912877280264">        <ele>136.979170781157</ele>        <time></time>      </trkpt>
      <trkpt lat="-27.4516756371156" lon="152.912883831405">        <ele>131.670657512226</ele>        <time></time>      </trkpt>
      <trkpt lat="-27.4512238927786" lon="152.912885648778">        <ele>133.064418581253</ele>        <time></time>      </trkpt>
      <trkpt lat="-27.4507767415064" lon="152.91281112358">        <ele>130.748219013232</ele>        <time></time>      </trkpt>
      <trkpt lat="-27.4504009776691" lon="152.912541122578">        <ele>125.366327559641</ele>        <time></time>      </trkpt>
      <trkpt lat="-27.449983634131" lon="152.912346362558">        <ele>121.318123994549</ele>        <time></time>      </trkpt>
      <trkpt lat="-27.4495671445293" lon="152.912150276337">        <ele>115.676992167629</ele>        <time></time>      </trkpt>
      <trkpt lat="-27.4491190873575" lon="152.912212025624">        <ele>108.519203126933</ele>        <time></time>      </trkpt>
      <trkpt lat="-27.448683410977" lon="152.912317444261">        <ele>104.022940561449</ele>        <time></time>      </trkpt>
      <trkpt lat="-27.4483695989651" lon="152.912653487491">        <ele>97.9138970118724</ele>        <time></time>      </trkpt>
      <trkpt lat="-27.4482458128951" lon="152.91313528499">        <ele>95.4136248596209</ele>        <time></time>      </trkpt>
      <trkpt lat="-27.4480004469481" lon="152.913552400441">        <ele>91.9661372444872</ele>        <time></time>      </trkpt>
      <trkpt lat="-27.4478054768124" lon="152.914009572795">        <ele>93.045164517095</ele>        <time></time>      </trkpt>
      <trkpt lat="-27.4475946893278" lon="152.914457490149">        <ele>91.4923732570204</ele>        <time></time>      </trkpt>
      <trkpt lat="-27.4473715537799" lon="152.914898182105">        <ele>88.1230842542414</ele>        <time></time>      </trkpt>
      <trkpt lat="-27.4472021711993" lon="152.915366579491">        <ele>90.3855147053738</ele>        <time></time>      </trkpt>
      <trkpt lat="-27.447147921041" lon="152.915860996309">        <ele>93.069334910163</ele>        <time></time>      </trkpt>
      <trkpt lat="-27.4473377539106" lon="152.916304303966">        <ele>95.9551417331752</ele>        <time></time>      </trkpt>
      <trkpt lat="-27.4477204970106" lon="152.916505887339">        <ele>99.2185510888159</ele>        <time></time>      </trkpt>
      <trkpt lat="-27.4480714365685" lon="152.916803828363">        <ele>95.0406475482343</ele>        <time></time>      </trkpt>
      <trkpt lat="-27.4485075194218" lon="152.916925799819">        <ele>89.3635329545123</ele>        <time></time>      </trkpt>
      <trkpt lat="-27.4489541437189" lon="152.916899411907">        <ele>87.1855815599701</ele>        <time></time>      </trkpt>
      <trkpt lat="-27.4493811258684" lon="152.917065862392">        <ele>92.0009396326417</ele>        <time></time>      </trkpt>
      <trkpt lat="-27.4496300000137" lon="152.91743509628">        <ele>95.9934506281791</ele>        <time></time>      </trkpt>
      <trkpt lat="-27.4494068235843" lon="152.917800907681">        <ele>93.5455758557603</ele>        <time></time>      </trkpt>
      <trkpt lat="-27.4490355404627" lon="152.918001914998">        <ele>93.4243948061164</ele>        <time></time>      </trkpt>
      <trkpt lat="-27.4490589892066" lon="152.9184921211">        <ele>102.797978136248</ele>        <time></time>      </trkpt>
      <trkpt lat="-27.4492324888523" lon="152.918960043424">        <ele>103.970582235755</ele>        <time></time>      </trkpt>
      <trkpt lat="-27.4493646118373" lon="152.91944074108">        <ele>99.5186585003162</ele>        <time></time>      </trkpt>
      <trkpt lat="-27.4495345293958" lon="152.919901025065">        <ele>95.3509018677417</ele>        <time></time>      </trkpt>
      <trkpt lat="-27.4498936373094" lon="152.920208831301">        <ele>103.182876683122</ele>        <time></time>      </trkpt>
      <trkpt lat="-27.4501532922616" lon="152.920591843964">        <ele>103.870687612619</ele>        <time></time>      </trkpt>
      <trkpt lat="-27.4502393185131" lon="152.921081162076">        <ele>98.3736908914025</ele>        <time></time>      </trkpt>
      <trkpt lat="-27.4506453592347" lon="152.921242772605">        <ele>93.8879725850592</ele>        <time></time>      </trkpt>
      <trkpt lat="-27.4510960526588" lon="152.921225992878">        <ele>91.2871785406771</ele>        <time></time>      </trkpt>
      <trkpt lat="-27.451536350732" lon="152.921123108416">        <ele>90.2278510725591</ele>        <time></time>      </trkpt>
      <trkpt lat="-27.4519809318761" lon="152.921111024688">        <ele>90.8370050538773</ele>        <time></time>      </trkpt>
      <trkpt lat="-27.452431426003" lon="152.92115325857">        <ele>94.4463715860072</ele>        <time></time>      </trkpt>
      <trkpt lat="-27.4527095873613" lon="152.921418507657">        <ele>94.5719602891401</ele>        <time></time>      </trkpt>
      <trkpt lat="-27.4524344448144" lon="152.921796138588">        <ele>92.1469053077836</ele>        <time></time>      </trkpt>
      <trkpt lat="-27.4520542845536" lon="152.922070352603">        <ele>92.6408753693282</ele>        <time></time>      </trkpt>
      <trkpt lat="-27.4518986495028" lon="152.922499165444">        <ele>100.22313630927</ele>        <time></time>      </trkpt>
      <trkpt lat="-27.4516992018867" lon="152.922890178669">        <ele>108.542079541926</ele>        <time></time>      </trkpt>
      <trkpt lat="-27.4513058653332" lon="152.923103276092">        <ele>111.758978725473</ele>        <time></time>      </trkpt>
      <trkpt lat="-27.4508633240806" lon="152.923002456548">        <ele>106.698981488805</ele>        <time></time>      </trkpt>
      <trkpt lat="-27.4504320455921" lon="152.9230226136">        <ele>96.9879651170641</ele>        <time></time>      </trkpt>
      <trkpt lat="-27.4501331683802" lon="152.923399413052">        <ele>92.1072908838024</ele>        <time></time>      </trkpt>
      <trkpt lat="-27.449961267307" lon="152.923866058654">        <ele>85.3555671472982</ele>        <time></time>      </trkpt>
      <trkpt lat="-27.4498294990973" lon="152.924350786116">        <ele>83.5776637202338</ele>        <time></time>      </trkpt>
      <trkpt lat="-27.4496977291963" lon="152.924835512429">        <ele>81.914467630261</ele>        <time></time>      </trkpt>
      <trkpt lat="-27.4495659576041" lon="152.925320237594">        <ele>83.7855163930002</ele>        <time></time>      </trkpt>
      <trkpt lat="-27.4494683354967" lon="152.925808832045">        <ele>83.712975174937</ele>        <time></time>      </trkpt>
      <trkpt lat="-27.4495108822462" lon="152.926313312139">        <ele>85.4696886238735</ele>        <time></time>      </trkpt>
      <trkpt lat="-27.4493769278283" lon="152.926760041272">        <ele>89.4457982744819</ele>        <time></time>      </trkpt>
      <trkpt lat="-27.4489501128254" lon="152.926912213597">        <ele>85.9261330592133</ele>        <time></time>      </trkpt>
      <trkpt lat="-27.4488719757946" lon="152.927331334505">        <ele>91.411908250736</ele>        <time></time>      </trkpt>
      <trkpt lat="-27.4490246341108" lon="152.927718353715">        <ele>97.1830105109966</ele>        <time></time>      </trkpt>
      <trkpt lat="-27.4487766637974" lon="152.928103353922">        <ele>92.215102707878</ele>        <time></time>      </trkpt>
      <trkpt lat="-27.4487345303699" lon="152.928603225341">        <ele>86.0645494472094</ele>        <time></time>      </trkpt>
      <trkpt lat="-27.4483931107795" lon="152.928865554365">        <ele>78.9361376689067</ele>        <time></time>      </trkpt>
      <trkpt lat="-27.4479635902871" lon="152.929023585576">        <ele>73.4144306566725</ele>        <time></time>      </trkpt>
      <trkpt lat="-27.44753" lon="152.92916">        <ele>73</ele>        <time></time>      </trkpt>
    </trkseg>
  </trk>
</gpx>
