<?xml version="1.0" encoding="UTF-8" standalone="no"?>
<gpx xmlns="http://www.topografix.com/GPX/1/1" xmlns:xsi="http://www.w3.org/2001/XMLSchema-instance" xsi:schemaLocation="http://www.topografix.com/GPX/1/1 http://www.topografix.com/GPX/1/1/gpx.xsd" version="1.1" creator="Metric Trails">
  <metadata>
    <name>Metric Trails Generated GPX</name>
    <desc>This track was generated by Metric Trails technology for GNSS trajectory processing.</desc>
    <author>
      <name>Metric Trails</name>
      <link href="https://www.metrictrails.com"/>
    </author>
    <time>2025-10-30T14:41:50Z</time>
  </metadata>
  <trk>
    <name>Metric Trails. Track standarized to 49.6-meter spatial resolution</name>
    <trkseg>
      <trkpt lat="-33.428319005" lon="-70.533785323">        <ele>739.437714469736</ele>        <time></time>      </trkpt>
      <trkpt lat="-33.4286964053891" lon="-70.5335872034388">        <ele>742.017208230461</ele>        <time></time>      </trkpt>
      <trkpt lat="-33.4290316427652" lon="-70.5338898363136">        <ele>743.629828954379</ele>        <time></time>      </trkpt>
      <trkpt lat="-33.4294835908136" lon="-70.5339187171356">        <ele>747.314306558955</ele>        <time></time>      </trkpt>
      <trkpt lat="-33.4299319308816" lon="-70.5339371773119">        <ele>747.794234854146</ele>        <time></time>      </trkpt>
      <trkpt lat="-33.4303835805434" lon="-70.5339377367501">        <ele>744.859298594241</ele>        <time></time>      </trkpt>
      <trkpt lat="-33.4308355427419" lon="-70.5339423800669">        <ele>744.291783052194</ele>        <time></time>      </trkpt>
      <trkpt lat="-33.4312862370225" lon="-70.5339270393458">        <ele>744.253506127454</ele>        <time></time>      </trkpt>
      <trkpt lat="-33.4316932507442" lon="-70.5339166364567">        <ele>737.729833912741</ele>        <time></time>      </trkpt>
      <trkpt lat="-33.4320124368799" lon="-70.5342983697823">        <ele>733.659232321523</ele>        <time></time>      </trkpt>
      <trkpt lat="-33.4321665980195" lon="-70.5342585880759">        <ele>732.032849843882</ele>        <time></time>      </trkpt>
      <trkpt lat="-33.432008096928" lon="-70.5337591532125">        <ele>735.470070849785</ele>        <time></time>      </trkpt>
      <trkpt lat="-33.431843467044" lon="-70.5332721028757">        <ele>734.947269490695</ele>        <time></time>      </trkpt>
      <trkpt lat="-33.4316398663779" lon="-70.5328031515706">        <ele>740.212740685228</ele>        <time></time>      </trkpt>
      <trkpt lat="-33.4315056942197" lon="-70.5322913580204">        <ele>740.044925321541</ele>        <time></time>      </trkpt>
      <trkpt lat="-33.4312915556612" lon="-70.5318222220568">        <ele>746.971065996779</ele>        <time></time>      </trkpt>
      <trkpt lat="-33.430983957253" lon="-70.531434363297">        <ele>751.4677820316</ele>        <time></time>      </trkpt>
      <trkpt lat="-33.4308532574128" lon="-70.5309248017724">        <ele>751.533401103385</ele>        <time></time>      </trkpt>
      <trkpt lat="-33.4308252223228" lon="-70.5303928523042">        <ele>749.825480433605</ele>        <time></time>      </trkpt>
      <trkpt lat="-33.4306521206156" lon="-70.5299122745517">        <ele>753.245070505662</ele>        <time></time>      </trkpt>
      <trkpt lat="-33.4303905511012" lon="-70.529471553483">        <ele>759.128244514745</ele>        <time></time>      </trkpt>
      <trkpt lat="-33.4302634913734" lon="-70.5289620634725">        <ele>763.070182274203</ele>        <time></time>      </trkpt>
      <trkpt lat="-33.4301815406946" lon="-70.5284406437473">        <ele>765.376731724491</ele>        <time></time>      </trkpt>
      <trkpt lat="-33.4301195428662" lon="-70.5279076161698">        <ele>767.534550342035</ele>        <time></time>      </trkpt>
      <trkpt lat="-33.430014392289" lon="-70.5273958594053">        <ele>769.820193627976</ele>        <time></time>      </trkpt>
      <trkpt lat="-33.4300414937862" lon="-70.526856943101">        <ele>770.495548809739</ele>        <time></time>      </trkpt>
      <trkpt lat="-33.429932507822" lon="-70.5263412584598">        <ele>770.923878168672</ele>        <time></time>      </trkpt>
      <trkpt lat="-33.4299132900389" lon="-70.5258117865821">        <ele>775.196273565946</ele>        <time></time>      </trkpt>
      <trkpt lat="-33.429991477106" lon="-70.5252819314751">        <ele>775.799930392241</ele>        <time></time>      </trkpt>
      <trkpt lat="-33.4300604133476" lon="-70.5247501085216">        <ele>779.288490477166</ele>        <time></time>      </trkpt>
      <trkpt lat="-33.4301056265317" lon="-70.5242129697226">        <ele>784.075084582014</ele>        <time></time>      </trkpt>
      <trkpt lat="-33.4301465359075" lon="-70.5236756507452">        <ele>786.663638070443</ele>        <time></time>      </trkpt>
      <trkpt lat="-33.4301745625337" lon="-70.5231380374727">        <ele>789.170689572844</ele>        <time></time>      </trkpt>
      <trkpt lat="-33.4302166734576" lon="-70.5226012577661">        <ele>790.91893823394</ele>        <time></time>      </trkpt>
      <trkpt lat="-33.4303430415588" lon="-70.5220873458793">        <ele>792.853699278557</ele>        <time></time>      </trkpt>
      <trkpt lat="-33.4306401281495" lon="-70.5216974972449">        <ele>800.492197942895</ele>        <time></time>      </trkpt>
      <trkpt lat="-33.4310777846578" lon="-70.5215702895776">        <ele>803.030452173078</ele>        <time></time>      </trkpt>
      <trkpt lat="-33.4313736695936" lon="-70.521275900111">        <ele>807.511251553515</ele>        <time></time>      </trkpt>
      <trkpt lat="-33.4313468535089" lon="-70.520814100252">        <ele>818.141455203427</ele>        <time></time>      </trkpt>
      <trkpt lat="-33.4314748521321" lon="-70.5202975884346">        <ele>827.476885766859</ele>        <time></time>      </trkpt>
      <trkpt lat="-33.4316077006208" lon="-70.5197856327428">        <ele>839.878976580389</ele>        <time></time>      </trkpt>
      <trkpt lat="-33.4316618631752" lon="-70.5192641095725">        <ele>851.679527883671</ele>        <time></time>      </trkpt>
      <trkpt lat="-33.4316380968827" lon="-70.5187645326138">        <ele>860.120262877849</ele>        <time></time>      </trkpt>
      <trkpt lat="-33.4313737818156" lon="-70.5191599222717">        <ele>858.884889544989</ele>        <time></time>      </trkpt>
      <trkpt lat="-33.431043433166" lon="-70.5195069354328">        <ele>850.564895677552</ele>        <time></time>      </trkpt>
      <trkpt lat="-33.4306893104296" lon="-70.5198004573473">        <ele>851.693390066102</ele>        <time></time>      </trkpt>
      <trkpt lat="-33.4303566869503" lon="-70.5197705233598">        <ele>851.996386613051</ele>        <time></time>      </trkpt>
      <trkpt lat="-33.4299271965221" lon="-70.519676431336">        <ele>858.068441671733</ele>        <time></time>      </trkpt>
      <trkpt lat="-33.4301018763459" lon="-70.5193637734605">        <ele>862.702258542502</ele>        <time></time>      </trkpt>
      <trkpt lat="-33.4304947321617" lon="-70.5191180459142">        <ele>866.521182015472</ele>        <time></time>      </trkpt>
      <trkpt lat="-33.4304130169897" lon="-70.5187954737488">        <ele>873.457941784925</ele>        <time></time>      </trkpt>
      <trkpt lat="-33.4300459767704" lon="-70.5185007934985">        <ele>881.577025962797</ele>        <time></time>      </trkpt>
      <trkpt lat="-33.4296609235926" lon="-70.518241322994">        <ele>886.590396230774</ele>        <time></time>      </trkpt>
      <trkpt lat="-33.429980101236" lon="-70.5179451805043">        <ele>892.470917038461</ele>        <time></time>      </trkpt>
      <trkpt lat="-33.430213865847" lon="-70.5175111855805">        <ele>900.523959939664</ele>        <time></time>      </trkpt>
      <trkpt lat="-33.42983125" lon="-70.517415999">        <ele>908.273545832354</ele>        <time></time>      </trkpt>
      <trkpt lat="-33.42983125" lon="-70.517415999">        <ele>908.427576199293</ele>        <time></time>      </trkpt>
      <trkpt lat="-33.4293902509768" lon="-70.5173213892804">        <ele>914.077699222376</ele>        <time></time>      </trkpt>
      <trkpt lat="-33.4289854723676" lon="-70.517215524846">        <ele>922.774901946405</ele>        <time></time>      </trkpt>
      <trkpt lat="-33.4286717475546" lon="-70.5170476610429">        <ele>932.056222715629</ele>        <time></time>      </trkpt>
      <trkpt lat="-33.4290867256821" lon="-70.5168473953107">        <ele>934.427438180124</ele>        <time></time>      </trkpt>
      <trkpt lat="-33.429506112084" lon="-70.5166720604214">        <ele>937.868798759728</ele>        <time></time>      </trkpt>
      <trkpt lat="-33.429172604442" lon="-70.5165121016991">        <ele>945.229974654665</ele>        <time></time>      </trkpt>
      <trkpt lat="-33.4294489714706" lon="-70.516193667118">        <ele>957.247053054408</ele>        <time></time>      </trkpt>
      <trkpt lat="-33.4298125186624" lon="-70.5158893843975">        <ele>959.418053812589</ele>        <time></time>      </trkpt>
      <trkpt lat="-33.4295696269712" lon="-70.5155673337693">        <ele>966.440120616133</ele>        <time></time>      </trkpt>
      <trkpt lat="-33.4291781395319" lon="-70.5153089177526">        <ele>976.142626643343</ele>        <time></time>      </trkpt>
      <trkpt lat="-33.4287872311988" lon="-70.5150435915187">        <ele>982.811100573383</ele>        <time></time>      </trkpt>
      <trkpt lat="-33.4287996688185" lon="-70.5147189626121">        <ele>991.441924261063</ele>        <time></time>      </trkpt>
      <trkpt lat="-33.4291920181469" lon="-70.5144869540755">        <ele>1000.62637315303</ele>        <time></time>      </trkpt>
      <trkpt lat="-33.4292558156979" lon="-70.5141341366691">        <ele>1004.25755129544</ele>        <time></time>      </trkpt>
      <trkpt lat="-33.428956655518" lon="-70.5137986961099">        <ele>1010.64722832088</ele>        <time></time>      </trkpt>
      <trkpt lat="-33.4288127156647" lon="-70.5132829012621">        <ele>1017.79396822802</ele>        <time></time>      </trkpt>
      <trkpt lat="-33.4285600736723" lon="-70.512828350278">        <ele>1022.42455819698</ele>        <time></time>      </trkpt>
      <trkpt lat="-33.4284930484382" lon="-70.512301375025">        <ele>1029.09366306027</ele>        <time></time>      </trkpt>
      <trkpt lat="-33.4284997024469" lon="-70.5117548715858">        <ele>1032.11486862687</ele>        <time></time>      </trkpt>
      <trkpt lat="-33.4284499803589" lon="-70.5112134510967">        <ele>1032.8207182632</ele>        <time></time>      </trkpt>
      <trkpt lat="-33.4286029980843" lon="-70.5107114056049">        <ele>1033.579656695</ele>        <time></time>      </trkpt>
      <trkpt lat="-33.4287772481284" lon="-70.5102144324585">        <ele>1031.32563981378</ele>        <time></time>      </trkpt>
      <trkpt lat="-33.4288439301058" lon="-70.5096735358254">        <ele>1028.13148620842</ele>        <time></time>      </trkpt>
      <trkpt lat="-33.4288935427148" lon="-70.5091304414866">        <ele>1023.75531046988</ele>        <time></time>      </trkpt>
      <trkpt lat="-33.4290252048901" lon="-70.5086163051888">        <ele>1017.35659813468</ele>        <time></time>      </trkpt>
      <trkpt lat="-33.4291403707485" lon="-70.5080906887464">        <ele>1026.06828482437</ele>        <time></time>      </trkpt>
      <trkpt lat="-33.4291916800851" lon="-70.5075487517566">        <ele>1028.84073253035</ele>        <time></time>      </trkpt>
      <trkpt lat="-33.4292476696835" lon="-70.5070137491954">        <ele>1030.97800556281</ele>        <time></time>      </trkpt>
      <trkpt lat="-33.4291431922004" lon="-70.5064831109294">        <ele>1029.42096493075</ele>        <time></time>      </trkpt>
      <trkpt lat="-33.4292685823191" lon="-70.5059646087426">        <ele>1030.46205837187</ele>        <time></time>      </trkpt>
      <trkpt lat="-33.4293096366145" lon="-70.5054254171943">        <ele>1037.19772641215</ele>        <time></time>      </trkpt>
      <trkpt lat="-33.4291658337631" lon="-70.5049215350052">        <ele>1039.69609948225</ele>        <time></time>      </trkpt>
      <trkpt lat="-33.4289988921873" lon="-70.5044142365085">        <ele>1042.63368017551</ele>        <time></time>      </trkpt>
      <trkpt lat="-33.4287897611795" lon="-70.503934959771">        <ele>1044.05064733221</ele>        <time></time>      </trkpt>
      <trkpt lat="-33.428709625" lon="-70.503397788">        <ele>1047.0873838529</ele>        <time></time>      </trkpt>
      <trkpt lat="-33.428709625" lon="-70.503397788">        <ele>1047.05328509801</ele>        <time></time>      </trkpt>
      <trkpt lat="-33.4285380772961" lon="-70.5028922464705">        <ele>1050.63053169406</ele>        <time></time>      </trkpt>
      <trkpt lat="-33.4282829740811" lon="-70.5024360400776">        <ele>1052.04154177356</ele>        <time></time>      </trkpt>
      <trkpt lat="-33.4280593532825" lon="-70.501976221781">        <ele>1051.25805346846</ele>        <time></time>      </trkpt>
      <trkpt lat="-33.4280412410259" lon="-70.5014345398957">        <ele>1061.16110231838</ele>        <time></time>      </trkpt>
      <trkpt lat="-33.4278329291036" lon="-70.5009544850676">        <ele>1067.85808333165</ele>        <time></time>      </trkpt>
      <trkpt lat="-33.4276771569937" lon="-70.5004442255621">        <ele>1072.1687596962</ele>        <time></time>      </trkpt>
      <trkpt lat="-33.4275978246215" lon="-70.4999034595873">        <ele>1076.8052074534</ele>        <time></time>      </trkpt>
      <trkpt lat="-33.4278167608562" lon="-70.4994416199222">        <ele>1087.31227629945</ele>        <time></time>      </trkpt>
      <trkpt lat="-33.4281769546614" lon="-70.499149487896">        <ele>1092.83749107211</ele>        <time></time>      </trkpt>
      <trkpt lat="-33.4285096525377" lon="-70.4988142968032">        <ele>1101.91343104034</ele>        <time></time>      </trkpt>
      <trkpt lat="-33.4289179757269" lon="-70.4985932292418">        <ele>1110.67156890349</ele>        <time></time>      </trkpt>
      <trkpt lat="-33.4293235598862" lon="-70.4983469361326">        <ele>1126.23906981373</ele>        <time></time>      </trkpt>
      <trkpt lat="-33.4297345435483" lon="-70.498123208998">        <ele>1138.29804740054</ele>        <time></time>      </trkpt>
      <trkpt lat="-33.4301124432995" lon="-70.4978375698563">        <ele>1151.20238479475</ele>        <time></time>      </trkpt>
      <trkpt lat="-33.4305357161755" lon="-70.4979003399642">        <ele>1166.18305662053</ele>        <time></time>      </trkpt>
      <trkpt lat="-33.4309336770863" lon="-70.497814222889">        <ele>1180.61578232965</ele>        <time></time>      </trkpt>
      <trkpt lat="-33.4311661609865" lon="-70.4974351681834">        <ele>1189.45571001409</ele>        <time></time>      </trkpt>
      <trkpt lat="-33.4313021594531" lon="-70.4969104080756">        <ele>1197.10610117535</ele>        <time></time>      </trkpt>
      <trkpt lat="-33.4314166342746" lon="-70.4963833337934">        <ele>1202.32525202076</ele>        <time></time>      </trkpt>
      <trkpt lat="-33.4315394214768" lon="-70.4958618422461">        <ele>1219.40632651161</ele>        <time></time>      </trkpt>
      <trkpt lat="-33.4316787780957" lon="-70.4953404651416">        <ele>1230.80991028096</ele>        <time></time>      </trkpt>
      <trkpt lat="-33.4317979197884" lon="-70.4948137543954">        <ele>1241.31895392486</ele>        <time></time>      </trkpt>
      <trkpt lat="-33.4318815279881" lon="-70.4943068024479">        <ele>1260.90402136446</ele>        <time></time>      </trkpt>
      <trkpt lat="-33.4315317824591" lon="-70.4946431900666">        <ele>1261.66951172793</ele>        <time></time>      </trkpt>
      <trkpt lat="-33.4311617840788" lon="-70.4946323427352">        <ele>1273.5780553891</ele>        <time></time>      </trkpt>
      <trkpt lat="-33.4313716315775" lon="-70.4941484663018">        <ele>1288.03116780562</ele>        <time></time>      </trkpt>
      <trkpt lat="-33.4316144414106" lon="-70.4936864467794">        <ele>1299.74919983449</ele>        <time></time>      </trkpt>
      <trkpt lat="-33.4318121536005" lon="-70.4931939042845">        <ele>1312.95989005956</ele>        <time></time>      </trkpt>
      <trkpt lat="-33.4319319468068" lon="-70.4926663083357">        <ele>1332.53817022887</ele>        <time></time>      </trkpt>
      <trkpt lat="-33.432237401971" lon="-70.4922631206748">        <ele>1347.53563682425</ele>        <time></time>      </trkpt>
      <trkpt lat="-33.4322136297742" lon="-70.4920970539066">        <ele>1357.55337970999</ele>        <time></time>      </trkpt>
      <trkpt lat="-33.4323690627837" lon="-70.491726899896">        <ele>1371.31178902933</ele>        <time></time>      </trkpt>
      <trkpt lat="-33.432307443157" lon="-70.4914674531994">        <ele>1385.43276594204</ele>        <time></time>      </trkpt>
      <trkpt lat="-33.4323435051114" lon="-70.4909804220426">        <ele>1401.41068637336</ele>        <time></time>      </trkpt>
      <trkpt lat="-33.4324734508174" lon="-70.4904555222854">        <ele>1413.88988258198</ele>        <time></time>      </trkpt>
      <trkpt lat="-33.4327599292433" lon="-70.4900535106002">        <ele>1414.79625695065</ele>        <time></time>      </trkpt>
      <trkpt lat="-33.4329707492704" lon="-70.4895752647827">        <ele>1422.18930858386</ele>        <time></time>      </trkpt>
      <trkpt lat="-33.4330701012756" lon="-70.489051459349">        <ele>1435.03379465524</ele>        <time></time>      </trkpt>
      <trkpt lat="-33.4327924199644" lon="-70.4886790684313">        <ele>1442.95677407693</ele>        <time></time>      </trkpt>
      <trkpt lat="-33.4324235456734" lon="-70.4885981816117">        <ele>1448.79403263444</ele>        <time></time>      </trkpt>
      <trkpt lat="-33.432122738097" lon="-70.4888498620154">        <ele>1450.40769398592</ele>        <time></time>      </trkpt>
      <trkpt lat="-33.43172144" lon="-70.48902615">        <ele>1452.40085079706</ele>        <time></time>      </trkpt>
      <trkpt lat="-33.43172144" lon="-70.48902615">        <ele>1452.38597834476</ele>        <time></time>      </trkpt>
      <trkpt lat="-33.4313617461086" lon="-70.4887249468293">        <ele>1455.73591856854</ele>        <time></time>      </trkpt>
      <trkpt lat="-33.4311988312615" lon="-70.4882431710762">        <ele>1454.58171427779</ele>        <time></time>      </trkpt>
      <trkpt lat="-33.4309531762024" lon="-70.4877932668448">        <ele>1461.83106519075</ele>        <time></time>      </trkpt>
      <trkpt lat="-33.4306996664487" lon="-70.4873466790532">        <ele>1461.59441545963</ele>        <time></time>      </trkpt>
      <trkpt lat="-33.4304121479309" lon="-70.4869358354198">        <ele>1466.23292660269</ele>        <time></time>      </trkpt>
      <trkpt lat="-33.4303795857466" lon="-70.4864147656194">        <ele>1467.66229153182</ele>        <time></time>      </trkpt>
      <trkpt lat="-33.4305075642781" lon="-70.485912010805">        <ele>1468.2104479478</ele>        <time></time>      </trkpt>
      <trkpt lat="-33.4307840399464" lon="-70.4855034902622">        <ele>1469.65407099201</ele>        <time></time>      </trkpt>
      <trkpt lat="-33.4309120596439" lon="-70.485045799832">        <ele>1467.34869598626</ele>        <time></time>      </trkpt>
      <trkpt lat="-33.43049398389" lon="-70.4848688559283">        <ele>1475.30897718199</ele>        <time></time>      </trkpt>
      <trkpt lat="-33.4300696035505" lon="-70.4847042276466">        <ele>1472.1705245816</ele>        <time></time>      </trkpt>
      <trkpt lat="-33.4296473750978" lon="-70.48451515476">        <ele>1465.13703675544</ele>        <time></time>      </trkpt>
      <trkpt lat="-33.4291986118961" lon="-70.484457336523">        <ele>1468.09728133376</ele>        <time></time>      </trkpt>
      <trkpt lat="-33.429094906287" lon="-70.4841233732653">        <ele>1462.19599634372</ele>        <time></time>      </trkpt>
      <trkpt lat="-33.4291421858019" lon="-70.4835995106791">        <ele>1452.54965576974</ele>        <time></time>      </trkpt>
      <trkpt lat="-33.4289110029779" lon="-70.4831742182975">        <ele>1462.52789143034</ele>        <time></time>      </trkpt>
      <trkpt lat="-33.4292638338369" lon="-70.4828557423107">        <ele>1461.89980550009</ele>        <time></time>      </trkpt>
      <trkpt lat="-33.4296173002967" lon="-70.4825480732707">        <ele>1459.7910051084</ele>        <time></time>      </trkpt>
      <trkpt lat="-33.4298255929469" lon="-70.4821012386342">        <ele>1457.02089442128</ele>        <time></time>      </trkpt>
      <trkpt lat="-33.4298041154214" lon="-70.481572074324">        <ele>1463.14081684977</ele>        <time></time>      </trkpt>
      <trkpt lat="-33.4299019417091" lon="-70.4811469456044">        <ele>1467.18407762994</ele>        <time></time>      </trkpt>
      <trkpt lat="-33.4303459714117" lon="-70.4810516497645">        <ele>1456.92021429975</ele>        <time></time>      </trkpt>
      <trkpt lat="-33.430708320307" lon="-70.4807547973319">        <ele>1470.94058489768</ele>        <time></time>      </trkpt>
      <trkpt lat="-33.4309713665498" lon="-70.4803278938023">        <ele>1477.34705081418</ele>        <time></time>      </trkpt>
      <trkpt lat="-33.4312269664541" lon="-70.4798911350169">        <ele>1488.7186360956</ele>        <time></time>      </trkpt>
      <trkpt lat="-33.4315087093302" lon="-70.4794856036623">        <ele>1493.41089918759</ele>        <time></time>      </trkpt>
      <trkpt lat="-33.431892902103" lon="-70.4792094702602">        <ele>1492.72766846884</ele>        <time></time>      </trkpt>
      <trkpt lat="-33.432295424401" lon="-70.4789992437866">        <ele>1494.57128938895</ele>        <time></time>      </trkpt>
      <trkpt lat="-33.4327214337497" lon="-70.4788370753054">        <ele>1489.56986962824</ele>        <time></time>      </trkpt>
      <trkpt lat="-33.4330334197979" lon="-70.4784849032545">        <ele>1499.52973018227</ele>        <time></time>      </trkpt>
      <trkpt lat="-33.4327260792214" lon="-70.4781829814757">        <ele>1505.42544641327</ele>        <time></time>      </trkpt>
      <trkpt lat="-33.4323206309119" lon="-70.4779503037754">        <ele>1500.78561193565</ele>        <time></time>      </trkpt>
      <trkpt lat="-33.4318915380651" lon="-70.4777826465638">        <ele>1477.57372952262</ele>        <time></time>      </trkpt>
      <trkpt lat="-33.431471887" lon="-70.477584619">        <ele>1481.76487016059</ele>        <time></time>      </trkpt>
      <trkpt lat="-33.431471887" lon="-70.477584619">        <ele>1481.03350688189</ele>        <time></time>      </trkpt>
      <trkpt lat="-33.4311391487282" lon="-70.477239744493">        <ele>1470.15859570281</ele>        <time></time>      </trkpt>
      <trkpt lat="-33.4311684025191" lon="-70.4767464961414">        <ele>1466.75451027095</ele>        <time></time>      </trkpt>
      <trkpt lat="-33.4313890796167" lon="-70.4762798518057">        <ele>1459.77746525483</ele>        <time></time>      </trkpt>
      <trkpt lat="-33.4316256617822" lon="-70.4758325005565">        <ele>1453.49147998257</ele>        <time></time>      </trkpt>
      <trkpt lat="-33.4317840011709" lon="-70.4753371069828">        <ele>1445.13213080857</ele>        <time></time>      </trkpt>
      <trkpt lat="-33.4319089760866" lon="-70.4748231512553">        <ele>1447.0874447151</ele>        <time></time>      </trkpt>
      <trkpt lat="-33.4320648921702" lon="-70.4743193278253">        <ele>1448.97787513651</ele>        <time></time>      </trkpt>
      <trkpt lat="-33.4320466040821" lon="-70.473782267775">        <ele>1454.29049729707</ele>        <time></time>      </trkpt>
      <trkpt lat="-33.4320538658461" lon="-70.4732415281624">        <ele>1449.57488129411</ele>        <time></time>      </trkpt>
      <trkpt lat="-33.4320544001714" lon="-70.4727002795981">        <ele>1446.92332814551</ele>        <time></time>      </trkpt>
      <trkpt lat="-33.432167300827" lon="-70.4721941679219">        <ele>1442.38103884665</ele>        <time></time>      </trkpt>
      <trkpt lat="-33.4325576909542" lon="-70.47200133406">        <ele>1446.40057726329</ele>        <time></time>      </trkpt>
      <trkpt lat="-33.432719138035" lon="-70.4715178374987">        <ele>1447.11928036176</ele>        <time></time>      </trkpt>
      <trkpt lat="-33.4329637512755" lon="-70.4710955636148">        <ele>1448.81421262007</ele>        <time></time>      </trkpt>
      <trkpt lat="-33.4333006315193" lon="-70.4707665191866">        <ele>1454.3846801053</ele>        <time></time>      </trkpt>
      <trkpt lat="-33.4336846194154" lon="-70.4705178145595">        <ele>1458.7121126474</ele>        <time></time>      </trkpt>
      <trkpt lat="-33.434098940261" lon="-70.4703137704229">        <ele>1460.04272922313</ele>        <time></time>      </trkpt>
      <trkpt lat="-33.4344802264741" lon="-70.470055035571">        <ele>1454.00028857537</ele>        <time></time>      </trkpt>
      <trkpt lat="-33.4347240076181" lon="-70.4696285629327">        <ele>1463.02331047269</ele>        <time></time>      </trkpt>
      <trkpt lat="-33.4349668623104" lon="-70.4691946004815">        <ele>1464.66694649868</ele>        <time></time>      </trkpt>
      <trkpt lat="-33.4352012463857" lon="-70.4687636397548">        <ele>1470.20124800865</ele>        <time></time>      </trkpt>
      <trkpt lat="-33.4353168353073" lon="-70.4682721752548">        <ele>1478.26600573596</ele>        <time></time>      </trkpt>
      <trkpt lat="-33.4355611938541" lon="-70.4679559258472">        <ele>1490.73464020794</ele>        <time></time>      </trkpt>
      <trkpt lat="-33.4359220498641" lon="-70.4677995131906">        <ele>1501.91086880682</ele>        <time></time>      </trkpt>
      <trkpt lat="-33.43629631948" lon="-70.4675066896772">        <ele>1512.41318402036</ele>        <time></time>      </trkpt>
      <trkpt lat="-33.4367035370808" lon="-70.4672811828324">        <ele>1514.60220428504</ele>        <time></time>      </trkpt>
      <trkpt lat="-33.4370603716459" lon="-70.4669541978145">        <ele>1517.22400855678</ele>        <time></time>      </trkpt>
      <trkpt lat="-33.4373673811249" lon="-70.4665560387113">        <ele>1528.322137185</ele>        <time></time>      </trkpt>
      <trkpt lat="-33.4377670357734" lon="-70.4663300611155">        <ele>1527.89400102697</ele>        <time></time>      </trkpt>
      <trkpt lat="-33.43818594" lon="-70.466142948">        <ele>1530.99230619269</ele>        <time></time>      </trkpt>
      <trkpt lat="-33.43818594" lon="-70.466142948">        <ele>1530.81707470465</ele>        <time></time>      </trkpt>
      <trkpt lat="-33.4385427556505" lon="-70.465826237203">        <ele>1529.94297206658</ele>        <time></time>      </trkpt>
      <trkpt lat="-33.4388107270791" lon="-70.4653907311206">        <ele>1536.86257700824</ele>        <time></time>      </trkpt>
      <trkpt lat="-33.4392125517601" lon="-70.4651442836179">        <ele>1536.20063938951</ele>        <time></time>      </trkpt>
      <trkpt lat="-33.4396301838315" lon="-70.4651352371578">        <ele>1527.82070026842</ele>        <time></time>      </trkpt>
      <trkpt lat="-33.4398912533868" lon="-70.4647277040987">        <ele>1534.62007103819</ele>        <time></time>      </trkpt>
      <trkpt lat="-33.4401774634606" lon="-70.464334886083">        <ele>1541.02852609962</ele>        <time></time>      </trkpt>
      <trkpt lat="-33.4404579604418" lon="-70.463965022691">        <ele>1542.47585640316</ele>        <time></time>      </trkpt>
      <trkpt lat="-33.4403472989497" lon="-70.4634422669145">        <ele>1554.57997593314</ele>        <time></time>      </trkpt>
      <trkpt lat="-33.440396441299" lon="-70.4629263280353">        <ele>1559.44401632716</ele>        <time></time>      </trkpt>
      <trkpt lat="-33.4406723263145" lon="-70.4625038261693">        <ele>1555.46838575847</ele>        <time></time>      </trkpt>
      <trkpt lat="-33.4408635031622" lon="-70.4620138766205">        <ele>1568.83372435107</ele>        <time></time>      </trkpt>
      <trkpt lat="-33.4411292481219" lon="-70.4615884662485">        <ele>1575.12726848725</ele>        <time></time>      </trkpt>
      <trkpt lat="-33.4415400253868" lon="-70.4616349514787">        <ele>1576.33616918459</ele>        <time></time>      </trkpt>
      <trkpt lat="-33.441676416083" lon="-70.4621330790381">        <ele>1568.60419741581</ele>        <time></time>      </trkpt>
      <trkpt lat="-33.44187878461" lon="-70.4626034873682">        <ele>1562.69262340348</ele>        <time></time>      </trkpt>
      <trkpt lat="-33.4420730381506" lon="-70.4630752432452">        <ele>1558.79624988258</ele>        <time></time>      </trkpt>
      <trkpt lat="-33.4424411870595" lon="-70.4632757016329">        <ele>1561.08965427173</ele>        <time></time>      </trkpt>
      <trkpt lat="-33.4428466010501" lon="-70.4634327168041">        <ele>1566.74596015076</ele>        <time></time>      </trkpt>
      <trkpt lat="-33.4432764749171" lon="-70.463572150159">        <ele>1576.06354189258</ele>        <time></time>      </trkpt>
      <trkpt lat="-33.4437208005843" lon="-70.4635923533439">        <ele>1581.19562464208</ele>        <time></time>      </trkpt>
      <trkpt lat="-33.4441526051274" lon="-70.4635956334948">        <ele>1591.49605919162</ele>        <time></time>      </trkpt>
      <trkpt lat="-33.4445702326009" lon="-70.4635307790417">        <ele>1598.60908935219</ele>        <time></time>      </trkpt>
      <trkpt lat="-33.444843516598" lon="-70.4631412293783">        <ele>1607.11210026964</ele>        <time></time>      </trkpt>
      <trkpt lat="-33.4451312406798" lon="-70.4627411726922">        <ele>1619.00352456312</ele>        <time></time>      </trkpt>
      <trkpt lat="-33.4448950295484" lon="-70.4624107334619">        <ele>1624.93213129291</ele>        <time></time>      </trkpt>
      <trkpt lat="-33.4446189028873" lon="-70.4622046999992">        <ele>1633.76080581388</ele>        <time></time>      </trkpt>
      <trkpt lat="-33.4446273033336" lon="-70.4619163401922">        <ele>1652.5225528109</ele>        <time></time>      </trkpt>
      <trkpt lat="-33.4443016062014" lon="-70.4616142507596">        <ele>1666.18963932869</ele>        <time></time>      </trkpt>
      <trkpt lat="-33.4439540887252" lon="-70.4612778004665">        <ele>1676.92753413293</ele>        <time></time>      </trkpt>
      <trkpt lat="-33.443676496" lon="-70.460852443">        <ele>1683.71424117961</ele>        <time></time>      </trkpt>
      <trkpt lat="-33.443676496" lon="-70.460852443">        <ele>1683.9985188091</ele>        <time></time>      </trkpt>
      <trkpt lat="-33.4433025520488" lon="-70.4605429692786">        <ele>1682.12916036517</ele>        <time></time>      </trkpt>
      <trkpt lat="-33.4429068000631" lon="-70.4602716749076">        <ele>1686.34365500063</ele>        <time></time>      </trkpt>
      <trkpt lat="-33.4425085194024" lon="-70.4600203501447">        <ele>1690.47703118195</ele>        <time></time>      </trkpt>
      <trkpt lat="-33.4422001042336" lon="-70.4596331363709">        <ele>1690.7175836424</ele>        <time></time>      </trkpt>
      <trkpt lat="-33.4419161535281" lon="-70.4592193224022">        <ele>1708.74681827993</ele>        <time></time>      </trkpt>
      <trkpt lat="-33.4415621835172" lon="-70.4588989953869">        <ele>1725.60600087785</ele>        <time></time>      </trkpt>
      <trkpt lat="-33.4412981957726" lon="-70.4584747486261">        <ele>1735.60981936212</ele>        <time></time>      </trkpt>
      <trkpt lat="-33.4408797855058" lon="-70.4582675045379">        <ele>1738.95825449519</ele>        <time></time>      </trkpt>
      <trkpt lat="-33.4404415767419" lon="-70.4581245834147">        <ele>1748.52813222305</ele>        <time></time>      </trkpt>
      <trkpt lat="-33.4400767853181" lon="-70.4579978890023">        <ele>1751.63874878624</ele>        <time></time>      </trkpt>
      <trkpt lat="-33.4404261712145" lon="-70.4576645990044">        <ele>1765.41543586233</ele>        <time></time>      </trkpt>
      <trkpt lat="-33.4408241769649" lon="-70.4574206614625">        <ele>1783.97339529587</ele>        <time></time>      </trkpt>
      <trkpt lat="-33.4410193389494" lon="-70.4569368707812">        <ele>1808.99030016104</ele>        <time></time>      </trkpt>
      <trkpt lat="-33.4411791093099" lon="-70.4564267967245">        <ele>1828.03299795471</ele>        <time></time>      </trkpt>
      <trkpt lat="-33.441303083511" lon="-70.4559141814633">        <ele>1841.57435595648</ele>        <time></time>      </trkpt>
      <trkpt lat="-33.4413585954005" lon="-70.4553858737454">        <ele>1850.93363840249</ele>        <time></time>      </trkpt>
      <trkpt lat="-33.4415023571074" lon="-70.4548780350047">        <ele>1863.91414866663</ele>        <time></time>      </trkpt>
      <trkpt lat="-33.441537895331" lon="-70.4543569077371">        <ele>1869.18464339733</ele>        <time></time>      </trkpt>
      <trkpt lat="-33.4416436201432" lon="-70.4538386448923">        <ele>1870.04871247316</ele>        <time></time>      </trkpt>
      <trkpt lat="-33.4418495151461" lon="-70.4533589431819">        <ele>1880.29750258395</ele>        <time></time>      </trkpt>
      <trkpt lat="-33.4420445532143" lon="-70.4528715020319">        <ele>1886.31092034127</ele>        <time></time>      </trkpt>
      <trkpt lat="-33.4422709058991" lon="-70.4524132766892">        <ele>1897.34692562488</ele>        <time></time>      </trkpt>
      <trkpt lat="-33.4426746944827" lon="-70.4522268448627">        <ele>1906.75706086478</ele>        <time></time>      </trkpt>
      <trkpt lat="-33.443030019" lon="-70.4519824">        <ele>1913.67523737902</ele>        <time></time>      </trkpt>
      <trkpt lat="-33.443030019" lon="-70.4519824">        <ele>1913.61197022307</ele>        <time></time>      </trkpt>
      <trkpt lat="-33.4434705487882" lon="-70.451901283331">        <ele>1920.46449002302</ele>        <time></time>      </trkpt>
      <trkpt lat="-33.4438630902794" lon="-70.4519202310125">        <ele>1925.38347272673</ele>        <time></time>      </trkpt>
      <trkpt lat="-33.4442035517491" lon="-70.4522785228952">        <ele>1925.25262663148</ele>        <time></time>      </trkpt>
      <trkpt lat="-33.4445535901218" lon="-70.4526265123983">        <ele>1924.37332837024</ele>        <time></time>      </trkpt>
      <trkpt lat="-33.4449077174825" lon="-70.452948038216">        <ele>1921.77028018461</ele>        <time></time>      </trkpt>
      <trkpt lat="-33.4453461516805" lon="-70.4530464760834">        <ele>1920.74814225618</ele>        <time></time>      </trkpt>
      <trkpt lat="-33.4457813398082" lon="-70.452951445681">        <ele>1922.47177996124</ele>        <time></time>      </trkpt>
      <trkpt lat="-33.4462339767901" lon="-70.4530395526529">        <ele>1925.69040220138</ele>        <time></time>      </trkpt>
      <trkpt lat="-33.4466450119097" lon="-70.4532000086075">        <ele>1930.99417840433</ele>        <time></time>      </trkpt>
      <trkpt lat="-33.4470912439843" lon="-70.4532983135376">        <ele>1934.06761698668</ele>        <time></time>      </trkpt>
      <trkpt lat="-33.4475425441008" lon="-70.4533907664777">        <ele>1946.09393507817</ele>        <time></time>      </trkpt>
      <trkpt lat="-33.4479939358659" lon="-70.4534783273097">        <ele>1954.58689617899</ele>        <time></time>      </trkpt>
      <trkpt lat="-33.4484094304707" lon="-70.4534058268687">        <ele>1948.95408491126</ele>        <time></time>      </trkpt>
      <trkpt lat="-33.4487840547124" lon="-70.4531044095754">        <ele>1941.61399857626</ele>        <time></time>      </trkpt>
      <trkpt lat="-33.4490146720344" lon="-70.4526752774191">        <ele>1936.30131239932</ele>        <time></time>      </trkpt>
      <trkpt lat="-33.4491832109556" lon="-70.452184369401">        <ele>1934.71272609005</ele>        <time></time>      </trkpt>
      <trkpt lat="-33.4493112361025" lon="-70.4516590236088">        <ele>1937.7790773378</ele>        <time></time>      </trkpt>
      <trkpt lat="-33.4496552934875" lon="-70.4513299518675">        <ele>1924.6567984939</ele>        <time></time>      </trkpt>
      <trkpt lat="-33.449912922" lon="-70.45089274">        <ele>1926.24392599081</ele>        <time></time>      </trkpt>
      <trkpt lat="-33.449912922" lon="-70.45089274">        <ele>1926.56786741995</ele>        <time></time>      </trkpt>
      <trkpt lat="-33.4501489303501" lon="-70.4504782287344">        <ele>1933.22634684005</ele>        <time></time>      </trkpt>
      <trkpt lat="-33.4505309372608" lon="-70.450206452942">        <ele>1931.8324038456</ele>        <time></time>      </trkpt>
      <trkpt lat="-33.4509492144109" lon="-70.4502083889966">        <ele>1934.73974447609</ele>        <time></time>      </trkpt>
      <trkpt lat="-33.451092598217" lon="-70.449990746028">        <ele>1948.28998010728</ele>        <time></time>      </trkpt>
      <trkpt lat="-33.4509578012851" lon="-70.4495540579601">        <ele>1973.53123117577</ele>        <time></time>      </trkpt>
      <trkpt lat="-33.4510564630471" lon="-70.4490836575794">        <ele>1993.34513239926</ele>        <time></time>      </trkpt>
      <trkpt lat="-33.4508925823911" lon="-70.4486403301877">        <ele>2015.97010065329</ele>        <time></time>      </trkpt>
      <trkpt lat="-33.4507415162699" lon="-70.4482350439549">        <ele>2034.92090455603</ele>        <time></time>      </trkpt>
      <trkpt lat="-33.4508428013996" lon="-70.4477115636789">        <ele>2056.37961847718</ele>        <time></time>      </trkpt>
      <trkpt lat="-33.4511663529825" lon="-70.4473396200354">        <ele>2072.23098588601</ele>        <time></time>      </trkpt>
      <trkpt lat="-33.4511751271728" lon="-70.4469832328849">        <ele>2086.6713952338</ele>        <time></time>      </trkpt>
      <trkpt lat="-33.4510838112577" lon="-70.446564912209">        <ele>2108.66216266194</ele>        <time></time>      </trkpt>
      <trkpt lat="-33.4514539939671" lon="-70.4463508002805">        <ele>2101.58674381794</ele>        <time></time>      </trkpt>
      <trkpt lat="-33.4513369110089" lon="-70.4459190288607">        <ele>2122.52302342814</ele>        <time></time>      </trkpt>
      <trkpt lat="-33.4511822809235" lon="-70.4455855962546">        <ele>2147.97526847545</ele>        <time></time>      </trkpt>
      <trkpt lat="-33.451121916" lon="-70.4451599">        <ele>2163.51593950897</ele>        <time></time>      </trkpt>
      <trkpt lat="-33.451121916" lon="-70.4451599">        <ele>2163.48000860288</ele>        <time></time>      </trkpt>
      <trkpt lat="-33.4510712637174" lon="-70.4446380201434">        <ele>2183.54394749576</ele>        <time></time>      </trkpt>
      <trkpt lat="-33.4508884610102" lon="-70.444250904176">        <ele>2196.40704727247</ele>        <time></time>      </trkpt>
      <trkpt lat="-33.4508796020223" lon="-70.4437466854286">        <ele>2215.81797121989</ele>        <time></time>      </trkpt>
      <trkpt lat="-33.4509964590356" lon="-70.4432458294827">        <ele>2221.94453784974</ele>        <time></time>      </trkpt>
      <trkpt lat="-33.4510757548725" lon="-70.442702648259">        <ele>2234.73288585598</ele>        <time></time>      </trkpt>
      <trkpt lat="-33.4513726516936" lon="-70.4425709378775">        <ele>2218.23799680209</ele>        <time></time>      </trkpt>
      <trkpt lat="-33.4513095094122" lon="-70.4420311876641">        <ele>2217.26977139374</ele>        <time></time>      </trkpt>
      <trkpt lat="-33.4513416713099" lon="-70.4414743503955">        <ele>2220.52217325898</ele>        <time></time>      </trkpt>
      <trkpt lat="-33.4515592108669" lon="-70.4412942616737">        <ele>2224.3325895272</ele>        <time></time>      </trkpt>
      <trkpt lat="-33.4519599131933" lon="-70.4412777931025">        <ele>2222.86553479608</ele>        <time></time>      </trkpt>
      <trkpt lat="-33.4518467622919" lon="-70.4407867517161">        <ele>2250.38620977621</ele>        <time></time>      </trkpt>
      <trkpt lat="-33.451765709" lon="-70.44034716">        <ele>2276.47421639964</ele>        <time></time>      </trkpt>
      <trkpt lat="-33.451765709" lon="-70.44034716">        <ele>2276.1303274476</ele>        <time></time>      </trkpt>
      <trkpt lat="-33.4516270305532" lon="-70.4399286217734">        <ele>2301.92616986675</ele>        <time></time>      </trkpt>
      <trkpt lat="-33.4516494399553" lon="-70.4395267996671">        <ele>2312.20346286816</ele>        <time></time>      </trkpt>
      <trkpt lat="-33.4514385872788" lon="-70.4390402765483">        <ele>2329.46909187578</ele>        <time></time>      </trkpt>
      <trkpt lat="-33.4515221362069" lon="-70.438523801799">        <ele>2342.53194652705</ele>        <time></time>      </trkpt>
      <trkpt lat="-33.4517986664722" lon="-70.4380695088571">        <ele>2346.1557478002</ele>        <time></time>      </trkpt>
      <trkpt lat="-33.4514827330792" lon="-70.4378491812531">        <ele>2362.3764524155</ele>        <time></time>      </trkpt>
      <trkpt lat="-33.4513948319023" lon="-70.437329207514">        <ele>2380.21526310463</ele>        <time></time>      </trkpt>
      <trkpt lat="-33.4513954059796" lon="-70.436818531394">        <ele>2392.96298375747</ele>        <time></time>      </trkpt>
      <trkpt lat="-33.4513278210921" lon="-70.4363233808992">        <ele>2408.14443150375</ele>        <time></time>      </trkpt>
      <trkpt lat="-33.4514212499146" lon="-70.4358977963575">        <ele>2429.63237091614</ele>        <time></time>      </trkpt>
      <trkpt lat="-33.4514837319917" lon="-70.4353547106724">        <ele>2443.51543705116</ele>        <time></time>      </trkpt>
      <trkpt lat="-33.4518351086851" lon="-70.435125247645">        <ele>2459.31152813163</ele>        <time></time>      </trkpt>
      <trkpt lat="-33.452210295" lon="-70.43489123">        <ele>2472.95363060612</ele>        <time></time>      </trkpt>
      <trkpt lat="-33.452210295" lon="-70.43489123">        <ele>2472.74122645466</ele>        <time></time>      </trkpt>
      <trkpt lat="-33.4524824813332" lon="-70.4349302759004">        <ele>2474.15056506373</ele>        <time></time>      </trkpt>
      <trkpt lat="-33.4525473920209" lon="-70.4344151439308">        <ele>2496.18227457383</ele>        <time></time>      </trkpt>
      <trkpt lat="-33.4526167683246" lon="-70.4338859709273">        <ele>2516.46731981107</ele>        <time></time>      </trkpt>
      <trkpt lat="-33.4528399255522" lon="-70.4334009956884">        <ele>2542.85676101828</ele>        <time></time>      </trkpt>
      <trkpt lat="-33.4532882560403" lon="-70.4333529343232">        <ele>2555.27817186228</ele>        <time></time>      </trkpt>
      <trkpt lat="-33.4537279190044" lon="-70.4331720904749">        <ele>2566.90664692125</ele>        <time></time>      </trkpt>
      <trkpt lat="-33.4541390000051" lon="-70.4329095130176">        <ele>2580.3694315265</ele>        <time></time>      </trkpt>
      <trkpt lat="-33.4545580410255" lon="-70.4327067799965">        <ele>2590.8954207123</ele>        <time></time>      </trkpt>
      <trkpt lat="-33.4549995223794" lon="-70.4325314880057">        <ele>2597.39345262257</ele>        <time></time>      </trkpt>
      <trkpt lat="-33.455443440518" lon="-70.4323761569311">        <ele>2614.48490755005</ele>        <time></time>      </trkpt>
      <trkpt lat="-33.4558443801331" lon="-70.4321129389586">        <ele>2621.20243481329</ele>        <time></time>      </trkpt>
      <trkpt lat="-33.4562322471205" lon="-70.4318804635931">        <ele>2620.98964632371</ele>        <time></time>      </trkpt>
      <trkpt lat="-33.456641092879" lon="-70.4317478044581">        <ele>2630.61098061763</ele>        <time></time>      </trkpt>
      <trkpt lat="-33.4571006475651" lon="-70.4317552017387">        <ele>2644.93237447215</ele>        <time></time>      </trkpt>
      <trkpt lat="-33.4575357031042" lon="-70.4317600129163">        <ele>2661.01641310947</ele>        <time></time>      </trkpt>
      <trkpt lat="-33.4579883933913" lon="-70.4317436515007">        <ele>2672.96243474866</ele>        <time></time>      </trkpt>
      <trkpt lat="-33.457914361" lon="-70.431292114">        <ele>2687.32915667524</ele>        <time></time>      </trkpt>
      <trkpt lat="-33.457914361" lon="-70.431292114">        <ele>2687.50687735743</ele>        <time></time>      </trkpt>
      <trkpt lat="-33.4578544657776" lon="-70.4307570555095">        <ele>2699.49926499496</ele>        <time></time>      </trkpt>
      <trkpt lat="-33.4576682543662" lon="-70.4302796632108">        <ele>2711.17519894688</ele>        <time></time>      </trkpt>
      <trkpt lat="-33.4575008911035" lon="-70.4297920819594">        <ele>2724.62080450626</ele>        <time></time>      </trkpt>
      <trkpt lat="-33.457371741945" lon="-70.4292802097474">        <ele>2737.42214262777</ele>        <time></time>      </trkpt>
      <trkpt lat="-33.4572157241803" lon="-70.4287734582952">        <ele>2755.58803849391</ele>        <time></time>      </trkpt>
      <trkpt lat="-33.456983699638" lon="-70.4283346048225">        <ele>2772.07033838961</ele>        <time></time>      </trkpt>
      <trkpt lat="-33.4566520394394" lon="-70.4279945698294">        <ele>2780.26649937331</ele>        <time></time>      </trkpt>
      <trkpt lat="-33.4568081204649" lon="-70.42783201234">        <ele>2786.39810412823</ele>        <time></time>      </trkpt>
      <trkpt lat="-33.4572104783933" lon="-70.4276918637404">        <ele>2796.93122352076</ele>        <time></time>      </trkpt>
      <trkpt lat="-33.457638998675" lon="-70.4278078206457">        <ele>2809.42419326009</ele>        <time></time>      </trkpt>
      <trkpt lat="-33.4580008806229" lon="-70.4281287921965">        <ele>2820.98041727219</ele>        <time></time>      </trkpt>
      <trkpt lat="-33.458339129545" lon="-70.428482069736">        <ele>2827.91867924361</ele>        <time></time>      </trkpt>
      <trkpt lat="-33.4587836702853" lon="-70.4285904024649">        <ele>2841.28151733442</ele>        <time></time>      </trkpt>
      <trkpt lat="-33.4592147182308" lon="-70.4287088621711">        <ele>2847.36140877627</ele>        <time></time>      </trkpt>
      <trkpt lat="-33.4595489576615" lon="-70.4285569645196">        <ele>2864.15272626762</ele>        <time></time>      </trkpt>
      <trkpt lat="-33.4599757233879" lon="-70.4286657373355">        <ele>2873.0596533368</ele>        <time></time>      </trkpt>
      <trkpt lat="-33.4604080769819" lon="-70.4287349857852">        <ele>2886.84866199331</ele>        <time></time>      </trkpt>
      <trkpt lat="-33.4608556814305" lon="-70.4287673189092">        <ele>2896.41243197611</ele>        <time></time>      </trkpt>
      <trkpt lat="-33.4612968402144" lon="-70.4288093093528">        <ele>2899.58485104413</ele>        <time></time>      </trkpt>
      <trkpt lat="-33.4617310309895" lon="-70.4289519035387">        <ele>2905.93417174948</ele>        <time></time>      </trkpt>
      <trkpt lat="-33.462154884" lon="-70.429125487">        <ele>2910.67329678348</ele>        <time></time>      </trkpt>
      <trkpt lat="-33.462154884" lon="-70.429125487">        <ele>2910.72915284372</ele>        <time></time>      </trkpt>
      <trkpt lat="-33.4625621205064" lon="-70.4293927362494">        <ele>2918.66791972836</ele>        <time></time>      </trkpt>
      <trkpt lat="-33.4629362709888" lon="-70.429709163063">        <ele>2926.21873446416</ele>        <time></time>      </trkpt>
      <trkpt lat="-33.4633414141857" lon="-70.4299570091669">        <ele>2939.56937769941</ele>        <time></time>      </trkpt>
      <trkpt lat="-33.4637478853167" lon="-70.4301646082892">        <ele>2952.06543653431</ele>        <time></time>      </trkpt>
      <trkpt lat="-33.4639551201039" lon="-70.4306391369914">        <ele>2949.75353907294</ele>        <time></time>      </trkpt>
      <trkpt lat="-33.4639278773182" lon="-70.4311564197555">        <ele>2945.36310992637</ele>        <time></time>      </trkpt>
      <trkpt lat="-33.4640252661044" lon="-70.4316937398743">        <ele>2947.61624577814</ele>        <time></time>      </trkpt>
      <trkpt lat="-33.4642168798486" lon="-70.4321870490044">        <ele>2953.96364598295</ele>        <time></time>      </trkpt>
      <trkpt lat="-33.4644801818394" lon="-70.4326498407647">        <ele>2952.93826980879</ele>        <time></time>      </trkpt>
      <trkpt lat="-33.4647723638096" lon="-70.4330846831768">        <ele>2958.61628795674</ele>        <time></time>      </trkpt>
      <trkpt lat="-33.4651982121498" lon="-70.4333240166514">        <ele>2953.5034452543</ele>        <time></time>      </trkpt>
      <trkpt lat="-33.4656250435885" lon="-70.4335481005178">        <ele>2959.39787544672</ele>        <time></time>      </trkpt>
      <trkpt lat="-33.4660627009212" lon="-70.4337479414554">        <ele>2959.59442564229</ele>        <time></time>      </trkpt>
      <trkpt lat="-33.4665260083668" lon="-70.433679999545">        <ele>2956.20625782289</ele>        <time></time>      </trkpt>
      <trkpt lat="-33.4669956028214" lon="-70.4337126788919">        <ele>2961.1984633646</ele>        <time></time>      </trkpt>
      <trkpt lat="-33.4674336772611" lon="-70.4339162223535">        <ele>2964.23446119989</ele>        <time></time>      </trkpt>
      <trkpt lat="-33.4678953715239" lon="-70.434022795385">        <ele>2964.74377164368</ele>        <time></time>      </trkpt>
      <trkpt lat="-33.4683515293538" lon="-70.4339245298711">        <ele>2964.98158567287</ele>        <time></time>      </trkpt>
      <trkpt lat="-33.468748097397" lon="-70.4336373445115">        <ele>2965.65761747467</ele>        <time></time>      </trkpt>
      <trkpt lat="-33.469166588159" lon="-70.4333857511974">        <ele>2965.60370578057</ele>        <time></time>      </trkpt>
      <trkpt lat="-33.469595048" lon="-70.433156306">        <ele>2972.84254071771</ele>        <time></time>      </trkpt>
      <trkpt lat="-33.469595048" lon="-70.433156306">        <ele>2973.01168951358</ele>        <time></time>      </trkpt>
      <trkpt lat="-33.4699715025657" lon="-70.432858085225">        <ele>2972.67732832483</ele>        <time></time>      </trkpt>
      <trkpt lat="-33.4703557201722" lon="-70.4325677353843">        <ele>2975.89468487056</ele>        <time></time>      </trkpt>
      <trkpt lat="-33.4707701057768" lon="-70.4325445707499">        <ele>2982.79932509118</ele>        <time></time>      </trkpt>
      <trkpt lat="-33.4711886470304" lon="-70.4325205096296">        <ele>2989.71374525392</ele>        <time></time>      </trkpt>
      <trkpt lat="-33.4715994138261" lon="-70.4323170006842">        <ele>2999.55991533634</ele>        <time></time>      </trkpt>
      <trkpt lat="-33.4719261975728" lon="-70.4319998510291">        <ele>3005.24317855511</ele>        <time></time>      </trkpt>
      <trkpt lat="-33.4722347225502" lon="-70.4316533915471">        <ele>3021.17453985212</ele>        <time></time>      </trkpt>
      <trkpt lat="-33.47247042133" lon="-70.4312134243709">        <ele>3033.15220209722</ele>        <time></time>      </trkpt>
      <trkpt lat="-33.4728116965646" lon="-70.4310701977134">        <ele>3045.06775676034</ele>        <time></time>      </trkpt>
      <trkpt lat="-33.4730625263625" lon="-70.4315105660106">        <ele>3057.77980855892</ele>        <time></time>      </trkpt>
      <trkpt lat="-33.4732863691578" lon="-70.4319732664562">        <ele>3073.6688103666</ele>        <time></time>      </trkpt>
      <trkpt lat="-33.4735322279717" lon="-70.4324129437054">        <ele>3086.58303873569</ele>        <time></time>      </trkpt>
      <trkpt lat="-33.4738899135751" lon="-70.4322938241315">        <ele>3103.06424347064</ele>        <time></time>      </trkpt>
      <trkpt lat="-33.4742412006493" lon="-70.4320398006325">        <ele>3111.29024547093</ele>        <time></time>      </trkpt>
      <trkpt lat="-33.4745876779205" lon="-70.4317700132066">        <ele>3109.50251913969</ele>        <time></time>      </trkpt>
      <trkpt lat="-33.4750362828183" lon="-70.4318473063973">        <ele>3120.08828155346</ele>        <time></time>      </trkpt>
      <trkpt lat="-33.4754690977718" lon="-70.4317852801209">        <ele>3125.48094938439</ele>        <time></time>      </trkpt>
      <trkpt lat="-33.475907888497" lon="-70.4317637195327">        <ele>3128.92464971124</ele>        <time></time>      </trkpt>
      <trkpt lat="-33.47635424546" lon="-70.4316786459601">        <ele>3133.23461766532</ele>        <time></time>      </trkpt>
      <trkpt lat="-33.4768084907159" lon="-70.4316868043636">        <ele>3138.12093529617</ele>        <time></time>      </trkpt>
      <trkpt lat="-33.4772561193901" lon="-70.4316670788049">        <ele>3142.88945279299</ele>        <time></time>      </trkpt>
      <trkpt lat="-33.4776934908932" lon="-70.4316778190107">        <ele>3147.52981053286</ele>        <time></time>      </trkpt>
      <trkpt lat="-33.4781435839163" lon="-70.4316042443925">        <ele>3154.23404325531</ele>        <time></time>      </trkpt>
      <trkpt lat="-33.4785962438079" lon="-70.4316281411524">        <ele>3157.48327932052</ele>        <time></time>      </trkpt>
      <trkpt lat="-33.4790424869369" lon="-70.4316790128285">        <ele>3165.05480887722</ele>        <time></time>      </trkpt>
      <trkpt lat="-33.4794865632598" lon="-70.4316280812665">        <ele>3169.14944767702</ele>        <time></time>      </trkpt>
      <trkpt lat="-33.479934415" lon="-70.431683591">        <ele>3174.86036593395</ele>        <time></time>      </trkpt>
      <trkpt lat="-33.479934415" lon="-70.431683591">        <ele>3174.79517560405</ele>        <time></time>      </trkpt>
      <trkpt lat="-33.4803878538032" lon="-70.4317553265563">        <ele>3178.24353556837</ele>        <time></time>      </trkpt>
      <trkpt lat="-33.4808258490283" lon="-70.4318580940183">        <ele>3194.38250434245</ele>        <time></time>      </trkpt>
      <trkpt lat="-33.4812429494253" lon="-70.4320816859708">        <ele>3201.5810419931</ele>        <time></time>      </trkpt>
      <trkpt lat="-33.4811894180894" lon="-70.4316647437966">        <ele>3200.34516491215</ele>        <time></time>      </trkpt>
      <trkpt lat="-33.4813342166535" lon="-70.4311622784003">        <ele>3197.10919725045</ele>        <time></time>      </trkpt>
      <trkpt lat="-33.4815153701065" lon="-70.430670966853">        <ele>3191.73075463057</ele>        <time></time>      </trkpt>
      <trkpt lat="-33.4817610603039" lon="-70.4302266126615">        <ele>3186.90293678178</ele>        <time></time>      </trkpt>
      <trkpt lat="-33.4820709358668" lon="-70.4298447078867">        <ele>3182.70801637603</ele>        <time></time>      </trkpt>
      <trkpt lat="-33.4824287989556" lon="-70.4295061627358">        <ele>3181.33159498735</ele>        <time></time>      </trkpt>
      <trkpt lat="-33.4828609191417" lon="-70.4294348226666">        <ele>3176.94798510388</ele>        <time></time>      </trkpt>
      <trkpt lat="-33.4831214378041" lon="-70.4290710769763">        <ele>3173.04706945849</ele>        <time></time>      </trkpt>
      <trkpt lat="-33.4831281099923" lon="-70.4285448641848">        <ele>3171.17185826756</ele>        <time></time>      </trkpt>
      <trkpt lat="-33.4831142872751" lon="-70.4280027769902">        <ele>3164.46372229118</ele>        <time></time>      </trkpt>
      <trkpt lat="-33.4830406941478" lon="-70.4274695158435">        <ele>3159.50269244974</ele>        <time></time>      </trkpt>
      <trkpt lat="-33.4829934051021" lon="-70.4269426967218">        <ele>3149.89325984824</ele>        <time></time>      </trkpt>
      <trkpt lat="-33.4829506564007" lon="-70.4264172262468">        <ele>3149.18071286841</ele>        <time></time>      </trkpt>
      <trkpt lat="-33.4826763725999" lon="-70.4259837430958">        <ele>3142.37338579984</ele>        <time></time>      </trkpt>
      <trkpt lat="-33.4823450570437" lon="-70.4256133330271">        <ele>3133.4536132343</ele>        <time></time>      </trkpt>
      <trkpt lat="-33.482047378542" lon="-70.4252082518471">        <ele>3136.63533617672</ele>        <time></time>      </trkpt>
      <trkpt lat="-33.4817819932823" lon="-70.424766817486">        <ele>3135.67084238933</ele>        <time></time>      </trkpt>
      <trkpt lat="-33.4815106529318" lon="-70.4243344565261">        <ele>3138.23189877497</ele>        <time></time>      </trkpt>
      <trkpt lat="-33.4813364005003" lon="-70.4238352800645">        <ele>3138.13098298979</ele>        <time></time>      </trkpt>
      <trkpt lat="-33.4811206054918" lon="-70.4233990991169">        <ele>3136.87543746163</ele>        <time></time>      </trkpt>
      <trkpt lat="-33.4809312782323" lon="-70.4229398279444">        <ele>3119.90320105993</ele>        <time></time>      </trkpt>
      <trkpt lat="-33.4810445391671" lon="-70.4224321219026">        <ele>3114.52625089014</ele>        <time></time>      </trkpt>
      <trkpt lat="-33.4810874274092" lon="-70.4218985438618">        <ele>3122.12596430791</ele>        <time></time>      </trkpt>
      <trkpt lat="-33.4810750555036" lon="-70.4213608729773">        <ele>3114.93649398928</ele>        <time></time>      </trkpt>
      <trkpt lat="-33.481041028484" lon="-70.4208160648839">        <ele>3119.00487173851</ele>        <time></time>      </trkpt>
      <trkpt lat="-33.4810747364295" lon="-70.4202719621253">        <ele>3112.01814418964</ele>        <time></time>      </trkpt>
      <trkpt lat="-33.48102202" lon="-70.419729975">        <ele>3109.28506558431</ele>        <time></time>      </trkpt>
      <trkpt lat="-33.48102202" lon="-70.419729975">        <ele>3109.22637201533</ele>        <time></time>      </trkpt>
      <trkpt lat="-33.4809989595374" lon="-70.4191842771822">        <ele>3103.97524077116</ele>        <time></time>      </trkpt>
      <trkpt lat="-33.4811097275031" lon="-70.4186684379801">        <ele>3094.40929675532</ele>        <time></time>      </trkpt>
      <trkpt lat="-33.4814515795302" lon="-70.4183055554475">        <ele>3076.46363167049</ele>        <time></time>      </trkpt>
      <trkpt lat="-33.4817290567785" lon="-70.4178679421578">        <ele>3062.87511517958</ele>        <time></time>      </trkpt>
      <trkpt lat="-33.482022367417" lon="-70.4174637503032">        <ele>3059.15158660186</ele>        <time></time>      </trkpt>
      <trkpt lat="-33.4817759602936" lon="-70.4172011473799">        <ele>3052.82438260435</ele>        <time></time>      </trkpt>
      <trkpt lat="-33.4815253634743" lon="-70.4167918255043">        <ele>3040.1811215439</ele>        <time></time>      </trkpt>
      <trkpt lat="-33.4814154247514" lon="-70.4163319335896">        <ele>3022.85412129387</ele>        <time></time>      </trkpt>
      <trkpt lat="-33.4812253379022" lon="-70.4158867027383">        <ele>3000.24699753777</ele>        <time></time>      </trkpt>
      <trkpt lat="-33.4815602907053" lon="-70.4155442862673">        <ele>2993.28312432909</ele>        <time></time>      </trkpt>
      <trkpt lat="-33.4819134229675" lon="-70.4152046824286">        <ele>2987.83793098963</ele>        <time></time>      </trkpt>
      <trkpt lat="-33.4822207394823" lon="-70.4148074901797">        <ele>2983.96182519615</ele>        <time></time>      </trkpt>
      <trkpt lat="-33.4824678638852" lon="-70.4143467372182">        <ele>2974.84682952276</ele>        <time></time>      </trkpt>
      <trkpt lat="-33.4828061287861" lon="-70.4140029434786">        <ele>2970.73984284107</ele>        <time></time>      </trkpt>
      <trkpt lat="-33.4832572326066" lon="-70.4139121712294">        <ele>2964.60507815976</ele>        <time></time>      </trkpt>
      <trkpt lat="-33.4836452757268" lon="-70.4136422105263">        <ele>2951.36633772571</ele>        <time></time>      </trkpt>
      <trkpt lat="-33.4838540545238" lon="-70.4131686193329">        <ele>2935.12300614493</ele>        <time></time>      </trkpt>
      <trkpt lat="-33.4841004606657" lon="-70.412753860128">        <ele>2921.51141075492</ele>        <time></time>      </trkpt>
      <trkpt lat="-33.4844984415326" lon="-70.4125291870942">        <ele>2900.81348884339</ele>        <time></time>      </trkpt>
      <trkpt lat="-33.4849347401354" lon="-70.4123627267118">        <ele>2873.24895312825</ele>        <time></time>      </trkpt>
      <trkpt lat="-33.4852991047729" lon="-70.4120632988379">        <ele>2863.63829165009</ele>        <time></time>      </trkpt>
      <trkpt lat="-33.485455737796" lon="-70.4116902301445">        <ele>2854.67437520151</ele>        <time></time>      </trkpt>
      <trkpt lat="-33.4856555948693" lon="-70.4112664684953">        <ele>2845.21424717436</ele>        <time></time>      </trkpt>
      <trkpt lat="-33.4856370963028" lon="-70.4107184737578">        <ele>2835.79175847081</ele>        <time></time>      </trkpt>
      <trkpt lat="-33.4857375989869" lon="-70.4101871125203">        <ele>2835.16780202474</ele>        <time></time>      </trkpt>
      <trkpt lat="-33.4858699265738" lon="-70.4096651645199">        <ele>2825.25696951013</ele>        <time></time>      </trkpt>
      <trkpt lat="-33.4858776936852" lon="-70.4091350493956">        <ele>2816.46862653086</ele>        <time></time>      </trkpt>
      <trkpt lat="-33.4861669226596" lon="-70.4089073578324">        <ele>2814.22376740242</ele>        <time></time>      </trkpt>
      <trkpt lat="-33.486623862207" lon="-70.4089626291322">        <ele>2796.59797739199</ele>        <time></time>      </trkpt>
      <trkpt lat="-33.486866473" lon="-70.408691106">        <ele>2770.05637453014</ele>        <time></time>      </trkpt>
      <trkpt lat="-33.486866473" lon="-70.408691106">        <ele>2769.895643803</ele>        <time></time>      </trkpt>
      <trkpt lat="-33.4866528062681" lon="-70.4082297647169">        <ele>2773.5717325929</ele>        <time></time>      </trkpt>
      <trkpt lat="-33.4870351129306" lon="-70.4080672860062">        <ele>2759.91062260293</ele>        <time></time>      </trkpt>
      <trkpt lat="-33.4872816640254" lon="-70.4078173385722">        <ele>2736.21234631265</ele>        <time></time>      </trkpt>
      <trkpt lat="-33.4871782377062" lon="-70.407378151643">        <ele>2721.01317932306</ele>        <time></time>      </trkpt>
      <trkpt lat="-33.4875381516688" lon="-70.4071359481628">        <ele>2705.5960157641</ele>        <time></time>      </trkpt>
      <trkpt lat="-33.4876438599581" lon="-70.4067030339088">        <ele>2694.44822108611</ele>        <time></time>      </trkpt>
      <trkpt lat="-33.4880473904033" lon="-70.4065131346602">        <ele>2675.25517995067</ele>        <time></time>      </trkpt>
      <trkpt lat="-33.4880605624987" lon="-70.4061029493974">        <ele>2669.23456311088</ele>        <time></time>      </trkpt>
      <trkpt lat="-33.4881003991374" lon="-70.4056882449749">        <ele>2650.94865492936</ele>        <time></time>      </trkpt>
      <trkpt lat="-33.4882979211537" lon="-70.4052262557605">        <ele>2628.22820586753</ele>        <time></time>      </trkpt>
      <trkpt lat="-33.4884957990151" lon="-70.4047439465962">        <ele>2615.10185623123</ele>        <time></time>      </trkpt>
      <trkpt lat="-33.4886346560561" lon="-70.404231429796">        <ele>2610.42676514579</ele>        <time></time>      </trkpt>
      <trkpt lat="-33.4888940018224" lon="-70.4038249887354">        <ele>2605.16147656679</ele>        <time></time>      </trkpt>
      <trkpt lat="-33.4892166683369" lon="-70.4034635163561">        <ele>2591.24326804829</ele>        <time></time>      </trkpt>
      <trkpt lat="-33.489313221671" lon="-70.4031090673589">        <ele>2593.56115557731</ele>        <time></time>      </trkpt>
      <trkpt lat="-33.4894848467531" lon="-70.4027367720844">        <ele>2584.9834510909</ele>        <time></time>      </trkpt>
      <trkpt lat="-33.4898068429334" lon="-70.4024122235297">        <ele>2563.57553622944</ele>        <time></time>      </trkpt>
      <trkpt lat="-33.4900150297854" lon="-70.4020718513784">        <ele>2538.16874484561</ele>        <time></time>      </trkpt>
      <trkpt lat="-33.4901007551646" lon="-70.4016669654591">        <ele>2521.40402936024</ele>        <time></time>      </trkpt>
      <trkpt lat="-33.4898148764908" lon="-70.4013229211106">        <ele>2513.64227670133</ele>        <time></time>      </trkpt>
      <trkpt lat="-33.4899001862152" lon="-70.4008918931563">        <ele>2487.86270766016</ele>        <time></time>      </trkpt>
      <trkpt lat="-33.4898585266185" lon="-70.4004978106701">        <ele>2474.84444848005</ele>        <time></time>      </trkpt>
      <trkpt lat="-33.4896496237188" lon="-70.4000336482564">        <ele>2460.60657492236</ele>        <time></time>      </trkpt>
      <trkpt lat="-33.4894496836229" lon="-70.3995614821335">        <ele>2442.11219457734</ele>        <time></time>      </trkpt>
      <trkpt lat="-33.4893326624834" lon="-70.3990780563394">        <ele>2432.47120915453</ele>        <time></time>      </trkpt>
      <trkpt lat="-33.4892995142089" lon="-70.3985459632711">        <ele>2422.51679671955</ele>        <time></time>      </trkpt>
      <trkpt lat="-33.4890980599025" lon="-70.3980712725968">        <ele>2427.74942561924</ele>        <time></time>      </trkpt>
      <trkpt lat="-33.4891300830469" lon="-70.3975627829469">        <ele>2425.2872866889</ele>        <time></time>      </trkpt>
      <trkpt lat="-33.4891831100315" lon="-70.397025463628">        <ele>2419.50849287475</ele>        <time></time>      </trkpt>
      <trkpt lat="-33.48934868271" lon="-70.3965296976173">        <ele>2413.18575257971</ele>        <time></time>      </trkpt>
      <trkpt lat="-33.4895859003658" lon="-70.3960778389509">        <ele>2397.56404275622</ele>        <time></time>      </trkpt>
      <trkpt lat="-33.4898671139412" lon="-70.3956697533273">        <ele>2384.26137940627</ele>        <time></time>      </trkpt>
      <trkpt lat="-33.4901155261296" lon="-70.3952219754565">        <ele>2371.54610466038</ele>        <time></time>      </trkpt>
      <trkpt lat="-33.4904343794732" lon="-70.3948768447941">        <ele>2359.78968353306</ele>        <time></time>      </trkpt>
      <trkpt lat="-33.490669293486" lon="-70.3944263285471">        <ele>2349.66030718962</ele>        <time></time>      </trkpt>
      <trkpt lat="-33.490812991" lon="-70.393917786">        <ele>2341.46710551541</ele>        <time></time>      </trkpt>
      <trkpt lat="-33.490812991" lon="-70.393917786">        <ele>2341.20980090702</ele>        <time></time>      </trkpt>
      <trkpt lat="-33.4908022749405" lon="-70.3933690011602">        <ele>2344.42455239874</ele>        <time></time>      </trkpt>
      <trkpt lat="-33.4903875388329" lon="-70.393255535193">        <ele>2332.39121600068</ele>        <time></time>      </trkpt>
      <trkpt lat="-33.4899389706878" lon="-70.393215256146">        <ele>2321.64454578842</ele>        <time></time>      </trkpt>
      <trkpt lat="-33.4894976119" lon="-70.393060018107">        <ele>2314.58212906307</ele>        <time></time>      </trkpt>
      <trkpt lat="-33.4890484835644" lon="-70.3929974852863">        <ele>2314.890554651</ele>        <time></time>      </trkpt>
      <trkpt lat="-33.4886032222093" lon="-70.3929412868718">        <ele>2308.26047232538</ele>        <time></time>      </trkpt>
      <trkpt lat="-33.4881780887533" lon="-70.3928311045011">        <ele>2302.61386637244</ele>        <time></time>      </trkpt>
      <trkpt lat="-33.4877914705976" lon="-70.3928749128713">        <ele>2302.43829515576</ele>        <time></time>      </trkpt>
      <trkpt lat="-33.4873424141203" lon="-70.3928224993787">        <ele>2293.62788448375</ele>        <time></time>      </trkpt>
      <trkpt lat="-33.4868969600959" lon="-70.3929273012514">        <ele>2288.9859541632</ele>        <time></time>      </trkpt>
      <trkpt lat="-33.4865427014149" lon="-70.3926295193292">        <ele>2287.77551958596</ele>        <time></time>      </trkpt>
      <trkpt lat="-33.4861141997843" lon="-70.3924881418862">        <ele>2283.66456375332</ele>        <time></time>      </trkpt>
      <trkpt lat="-33.4856596231055" lon="-70.3924587224113">        <ele>2285.36486864646</ele>        <time></time>      </trkpt>
      <trkpt lat="-33.4853336799819" lon="-70.3922332573419">        <ele>2282.88076388908</ele>        <time></time>      </trkpt>
      <trkpt lat="-33.4850351864936" lon="-70.3918809186339">        <ele>2282.83141550638</ele>        <time></time>      </trkpt>
      <trkpt lat="-33.4846049739665" lon="-70.3917262447253">        <ele>2284.24445315798</ele>        <time></time>      </trkpt>
      <trkpt lat="-33.4841735575637" lon="-70.3915435844977">        <ele>2283.1405267047</ele>        <time></time>      </trkpt>
      <trkpt lat="-33.4837789481681" lon="-70.3912790773086">        <ele>2278.31341301869</ele>        <time></time>      </trkpt>
      <trkpt lat="-33.483331123402" lon="-70.3911687922681">        <ele>2279.10320297683</ele>        <time></time>      </trkpt>
      <trkpt lat="-33.4828993679103" lon="-70.3910522909805">        <ele>2284.50955731477</ele>        <time></time>      </trkpt>
      <trkpt lat="-33.4825546783168" lon="-70.3906983340686">        <ele>2286.15038557332</ele>        <time></time>      </trkpt>
      <trkpt lat="-33.4822547656947" lon="-70.3909067070756">        <ele>2285.68193070245</ele>        <time></time>      </trkpt>
      <trkpt lat="-33.4818750425853" lon="-70.3912152023519">        <ele>2278.63330646302</ele>        <time></time>      </trkpt>
      <trkpt lat="-33.4815085619283" lon="-70.3915328185702">        <ele>2270.10128118716</ele>        <time></time>      </trkpt>
      <trkpt lat="-33.4811285962934" lon="-70.3918026152856">        <ele>2269.13793683478</ele>        <time></time>      </trkpt>
      <trkpt lat="-33.4807009429143" lon="-70.3919817235021">        <ele>2266.70332522003</ele>        <time></time>      </trkpt>
      <trkpt lat="-33.4802494210845" lon="-70.3920586301755">        <ele>2264.97599152129</ele>        <time></time>      </trkpt>
      <trkpt lat="-33.479797732609" lon="-70.3920395034452">        <ele>2263.05551546607</ele>        <time></time>      </trkpt>
      <trkpt lat="-33.4793561879385" lon="-70.3919349651381">        <ele>2259.40633263296</ele>        <time></time>      </trkpt>
      <trkpt lat="-33.4789738811281" lon="-70.3920473678149">        <ele>2255.41361796743</ele>        <time></time>      </trkpt>
      <trkpt lat="-33.4787364193918" lon="-70.3918825701319">        <ele>2254.81425584304</ele>        <time></time>      </trkpt>
      <trkpt lat="-33.4785993731789" lon="-70.391416986043">        <ele>2247.9847924472</ele>        <time></time>      </trkpt>
      <trkpt lat="-33.4781603827628" lon="-70.3912986655357">        <ele>2245.69402162266</ele>        <time></time>      </trkpt>
      <trkpt lat="-33.4777198614517" lon="-70.3911723171523">        <ele>2243.63082823611</ele>        <time></time>      </trkpt>
      <trkpt lat="-33.4773128750222" lon="-70.3909667780128">        <ele>2240.56616844765</ele>        <time></time>      </trkpt>
      <trkpt lat="-33.4770797552015" lon="-70.3905026366033">        <ele>2232.53133652017</ele>        <time></time>      </trkpt>
      <trkpt lat="-33.4766579044151" lon="-70.3903722538596">        <ele>2233.48106251125</ele>        <time></time>      </trkpt>
      <trkpt lat="-33.4762034649079" lon="-70.3903260952">        <ele>2234.48262469001</ele>        <time></time>      </trkpt>
      <trkpt lat="-33.475763162" lon="-70.390419024">        <ele>2234.14812712444</ele>        <time></time>      </trkpt>
      <trkpt lat="-33.475763162" lon="-70.390419024">        <ele>2234.48171920806</ele>        <time></time>      </trkpt>
      <trkpt lat="-33.475335227537" lon="-70.3902912047973">        <ele>2234.57029485404</ele>        <time></time>      </trkpt>
      <trkpt lat="-33.4748875660758" lon="-70.3902803275672">        <ele>2233.04317384534</ele>        <time></time>      </trkpt>
      <trkpt lat="-33.4744461369451" lon="-70.3901906519951">        <ele>2238.79541305134</ele>        <time></time>      </trkpt>
      <trkpt lat="-33.4740088428008" lon="-70.3900596826921">        <ele>2240.63771404016</ele>        <time></time>      </trkpt>
      <trkpt lat="-33.4735728558541" lon="-70.390019287225">        <ele>2247.66671541222</ele>        <time></time>      </trkpt>
      <trkpt lat="-33.4731256423182" lon="-70.3899617475037">        <ele>2249.8490095038</ele>        <time></time>      </trkpt>
      <trkpt lat="-33.4727197752086" lon="-70.3897235131418">        <ele>2248.3082393246</ele>        <time></time>      </trkpt>
      <trkpt lat="-33.4723477518284" lon="-70.3894149682817">        <ele>2238.66950861733</ele>        <time></time>      </trkpt>
      <trkpt lat="-33.4719830902627" lon="-70.3891005737638">        <ele>2240.32210962682</ele>        <time></time>      </trkpt>
      <trkpt lat="-33.4716918744759" lon="-70.388692922478">        <ele>2243.04758979318</ele>        <time></time>      </trkpt>
      <trkpt lat="-33.471351784164" lon="-70.3883460370516">        <ele>2240.46974790932</ele>        <time></time>      </trkpt>
      <trkpt lat="-33.4709615538129" lon="-70.3880719044748">        <ele>2242.50796272935</ele>        <time></time>      </trkpt>
      <trkpt lat="-33.4706489758818" lon="-70.3877063229928">        <ele>2252.6482596929</ele>        <time></time>      </trkpt>
      <trkpt lat="-33.4702077276998" lon="-70.3876217439466">        <ele>2238.71175230666</ele>        <time></time>      </trkpt>
      <trkpt lat="-33.4697707287466" lon="-70.3875314724515">        <ele>2238.51089025097</ele>        <time></time>      </trkpt>
      <trkpt lat="-33.4693336581506" lon="-70.3874237586811">        <ele>2239.16251351314</ele>        <time></time>      </trkpt>
      <trkpt lat="-33.4689108463009" lon="-70.3872662734167">        <ele>2241.59287741301</ele>        <time></time>      </trkpt>
      <trkpt lat="-33.4684759110478" lon="-70.3873433050929">        <ele>2229.76698402184</ele>        <time></time>      </trkpt>
      <trkpt lat="-33.46803376037" lon="-70.3872326442826">        <ele>2218.86956024151</ele>        <time></time>      </trkpt>
      <trkpt lat="-33.467594897932" lon="-70.3871098021515">        <ele>2220.81433406708</ele>        <time></time>      </trkpt>
      <trkpt lat="-33.4671560202271" lon="-70.387185304713">        <ele>2215.23970641321</ele>        <time></time>      </trkpt>
      <trkpt lat="-33.4667101921388" lon="-70.3871212227614">        <ele>2213.72751497369</ele>        <time></time>      </trkpt>
      <trkpt lat="-33.4662817106802" lon="-70.3869485179505">        <ele>2213.51951277466</ele>        <time></time>      </trkpt>
      <trkpt lat="-33.4658368265313" lon="-70.3869836542374">        <ele>2202.80824773499</ele>        <time></time>      </trkpt>
      <trkpt lat="-33.4653996421339" lon="-70.3868612889442">        <ele>2201.67383389873</ele>        <time></time>      </trkpt>
      <trkpt lat="-33.4649613859773" lon="-70.3869827422424">        <ele>2194.08181775046</ele>        <time></time>      </trkpt>
      <trkpt lat="-33.4645478244514" lon="-70.3871502710316">        <ele>2193.39442540995</ele>        <time></time>      </trkpt>
      <trkpt lat="-33.4641750163397" lon="-70.3874564277039">        <ele>2187.65861618931</ele>        <time></time>      </trkpt>
      <trkpt lat="-33.4638649813116" lon="-70.3878469499936">        <ele>2183.8178504031</ele>        <time></time>      </trkpt>
      <trkpt lat="-33.4637445987411" lon="-70.3883644550905">        <ele>2173.81042476793</ele>        <time></time>      </trkpt>
      <trkpt lat="-33.4635155686004" lon="-70.388815729192">        <ele>2171.12089220596</ele>        <time></time>      </trkpt>
      <trkpt lat="-33.4632161520424" lon="-70.3892210215629">        <ele>2167.99997883669</ele>        <time></time>      </trkpt>
      <trkpt lat="-33.4629939142639" lon="-70.3896917723918">        <ele>2155.46750408763</ele>        <time></time>      </trkpt>
      <trkpt lat="-33.462700362" lon="-70.390081187">        <ele>2147.10718598857</ele>        <time></time>      </trkpt>
      <trkpt lat="-33.462700362" lon="-70.390081187">        <ele>2147.06885097383</ele>        <time></time>      </trkpt>
      <trkpt lat="-33.462280031279" lon="-70.3902943227186">        <ele>2139.76816466562</ele>        <time></time>      </trkpt>
      <trkpt lat="-33.4618316347016" lon="-70.3902549330738">        <ele>2131.36107739165</ele>        <time></time>      </trkpt>
      <trkpt lat="-33.461512434263" lon="-70.3899057364">        <ele>2139.40473244999</ele>        <time></time>      </trkpt>
      <trkpt lat="-33.4611367674556" lon="-70.3901428025044">        <ele>2123.32533300231</ele>        <time></time>      </trkpt>
      <trkpt lat="-33.4608174654197" lon="-70.390531240626">        <ele>2109.48480243501</ele>        <time></time>      </trkpt>
      <trkpt lat="-33.4603801397198" lon="-70.3906659184343">        <ele>2100.05751336686</ele>        <time></time>      </trkpt>
      <trkpt lat="-33.459922369874" lon="-70.3906664088532">        <ele>2089.46106400056</ele>        <time></time>      </trkpt>
      <trkpt lat="-33.4594746762167" lon="-70.3905749609365">        <ele>2079.10898403104</ele>        <time></time>      </trkpt>
      <trkpt lat="-33.4590398024502" lon="-70.3904266251962">        <ele>2073.75738304648</ele>        <time></time>      </trkpt>
      <trkpt lat="-33.4585966337871" lon="-70.3903309037532">        <ele>2058.77281721646</ele>        <time></time>      </trkpt>
      <trkpt lat="-33.4582699692975" lon="-70.3906678262055">        <ele>2033.18775706122</ele>        <time></time>      </trkpt>
      <trkpt lat="-33.4579524583387" lon="-70.3910559757832">        <ele>2017.12571442342</ele>        <time></time>      </trkpt>
      <trkpt lat="-33.4575681915376" lon="-70.3913501094105">        <ele>2011.18495092263</ele>        <time></time>      </trkpt>
      <trkpt lat="-33.4571681207459" lon="-70.3916083320479">        <ele>2000.46537386194</ele>        <time></time>      </trkpt>
      <trkpt lat="-33.4567260321638" lon="-70.3917444020047">        <ele>1997.267431508</ele>        <time></time>      </trkpt>
      <trkpt lat="-33.4562955261526" lon="-70.3919260179296">        <ele>1985.09409842721</ele>        <time></time>      </trkpt>
      <trkpt lat="-33.4559232012133" lon="-70.3922121751328">        <ele>1977.53193660936</ele>        <time></time>      </trkpt>
      <trkpt lat="-33.4556082088103" lon="-70.3926059549052">        <ele>1972.97197502487</ele>        <time></time>      </trkpt>
      <trkpt lat="-33.4552633232354" lon="-70.3929602468726">        <ele>1978.35479378637</ele>        <time></time>      </trkpt>
      <trkpt lat="-33.4549006685068" lon="-70.3932891589386">        <ele>1985.99492830888</ele>        <time></time>      </trkpt>
      <trkpt lat="-33.4545062779583" lon="-70.3935657507957">        <ele>1986.92896465591</ele>        <time></time>      </trkpt>
      <trkpt lat="-33.4540621441806" lon="-70.3936841094949">        <ele>1988.42039272138</ele>        <time></time>      </trkpt>
      <trkpt lat="-33.4536098510964" lon="-70.393767086587">        <ele>1986.37750073605</ele>        <time></time>      </trkpt>
      <trkpt lat="-33.4531590588555" lon="-70.3938305424554">        <ele>1975.75498299556</ele>        <time></time>      </trkpt>
      <trkpt lat="-33.4527074422361" lon="-70.3939195861173">        <ele>1974.76673107316</ele>        <time></time>      </trkpt>
      <trkpt lat="-33.4523804712947" lon="-70.3942752957448">        <ele>1963.8475533944</ele>        <time></time>      </trkpt>
      <trkpt lat="-33.4519676611128" lon="-70.3945079218349">        <ele>1959.9114386377</ele>        <time></time>      </trkpt>
      <trkpt lat="-33.4515472876617" lon="-70.3947138775126">        <ele>1953.93235274358</ele>        <time></time>      </trkpt>
      <trkpt lat="-33.4510923656144" lon="-70.3947166887529">        <ele>1946.56140565353</ele>        <time></time>      </trkpt>
      <trkpt lat="-33.4506368358165" lon="-70.3947516369381">        <ele>1939.29831176962</ele>        <time></time>      </trkpt>
      <trkpt lat="-33.4501955744052" lon="-70.3946791388634">        <ele>1939.55960207665</ele>        <time></time>      </trkpt>
      <trkpt lat="-33.4498521682013" lon="-70.3950059241585">        <ele>1939.11230041493</ele>        <time></time>      </trkpt>
      <trkpt lat="-33.4494352861587" lon="-70.3952132234104">        <ele>1940.8207266176</ele>        <time></time>      </trkpt>
      <trkpt lat="-33.4489918175023" lon="-70.3953219691985">        <ele>1937.69878684659</ele>        <time></time>      </trkpt>
      <trkpt lat="-33.4485535460633" lon="-70.3952847090777">        <ele>1938.2256706316</ele>        <time></time>      </trkpt>
      <trkpt lat="-33.4482998146816" lon="-70.3957168030961">        <ele>1938.98390714244</ele>        <time></time>      </trkpt>
      <trkpt lat="-33.4480242019545" lon="-70.3961522653354">        <ele>1944.2341855669</ele>        <time></time>      </trkpt>
      <trkpt lat="-33.447661076606" lon="-70.3964563113251">        <ele>1952.13542352883</ele>        <time></time>      </trkpt>
      <trkpt lat="-33.4473572402331" lon="-70.396863067797">        <ele>1948.30855252523</ele>        <time></time>      </trkpt>
      <trkpt lat="-33.4471032506304" lon="-70.3973021693906">        <ele>1948.32553374848</ele>        <time></time>      </trkpt>
      <trkpt lat="-33.4466579783586" lon="-70.3974021079048">        <ele>1955.49351529966</ele>        <time></time>      </trkpt>
      <trkpt lat="-33.4462192023505" lon="-70.3975330155836">        <ele>1958.02617839423</ele>        <time></time>      </trkpt>
      <trkpt lat="-33.4458380878626" lon="-70.3978183899171">        <ele>1953.9326735293</ele>        <time></time>      </trkpt>
      <trkpt lat="-33.4453888388777" lon="-70.397869234578">        <ele>1957.82626529003</ele>        <time></time>      </trkpt>
      <trkpt lat="-33.4449457484436" lon="-70.3979850175619">        <ele>1953.07344281941</ele>        <time></time>      </trkpt>
      <trkpt lat="-33.4445239248022" lon="-70.3981922460952">        <ele>1944.49549967296</ele>        <time></time>      </trkpt>
      <trkpt lat="-33.4441227550754" lon="-70.3984246653278">        <ele>1945.07661404008</ele>        <time></time>      </trkpt>
      <trkpt lat="-33.443722020565" lon="-70.3986376928662">        <ele>1951.87640622378</ele>        <time></time>      </trkpt>
      <trkpt lat="-33.4433309225805" lon="-70.3988499806242">        <ele>1951.74422528992</ele>        <time></time>      </trkpt>
      <trkpt lat="-33.4430084636832" lon="-70.3992344627746">        <ele>1941.89955311817</ele>        <time></time>      </trkpt>
      <trkpt lat="-33.4426303151042" lon="-70.3995404595323">        <ele>1932.51781724301</ele>        <time></time>      </trkpt>
      <trkpt lat="-33.4422676500569" lon="-70.3998714901748">        <ele>1927.68215460945</ele>        <time></time>      </trkpt>
      <trkpt lat="-33.441850855" lon="-70.400073169">        <ele>1926.70319068194</ele>        <time></time>      </trkpt>
      <trkpt lat="-33.441850855" lon="-70.400073169">        <ele>1926.83633311895</ele>        <time></time>      </trkpt>
      <trkpt lat="-33.441403177904" lon="-70.3999977930863">        <ele>1917.56242610057</ele>        <time></time>      </trkpt>
      <trkpt lat="-33.4409827642026" lon="-70.3998918772042">        <ele>1905.51365805409</ele>        <time></time>      </trkpt>
      <trkpt lat="-33.4407914306063" lon="-70.4003288615995">        <ele>1899.36097936385</ele>        <time></time>      </trkpt>
      <trkpt lat="-33.4406173733222" lon="-70.4007441755547">        <ele>1885.42669386313</ele>        <time></time>      </trkpt>
      <trkpt lat="-33.4401692150023" lon="-70.400709723762">        <ele>1870.69692327174</ele>        <time></time>      </trkpt>
      <trkpt lat="-33.4398471053786" lon="-70.4010742699135">        <ele>1851.9893306607</ele>        <time></time>      </trkpt>
      <trkpt lat="-33.4394989980367" lon="-70.4014166678138">        <ele>1848.72770344691</ele>        <time></time>      </trkpt>
      <trkpt lat="-33.4391334428246" lon="-70.4017272439179">        <ele>1850.7744564227</ele>        <time></time>      </trkpt>
      <trkpt lat="-33.4387070206257" lon="-70.4019067515026">        <ele>1861.51340393057</ele>        <time></time>      </trkpt>
      <trkpt lat="-33.4382754140729" lon="-70.4020692608255">        <ele>1858.49287875907</ele>        <time></time>      </trkpt>
      <trkpt lat="-33.4378306096409" lon="-70.4021727293179">        <ele>1856.0051122749</ele>        <time></time>      </trkpt>
      <trkpt lat="-33.4373845132396" lon="-70.4022509909049">        <ele>1856.5186002532</ele>        <time></time>      </trkpt>
      <trkpt lat="-33.4369346549232" lon="-70.4021878815885">        <ele>1861.33698010252</ele>        <time></time>      </trkpt>
      <trkpt lat="-33.4364978212489" lon="-70.4020688730218">        <ele>1867.55956998269</ele>        <time></time>      </trkpt>
      <trkpt lat="-33.4360924663032" lon="-70.4018276238775">        <ele>1859.82769575799</ele>        <time></time>      </trkpt>
      <trkpt lat="-33.4357396218704" lon="-70.4014954509455">        <ele>1850.73033194984</ele>        <time></time>      </trkpt>
      <trkpt lat="-33.4353201273344" lon="-70.4013052851038">        <ele>1841.44770553816</ele>        <time></time>      </trkpt>
      <trkpt lat="-33.4350017192046" lon="-70.4009227572148">        <ele>1830.05214812605</ele>        <time></time>      </trkpt>
      <trkpt lat="-33.4347424148019" lon="-70.4004798185849">        <ele>1817.27520959497</ele>        <time></time>      </trkpt>
      <trkpt lat="-33.4344722848635" lon="-70.4000473237459">        <ele>1808.79169714174</ele>        <time></time>      </trkpt>
      <trkpt lat="-33.4341466785559" lon="-70.3996764726569">        <ele>1798.26062423223</ele>        <time></time>      </trkpt>
      <trkpt lat="-33.4339980092026" lon="-70.3992082729602">        <ele>1789.12467444941</ele>        <time></time>      </trkpt>
      <trkpt lat="-33.4339168663075" lon="-70.3986788533452">        <ele>1779.72621517412</ele>        <time></time>      </trkpt>
      <trkpt lat="-33.4339175263951" lon="-70.3981383339035">        <ele>1769.42568381979</ele>        <time></time>      </trkpt>
      <trkpt lat="-33.4339318667648" lon="-70.3975988944733">        <ele>1764.31284538577</ele>        <time></time>      </trkpt>
      <trkpt lat="-33.4339487520964" lon="-70.3970614223946">        <ele>1765.59784626678</ele>        <time></time>      </trkpt>
      <trkpt lat="-33.4339333730702" lon="-70.3965213523708">        <ele>1760.33161999736</ele>        <time></time>      </trkpt>
      <trkpt lat="-33.4338938191731" lon="-70.3959839150089">        <ele>1755.72864297778</ele>        <time></time>      </trkpt>
      <trkpt lat="-33.4338603162674" lon="-70.3954463258963">        <ele>1740.29401325481</ele>        <time></time>      </trkpt>
      <trkpt lat="-33.4335042928089" lon="-70.3954645879686">        <ele>1729.74047611695</ele>        <time></time>      </trkpt>
      <trkpt lat="-33.4332224176765" lon="-70.3958803294013">        <ele>1723.82337010181</ele>        <time></time>      </trkpt>
      <trkpt lat="-33.432940060845" lon="-70.3963011300526">        <ele>1716.79379848948</ele>        <time></time>      </trkpt>
      <trkpt lat="-33.4325925395014" lon="-70.3966444041762">        <ele>1709.01485544935</ele>        <time></time>      </trkpt>
      <trkpt lat="-33.4322592187762" lon="-70.396999849771">        <ele>1700.36286060726</ele>        <time></time>      </trkpt>
      <trkpt lat="-33.4318857642287" lon="-70.3973011271318">        <ele>1690.59200367551</ele>        <time></time>      </trkpt>
      <trkpt lat="-33.431519112561" lon="-70.3976109158453">        <ele>1682.86271271167</ele>        <time></time>      </trkpt>
      <trkpt lat="-33.4311087474181" lon="-70.3977138923011">        <ele>1680.21174209256</ele>        <time></time>      </trkpt>
      <trkpt lat="-33.4308135038262" lon="-70.3981014562739">        <ele>1671.39493814522</ele>        <time></time>      </trkpt>
      <trkpt lat="-33.4304539267377" lon="-70.3984091529525">        <ele>1667.28364931883</ele>        <time></time>      </trkpt>
      <trkpt lat="-33.4300882082518" lon="-70.3987258844151">        <ele>1664.41853827295</ele>        <time></time>      </trkpt>
      <trkpt lat="-33.4296881975226" lon="-70.3989673279698">        <ele>1670.35645592774</ele>        <time></time>      </trkpt>
      <trkpt lat="-33.4293680412068" lon="-70.3993451960892">        <ele>1671.3746480782</ele>        <time></time>      </trkpt>
      <trkpt lat="-33.4290603910359" lon="-70.3997418055798">        <ele>1658.45983663928</ele>        <time></time>      </trkpt>
      <trkpt lat="-33.4286657178306" lon="-70.3999681387193">        <ele>1665.92546168121</ele>        <time></time>      </trkpt>
      <trkpt lat="-33.4282237316247" lon="-70.3998663003822">        <ele>1663.91648640764</ele>        <time></time>      </trkpt>
      <trkpt lat="-33.4277791293571" lon="-70.3998763252855">        <ele>1653.71039006723</ele>        <time></time>      </trkpt>
      <trkpt lat="-33.4273290694479" lon="-70.3998878734029">        <ele>1644.51259085047</ele>        <time></time>      </trkpt>
      <trkpt lat="-33.4268794043537" lon="-70.3999263300584">        <ele>1641.71920192297</ele>        <time></time>      </trkpt>
      <trkpt lat="-33.4264310147569" lon="-70.399856687454">        <ele>1631.56174042631</ele>        <time></time>      </trkpt>
      <trkpt lat="-33.4260380855058" lon="-70.3995993721851">        <ele>1628.0179446473</ele>        <time></time>      </trkpt>
      <trkpt lat="-33.4257788117307" lon="-70.3991639360598">        <ele>1626.9253650079</ele>        <time></time>      </trkpt>
      <trkpt lat="-33.4255223508815" lon="-70.3987208605366">        <ele>1616.52358131553</ele>        <time></time>      </trkpt>
      <trkpt lat="-33.4253698555343" lon="-70.3982165294867">        <ele>1617.62347837016</ele>        <time></time>      </trkpt>
      <trkpt lat="-33.4252385802909" lon="-70.3977047172127">        <ele>1608.10672153236</ele>        <time></time>      </trkpt>
      <trkpt lat="-33.4249588347661" lon="-70.3972808163002">        <ele>1591.7198718202</ele>        <time></time>      </trkpt>
      <trkpt lat="-33.4248125560486" lon="-70.3967724012634">        <ele>1592.84626657372</ele>        <time></time>      </trkpt>
      <trkpt lat="-33.4246367765495" lon="-70.396275307563">        <ele>1579.07525381666</ele>        <time></time>      </trkpt>
      <trkpt lat="-33.4244895053773" lon="-70.3957654402084">        <ele>1565.82066743127</ele>        <time></time>      </trkpt>
      <trkpt lat="-33.424530467485" lon="-70.3952322403817">        <ele>1553.8200146788</ele>        <time></time>      </trkpt>
      <trkpt lat="-33.4243498662535" lon="-70.3949655429321">        <ele>1539.57590993622</ele>        <time></time>      </trkpt>
      <trkpt lat="-33.423920475183" lon="-70.3949792622033">        <ele>1526.80874093152</ele>        <time></time>      </trkpt>
      <trkpt lat="-33.4235164082103" lon="-70.3947659967992">        <ele>1522.20142672619</ele>        <time></time>      </trkpt>
      <trkpt lat="-33.4230762637189" lon="-70.3946385923153">        <ele>1518.77639973794</ele>        <time></time>      </trkpt>
      <trkpt lat="-33.422653362924" lon="-70.3944618440165">        <ele>1515.99299514277</ele>        <time></time>      </trkpt>
      <trkpt lat="-33.4222841851901" lon="-70.3941511901148">        <ele>1511.1233020336</ele>        <time></time>      </trkpt>
      <trkpt lat="-33.4220857026588" lon="-70.3936713929993">        <ele>1512.71855113286</ele>        <time></time>      </trkpt>
      <trkpt lat="-33.4217761247822" lon="-70.3933018971563">        <ele>1506.40677037152</ele>        <time></time>      </trkpt>
      <trkpt lat="-33.4215337541199" lon="-70.392870114194">        <ele>1512.2977637052</ele>        <time></time>      </trkpt>
      <trkpt lat="-33.4211303593367" lon="-70.3926832668137">        <ele>1517.3387766303</ele>        <time></time>      </trkpt>
      <trkpt lat="-33.4208942798498" lon="-70.3922724224158">        <ele>1524.10867325698</ele>        <time></time>      </trkpt>
      <trkpt lat="-33.4205062771762" lon="-70.3920149858645">        <ele>1520.90977386988</ele>        <time></time>      </trkpt>
      <trkpt lat="-33.4201675592818" lon="-70.3921214838143">        <ele>1520.34907108204</ele>        <time></time>      </trkpt>
      <trkpt lat="-33.4198332059467" lon="-70.3924706295546">        <ele>1513.24501319923</ele>        <time></time>      </trkpt>
      <trkpt lat="-33.4194000321089" lon="-70.3926092854564">        <ele>1505.65420533099</ele>        <time></time>      </trkpt>
      <trkpt lat="-33.4189742900048" lon="-70.3924291847626">        <ele>1500.65404316057</ele>        <time></time>      </trkpt>
      <trkpt lat="-33.4185325270407" lon="-70.392536343685">        <ele>1501.00293079886</ele>        <time></time>      </trkpt>
      <trkpt lat="-33.4181112967301" lon="-70.3927209464272">        <ele>1497.55208723956</ele>        <time></time>      </trkpt>
      <trkpt lat="-33.4176726926271" lon="-70.3928495113386">        <ele>1492.08932305131</ele>        <time></time>      </trkpt>
      <trkpt lat="-33.41722123169" lon="-70.3928815471687">        <ele>1487.06742784912</ele>        <time></time>      </trkpt>
      <trkpt lat="-33.4167710653994" lon="-70.392930376231">        <ele>1489.76204687022</ele>        <time></time>      </trkpt>
      <trkpt lat="-33.4163281163924" lon="-70.3930260508561">        <ele>1487.5100341609</ele>        <time></time>      </trkpt>
      <trkpt lat="-33.4158757655954" lon="-70.393013595348">        <ele>1475.53140446216</ele>        <time></time>      </trkpt>
      <trkpt lat="-33.4155024583202" lon="-70.3927340150277">        <ele>1468.53839707594</ele>        <time></time>      </trkpt>
      <trkpt lat="-33.4151816771741" lon="-70.3923606935149">        <ele>1455.91682346801</ele>        <time></time>      </trkpt>
      <trkpt lat="-33.4149566919909" lon="-70.3919070591173">        <ele>1461.49026868349</ele>        <time></time>      </trkpt>
      <trkpt lat="-33.4146783548002" lon="-70.3915020944892">        <ele>1461.44101918906</ele>        <time></time>      </trkpt>
      <trkpt lat="-33.4142734059263" lon="-70.391727864058">        <ele>1451.2973056282</ele>        <time></time>      </trkpt>
      <trkpt lat="-33.4138349701354" lon="-70.3918564452132">        <ele>1451.46908123993</ele>        <time></time>      </trkpt>
      <trkpt lat="-33.413393382887" lon="-70.3919678995594">        <ele>1466.80416946725</ele>        <time></time>      </trkpt>
      <trkpt lat="-33.4129459236167" lon="-70.391982414994">        <ele>1473.16535250876</ele>        <time></time>      </trkpt>
      <trkpt lat="-33.4125247926483" lon="-70.3917939900912">        <ele>1467.18933100877</ele>        <time></time>      </trkpt>
      <trkpt lat="-33.4121084167598" lon="-70.3915957738145">        <ele>1457.21545449598</ele>        <time></time>      </trkpt>
      <trkpt lat="-33.4117215571697" lon="-70.3913387827199">        <ele>1449.19983376547</ele>        <time></time>      </trkpt>
      <trkpt lat="-33.4112846468128" lon="-70.3914066658438">        <ele>1446.30317481781</ele>        <time></time>      </trkpt>
      <trkpt lat="-33.4108492395692" lon="-70.391549128921">        <ele>1443.7314445374</ele>        <time></time>      </trkpt>
      <trkpt lat="-33.4104010440135" lon="-70.3915970607996">        <ele>1437.10003966122</ele>        <time></time>      </trkpt>
      <trkpt lat="-33.4099574240027" lon="-70.3916182109402">        <ele>1430.46814243264</ele>        <time></time>      </trkpt>
      <trkpt lat="-33.4095346237529" lon="-70.3914469176547">        <ele>1424.9512597461</ele>        <time></time>      </trkpt>
      <trkpt lat="-33.4090927896674" lon="-70.3915112265293">        <ele>1421.21534675593</ele>        <time></time>      </trkpt>
      <trkpt lat="-33.40867651773" lon="-70.3914294087066">        <ele>1415.7630273544</ele>        <time></time>      </trkpt>
      <trkpt lat="-33.4084791470014" lon="-70.3909455074034">        <ele>1404.25257000139</ele>        <time></time>      </trkpt>
      <trkpt lat="-33.4082090216003" lon="-70.3905121708491">        <ele>1396.71779250083</ele>        <time></time>      </trkpt>
      <trkpt lat="-33.4079500419928" lon="-70.3900694322706">        <ele>1389.15717038236</ele>        <time></time>      </trkpt>
      <trkpt lat="-33.40769625" lon="-70.389622576">        <ele>1384.59933953595</ele>        <time></time>      </trkpt>
      <trkpt lat="-33.40769625" lon="-70.389622576">        <ele>1384.72509848116</ele>        <time></time>      </trkpt>
      <trkpt lat="-33.4073456424032" lon="-70.389359126059">        <ele>1381.43687528447</ele>        <time></time>      </trkpt>
      <trkpt lat="-33.4068974373897" lon="-70.3892647068071">        <ele>1378.19311790699</ele>        <time></time>      </trkpt>
      <trkpt lat="-33.4064630097556" lon="-70.389146915771">        <ele>1371.40390616652</ele>        <time></time>      </trkpt>
      <trkpt lat="-33.4061080404006" lon="-70.3888141797607">        <ele>1368.9091376753</ele>        <time></time>      </trkpt>
      <trkpt lat="-33.4060039130848" lon="-70.3882884263021">        <ele>1371.73273896328</ele>        <time></time>      </trkpt>
      <trkpt lat="-33.4056529088888" lon="-70.3879621512073">        <ele>1364.40092559742</ele>        <time></time>      </trkpt>
      <trkpt lat="-33.4054396326596" lon="-70.3874978652012">        <ele>1361.49161126287</ele>        <time></time>      </trkpt>
      <trkpt lat="-33.4054919498105" lon="-70.3869559219175">        <ele>1367.68657249459</ele>        <time></time>      </trkpt>
      <trkpt lat="-33.405503288743" lon="-70.3864110470196">        <ele>1373.04527213871</ele>        <time></time>      </trkpt>
      <trkpt lat="-33.4055282278619" lon="-70.385866049016">        <ele>1380.56557872846</ele>        <time></time>      </trkpt>
      <trkpt lat="-33.4055243751959" lon="-70.3853198294224">        <ele>1383.43524747411</ele>        <time></time>      </trkpt>
      <trkpt lat="-33.4054705505983" lon="-70.3847838713269">        <ele>1389.87530911326</ele>        <time></time>      </trkpt>
      <trkpt lat="-33.405264800394" lon="-70.3843000772042">        <ele>1398.52330195545</ele>        <time></time>      </trkpt>
      <trkpt lat="-33.4051391061177" lon="-70.3838665261262">        <ele>1403.46539735388</ele>        <time></time>      </trkpt>
      <trkpt lat="-33.4050207648763" lon="-70.3834523728092">        <ele>1404.45560081802</ele>        <time></time>      </trkpt>
      <trkpt lat="-33.4045968637581" lon="-70.3832714992972">        <ele>1389.99283812689</ele>        <time></time>      </trkpt>
      <trkpt lat="-33.4041800848629" lon="-70.3830698298334">        <ele>1375.03949867811</ele>        <time></time>      </trkpt>
      <trkpt lat="-33.4039847936434" lon="-70.3826027340961">        <ele>1375.30336948373</ele>        <time></time>      </trkpt>
      <trkpt lat="-33.4036941503509" lon="-70.3822132421869">        <ele>1369.88595577765</ele>        <time></time>      </trkpt>
      <trkpt lat="-33.4033258184707" lon="-70.3818969392534">        <ele>1368.63900310958</ele>        <time></time>      </trkpt>
      <trkpt lat="-33.4028819443701" lon="-70.3818044691964">        <ele>1358.05499904004</ele>        <time></time>      </trkpt>
      <trkpt lat="-33.4025469525389" lon="-70.3814581418835">        <ele>1356.74821487066</ele>        <time></time>      </trkpt>
      <trkpt lat="-33.4023386796511" lon="-70.3809786467788">        <ele>1358.15356267234</ele>        <time></time>      </trkpt>
      <trkpt lat="-33.4021332606236" lon="-70.380500782423">        <ele>1354.17234791668</ele>        <time></time>      </trkpt>
      <trkpt lat="-33.4021223781963" lon="-70.3799584011187">        <ele>1357.3737386177</ele>        <time></time>      </trkpt>
      <trkpt lat="-33.4020707506337" lon="-70.3794170665535">        <ele>1356.35357691353</ele>        <time></time>      </trkpt>
      <trkpt lat="-33.4020098259783" lon="-70.3788833860115">        <ele>1350.99268046547</ele>        <time></time>      </trkpt>
      <trkpt lat="-33.401590775513" lon="-70.3787309662365">        <ele>1337.82896823056</ele>        <time></time>      </trkpt>
      <trkpt lat="-33.4011571764152" lon="-70.378598746492">        <ele>1327.44954457695</ele>        <time></time>      </trkpt>
      <trkpt lat="-33.4007547735293" lon="-70.378785657758">        <ele>1315.7393706817</ele>        <time></time>      </trkpt>
      <trkpt lat="-33.400313026344" lon="-70.3786853659158">        <ele>1311.29183148783</ele>        <time></time>      </trkpt>
      <trkpt lat="-33.3998970775368" lon="-70.3784788310938">        <ele>1298.47087973707</ele>        <time></time>      </trkpt>
      <trkpt lat="-33.3994456975587" lon="-70.3785014354459">        <ele>1276.02548879702</ele>        <time></time>      </trkpt>
      <trkpt lat="-33.3991004447091" lon="-70.3788368233447">        <ele>1269.90805699682</ele>        <time></time>      </trkpt>
      <trkpt lat="-33.3986864305344" lon="-70.3790189682167">        <ele>1270.00736093563</ele>        <time></time>      </trkpt>
      <trkpt lat="-33.398239056517" lon="-70.3790899590115">        <ele>1272.56778836142</ele>        <time></time>      </trkpt>
      <trkpt lat="-33.3978075424057" lon="-70.3789390980751">        <ele>1271.10568671309</ele>        <time></time>      </trkpt>
      <trkpt lat="-33.3974097737107" lon="-70.3788243584219">        <ele>1270.45281501287</ele>        <time></time>      </trkpt>
      <trkpt lat="-33.3972349613892" lon="-70.3787701516998">        <ele>1272.54992258795</ele>        <time></time>      </trkpt>
      <trkpt lat="-33.3968812150082" lon="-70.3784888646385">        <ele>1271.61312859746</ele>        <time></time>      </trkpt>
      <trkpt lat="-33.3966929156903" lon="-70.3782988012238">        <ele>1270.92262814336</ele>        <time></time>      </trkpt>
      <trkpt lat="-33.3964534255334" lon="-70.3778832401948">        <ele>1266.89792375577</ele>        <time></time>      </trkpt>
      <trkpt lat="-33.3961204508989" lon="-70.3775323591992">        <ele>1268.37019900272</ele>        <time></time>      </trkpt>
      <trkpt lat="-33.3958261062752" lon="-70.3771164606619">        <ele>1264.27258096223</ele>        <time></time>      </trkpt>
      <trkpt lat="-33.3955343046443" lon="-70.3767110522233">        <ele>1263.83337151092</ele>        <time></time>      </trkpt>
      <trkpt lat="-33.3951341344407" lon="-70.3764502526037">        <ele>1259.64087784637</ele>        <time></time>      </trkpt>
      <trkpt lat="-33.3949400199505" lon="-70.3761782104305">        <ele>1255.52063828783</ele>        <time></time>      </trkpt>
      <trkpt lat="-33.3945036106936" lon="-70.3760415046107">        <ele>1259.27021317882</ele>        <time></time>      </trkpt>
      <trkpt lat="-33.3940653619347" lon="-70.3759503651075">        <ele>1260.02726357962</ele>        <time></time>      </trkpt>
      <trkpt lat="-33.393642768" lon="-70.375968822">        <ele>1269.90602644935</ele>        <time></time>      </trkpt>
      <trkpt lat="-33.393642768" lon="-70.375968822">        <ele>1270.11489664449</ele>        <time></time>      </trkpt>
      <trkpt lat="-33.3932576899636" lon="-70.3756902706757">        <ele>1263.93233795462</ele>        <time></time>      </trkpt>
      <trkpt lat="-33.3928746120138" lon="-70.3754094015402">        <ele>1262.84895172236</ele>        <time></time>      </trkpt>
      <trkpt lat="-33.3925032171364" lon="-70.3751177012996">        <ele>1266.97942766509</ele>        <time></time>      </trkpt>
      <trkpt lat="-33.3920877556174" lon="-70.3752490377065">        <ele>1272.02625806314</ele>        <time></time>      </trkpt>
      <trkpt lat="-33.3916507326009" lon="-70.3752387707876">        <ele>1269.43831247727</ele>        <time></time>      </trkpt>
      <trkpt lat="-33.391214154339" lon="-70.375341766742">        <ele>1265.78071234128</ele>        <time></time>      </trkpt>
      <trkpt lat="-33.390783907437" lon="-70.3754742718964">        <ele>1262.88207948671</ele>        <time></time>      </trkpt>
      <trkpt lat="-33.3903414249995" lon="-70.3755528427772">        <ele>1263.04879872259</ele>        <time></time>      </trkpt>
      <trkpt lat="-33.389895015614" lon="-70.3755989639607">        <ele>1259.99980204871</ele>        <time></time>      </trkpt>
      <trkpt lat="-33.3894463297944" lon="-70.37560545429">        <ele>1260.7324112678</ele>        <time></time>      </trkpt>
      <trkpt lat="-33.3890111614043" lon="-70.375731238255">        <ele>1262.35264448263</ele>        <time></time>      </trkpt>
      <trkpt lat="-33.3885757325027" lon="-70.3758165556996">        <ele>1259.37744621051</ele>        <time></time>      </trkpt>
      <trkpt lat="-33.3881620243319" lon="-70.3760226818693">        <ele>1260.31064267306</ele>        <time></time>      </trkpt>
      <trkpt lat="-33.3878050263825" lon="-70.3763442975355">        <ele>1259.01131527161</ele>        <time></time>      </trkpt>
      <trkpt lat="-33.3875137954626" lon="-70.376754173325">        <ele>1262.35477430778</ele>        <time></time>      </trkpt>
      <trkpt lat="-33.3872178934367" lon="-70.3771545898549">        <ele>1258.27714498432</ele>        <time></time>      </trkpt>
      <trkpt lat="-33.3869533195157" lon="-70.3775863025561">        <ele>1256.90737273797</ele>        <time></time>      </trkpt>
      <trkpt lat="-33.3866726390005" lon="-70.3780046826016">        <ele>1252.31092571999</ele>        <time></time>      </trkpt>
      <trkpt lat="-33.3863916099649" lon="-70.3784145894899">        <ele>1254.18576705814</ele>        <time></time>      </trkpt>
      <trkpt lat="-33.3861081282584" lon="-70.3788261613519">        <ele>1259.19058673521</ele>        <time></time>      </trkpt>
      <trkpt lat="-33.3858958026113" lon="-70.3792968152255">        <ele>1262.33454848646</ele>        <time></time>      </trkpt>
      <trkpt lat="-33.3854754047763" lon="-70.3794148402763">        <ele>1256.13473262471</ele>        <time></time>      </trkpt>
      <trkpt lat="-33.3850955680739" lon="-70.3796822964705">        <ele>1270.4028278054</ele>        <time></time>      </trkpt>
      <trkpt lat="-33.3846683601003" lon="-70.379726487389">        <ele>1263.71861560443</ele>        <time></time>      </trkpt>
      <trkpt lat="-33.3843513686145" lon="-70.3800781777211">        <ele>1273.23805509161</ele>        <time></time>      </trkpt>
      <trkpt lat="-33.3839064295196" lon="-70.3801398862763">        <ele>1263.23210056797</ele>        <time></time>      </trkpt>
      <trkpt lat="-33.3835216351294" lon="-70.3804180206106">        <ele>1261.57670732261</ele>        <time></time>      </trkpt>
      <trkpt lat="-33.3831390270635" lon="-70.3807037258356">        <ele>1265.30847294856</ele>        <time></time>      </trkpt>
      <trkpt lat="-33.3827550755996" lon="-70.3809836348593">        <ele>1257.93104338836</ele>        <time></time>      </trkpt>
      <trkpt lat="-33.3827872844623" lon="-70.3814899962462">        <ele>1263.95409729436</ele>        <time></time>      </trkpt>
      <trkpt lat="-33.3827960878043" lon="-70.3819985967406">        <ele>1267.0142023381</ele>        <time></time>      </trkpt>
      <trkpt lat="-33.3824431584632" lon="-70.3822956210988">        <ele>1262.9350648906</ele>        <time></time>      </trkpt>
      <trkpt lat="-33.3822155166486" lon="-70.3827581955328">        <ele>1273.31625140129</ele>        <time></time>      </trkpt>
      <trkpt lat="-33.3818805364914" lon="-70.3831133424089">        <ele>1279.21151498734</ele>        <time></time>      </trkpt>
      <trkpt lat="-33.3815582003201" lon="-70.383483227604">        <ele>1265.96948064655</ele>        <time></time>      </trkpt>
      <trkpt lat="-33.3812956235055" lon="-70.3839180086157">        <ele>1263.08006139418</ele>        <time></time>      </trkpt>
      <trkpt lat="-33.3810710583453" lon="-70.3843821949922">        <ele>1261.66077568842</ele>        <time></time>      </trkpt>
      <trkpt lat="-33.3809240915915" lon="-70.3848800867186">        <ele>1259.42658536805</ele>        <time></time>      </trkpt>
      <trkpt lat="-33.3806937506396" lon="-70.3852517090487">        <ele>1256.96410110677</ele>        <time></time>      </trkpt>
      <trkpt lat="-33.380420365809" lon="-70.3855008252496">        <ele>1254.1681785731</ele>        <time></time>      </trkpt>
      <trkpt lat="-33.380152578452" lon="-70.3858456323292">        <ele>1252.65883256115</ele>        <time></time>      </trkpt>
      <trkpt lat="-33.3797076270336" lon="-70.3859123890074">        <ele>1243.86206331025</ele>        <time></time>      </trkpt>
      <trkpt lat="-33.3793255409834" lon="-70.3861813121855">        <ele>1245.20121933962</ele>        <time></time>      </trkpt>
      <trkpt lat="-33.3790185031493" lon="-70.3865567678476">        <ele>1238.05645134155</ele>        <time></time>      </trkpt>
      <trkpt lat="-33.3787123865152" lon="-70.386944780741">        <ele>1235.24114344207</ele>        <time></time>      </trkpt>
      <trkpt lat="-33.3783072129289" lon="-70.3871793096109">        <ele>1235.69030036558</ele>        <time></time>      </trkpt>
      <trkpt lat="-33.3779317697506" lon="-70.3874776782796">        <ele>1231.69090317533</ele>        <time></time>      </trkpt>
      <trkpt lat="-33.3775808959673" lon="-70.3878156294696">        <ele>1230.1568166526</ele>        <time></time>      </trkpt>
      <trkpt lat="-33.3772652408324" lon="-70.3881974848746">        <ele>1223.4307637227</ele>        <time></time>      </trkpt>
      <trkpt lat="-33.3769267235785" lon="-70.388548308936">        <ele>1219.6947529935</ele>        <time></time>      </trkpt>
      <trkpt lat="-33.376638200796" lon="-70.3889529414979">        <ele>1210.72794133262</ele>        <time></time>      </trkpt>
      <trkpt lat="-33.3765222622783" lon="-70.3894716790494">        <ele>1215.38932526126</ele>        <time></time>      </trkpt>
      <trkpt lat="-33.3763926685512" lon="-70.389955445089">        <ele>1215.95645723192</ele>        <time></time>      </trkpt>
      <trkpt lat="-33.3761964969165" lon="-70.3903996694244">        <ele>1214.62061684238</ele>        <time></time>      </trkpt>
      <trkpt lat="-33.3759888745068" lon="-70.3908614650555">        <ele>1207.90844593907</ele>        <time></time>      </trkpt>
      <trkpt lat="-33.375898614513" lon="-70.3913875081532">        <ele>1211.0660241188</ele>        <time></time>      </trkpt>
      <trkpt lat="-33.375857012245" lon="-70.3919215967672">        <ele>1218.00726459421</ele>        <time></time>      </trkpt>
      <trkpt lat="-33.3758485549755" lon="-70.3924581481841">        <ele>1216.41126361309</ele>        <time></time>      </trkpt>
      <trkpt lat="-33.3759207875669" lon="-70.3929822434271">        <ele>1205.93292697798</ele>        <time></time>      </trkpt>
      <trkpt lat="-33.3762375339802" lon="-70.3933604319676">        <ele>1201.93803006148</ele>        <time></time>      </trkpt>
      <trkpt lat="-33.3765618059567" lon="-70.3937306019515">        <ele>1195.84128981977</ele>        <time></time>      </trkpt>
      <trkpt lat="-33.376843390687" lon="-70.3941401932096">        <ele>1193.6872512909</ele>        <time></time>      </trkpt>
      <trkpt lat="-33.3765552008931" lon="-70.3944305570049">        <ele>1193.47557882601</ele>        <time></time>      </trkpt>
      <trkpt lat="-33.3761536294636" lon="-70.3946644350821">        <ele>1195.06831385146</ele>        <time></time>      </trkpt>
      <trkpt lat="-33.3758346269953" lon="-70.3950300896061">        <ele>1194.07491779463</ele>        <time></time>      </trkpt>
      <trkpt lat="-33.3756209927012" lon="-70.3954995738057">        <ele>1193.19773222826</ele>        <time></time>      </trkpt>
      <trkpt lat="-33.3755056769327" lon="-70.3960086963066">        <ele>1191.37165887722</ele>        <time></time>      </trkpt>
      <trkpt lat="-33.375548816" lon="-70.396542561">        <ele>1189.90773175377</ele>        <time></time>      </trkpt>
      <trkpt lat="-33.375548816" lon="-70.396542561">        <ele>1189.78353329237</ele>        <time></time>      </trkpt>
      <trkpt lat="-33.3757596727288" lon="-70.3970169251938">        <ele>1188.80629251717</ele>        <time></time>      </trkpt>
      <trkpt lat="-33.3757988624287" lon="-70.3974680192226">        <ele>1187.37116010358</ele>        <time></time>      </trkpt>
      <trkpt lat="-33.3755191242792" lon="-70.3978780084741">        <ele>1181.03380580328</ele>        <time></time>      </trkpt>
      <trkpt lat="-33.3753431633663" lon="-70.3983779717481">        <ele>1178.82898187373</ele>        <time></time>      </trkpt>
      <trkpt lat="-33.3751995703812" lon="-70.3988898423866">        <ele>1177.3903318269</ele>        <time></time>      </trkpt>
      <trkpt lat="-33.3749951577179" lon="-70.3993700991346">        <ele>1171.78924953076</ele>        <time></time>      </trkpt>
      <trkpt lat="-33.3750312989265" lon="-70.3998754857206">        <ele>1171.97818236755</ele>        <time></time>      </trkpt>
      <trkpt lat="-33.3751750858347" lon="-70.4003862746607">        <ele>1174.72996688607</ele>        <time></time>      </trkpt>
      <trkpt lat="-33.3751515501796" lon="-70.4009141306609">        <ele>1179.44514009278</ele>        <time></time>      </trkpt>
      <trkpt lat="-33.3751324018752" lon="-70.4014524373289">        <ele>1179.67184445804</ele>        <time></time>      </trkpt>
      <trkpt lat="-33.3750768282907" lon="-70.4019873138785">        <ele>1176.65773561142</ele>        <time></time>      </trkpt>
      <trkpt lat="-33.3750421494838" lon="-70.4025249704217">        <ele>1171.46404074574</ele>        <time></time>      </trkpt>
      <trkpt lat="-33.3750091452607" lon="-70.4030656267164">        <ele>1173.52632517564</ele>        <time></time>      </trkpt>
      <trkpt lat="-33.3749994699833" lon="-70.4036046177503">        <ele>1167.11163644799</ele>        <time></time>      </trkpt>
      <trkpt lat="-33.3752643310633" lon="-70.4039977099544">        <ele>1165.70169096157</ele>        <time></time>      </trkpt>
      <trkpt lat="-33.3757038022511" lon="-70.4041289634806">        <ele>1168.39015550342</ele>        <time></time>      </trkpt>
      <trkpt lat="-33.376135485893" lon="-70.4042980230191">        <ele>1167.26444592316</ele>        <time></time>      </trkpt>
      <trkpt lat="-33.3764718709706" lon="-70.4045416448764">        <ele>1172.48159075365</ele>        <time></time>      </trkpt>
      <trkpt lat="-33.3761840196474" lon="-70.4049543736185">        <ele>1173.36317664064</ele>        <time></time>      </trkpt>
      <trkpt lat="-33.3758606134164" lon="-70.4053280445838">        <ele>1171.19984022152</ele>        <time></time>      </trkpt>
      <trkpt lat="-33.3754680480793" lon="-70.4055938630038">        <ele>1168.17941945196</ele>        <time></time>      </trkpt>
      <trkpt lat="-33.3751988801674" lon="-70.4060217180306">        <ele>1166.51422938004</ele>        <time></time>      </trkpt>
      <trkpt lat="-33.3750095957294" lon="-70.4064959608277">        <ele>1163.014598175</ele>        <time></time>      </trkpt>
      <trkpt lat="-33.3747211660265" lon="-70.406905245046">        <ele>1157.49472757301</ele>        <time></time>      </trkpt>
      <trkpt lat="-33.3747223658798" lon="-70.4074215058395">        <ele>1162.62353779144</ele>        <time></time>      </trkpt>
      <trkpt lat="-33.3746177434886" lon="-70.4079333360167">        <ele>1161.40594089856</ele>        <time></time>      </trkpt>
      <trkpt lat="-33.3748175458389" lon="-70.4083895199238">        <ele>1161.43788651679</ele>        <time></time>      </trkpt>
      <trkpt lat="-33.3751316117249" lon="-70.4087726841682">        <ele>1169.90227626359</ele>        <time></time>      </trkpt>
      <trkpt lat="-33.37495524873" lon="-70.409078520112">        <ele>1167.77831128082</ele>        <time></time>      </trkpt>
      <trkpt lat="-33.3745172279136" lon="-70.4090212994801">        <ele>1162.08521723375</ele>        <time></time>      </trkpt>
      <trkpt lat="-33.3741500308724" lon="-70.4092197615057">        <ele>1171.03944268759</ele>        <time></time>      </trkpt>
      <trkpt lat="-33.3737987501962" lon="-70.4095576594639">        <ele>1166.6553301359</ele>        <time></time>      </trkpt>
      <trkpt lat="-33.3735822387362" lon="-70.4100319972974">        <ele>1164.77773953024</ele>        <time></time>      </trkpt>
      <trkpt lat="-33.3734921058248" lon="-70.4105599025966">        <ele>1171.01645935242</ele>        <time></time>      </trkpt>
      <trkpt lat="-33.3734290166582" lon="-70.4110820782263">        <ele>1177.51208274195</ele>        <time></time>      </trkpt>
      <trkpt lat="-33.3730508080814" lon="-70.4113727049851">        <ele>1184.01830458279</ele>        <time></time>      </trkpt>
      <trkpt lat="-33.3726618423487" lon="-70.4116348540386">        <ele>1180.8851708261</ele>        <time></time>      </trkpt>
      <trkpt lat="-33.3726919408944" lon="-70.4120979165878">        <ele>1176.7721315661</ele>        <time></time>      </trkpt>
      <trkpt lat="-33.3731266866103" lon="-70.4122081975177">        <ele>1182.98323162859</ele>        <time></time>      </trkpt>
      <trkpt lat="-33.3735376263642" lon="-70.4124141868083">        <ele>1195.87113322978</ele>        <time></time>      </trkpt>
      <trkpt lat="-33.3733953241022" lon="-70.4128450159369">        <ele>1191.03381555887</ele>        <time></time>      </trkpt>
      <trkpt lat="-33.3730801436984" lon="-70.4132228465672">        <ele>1185.02854087527</ele>        <time></time>      </trkpt>
      <trkpt lat="-33.3728614840537" lon="-70.413689779637">        <ele>1187.5778195137</ele>        <time></time>      </trkpt>
      <trkpt lat="-33.372655961" lon="-70.414172702">        <ele>1185.23637166318</ele>        <time></time>      </trkpt>
      <trkpt lat="-33.372655961" lon="-70.414172702">        <ele>1185.09244707346</ele>        <time></time>      </trkpt>
      <trkpt lat="-33.3724828320328" lon="-70.4146442163967">        <ele>1177.64118772629</ele>        <time></time>      </trkpt>
      <trkpt lat="-33.3724648045913" lon="-70.4151830250272">        <ele>1179.67745830269</ele>        <time></time>      </trkpt>
      <trkpt lat="-33.3726697015932" lon="-70.4156535304721">        <ele>1180.81631195798</ele>        <time></time>      </trkpt>
      <trkpt lat="-33.3728076333158" lon="-70.4161060812473">        <ele>1190.39555866541</ele>        <time></time>      </trkpt>
      <trkpt lat="-33.3726236409008" lon="-70.4165460750183">        <ele>1178.97199774773</ele>        <time></time>      </trkpt>
      <trkpt lat="-33.3729830092505" lon="-70.416871691239">        <ele>1195.65881591769</ele>        <time></time>      </trkpt>
      <trkpt lat="-33.3729817827616" lon="-70.4173177101335">        <ele>1199.30880253754</ele>        <time></time>      </trkpt>
      <trkpt lat="-33.3725614288988" lon="-70.4175173382334">        <ele>1193.10100100363</ele>        <time></time>      </trkpt>
      <trkpt lat="-33.3721685192667" lon="-70.4177819841518">        <ele>1195.63101317326</ele>        <time></time>      </trkpt>
      <trkpt lat="-33.3717874854997" lon="-70.4179816019138">        <ele>1185.07053116946</ele>        <time></time>      </trkpt>
      <trkpt lat="-33.371975760481" lon="-70.418467792344">        <ele>1188.752684107</ele>        <time></time>      </trkpt>
      <trkpt lat="-33.3722768916939" lon="-70.418866237805">        <ele>1192.59803529855</ele>        <time></time>      </trkpt>
      <trkpt lat="-33.3725235882804" lon="-70.4192882999676">        <ele>1196.28803921672</ele>        <time></time>      </trkpt>
      <trkpt lat="-33.3725084464632" lon="-70.4198257382822">        <ele>1191.94997453107</ele>        <time></time>      </trkpt>
      <trkpt lat="-33.3725272595601" lon="-70.4203661255418">        <ele>1190.65239492647</ele>        <time></time>      </trkpt>
      <trkpt lat="-33.3725842772013" lon="-70.4209024977721">        <ele>1190.49338833865</ele>        <time></time>      </trkpt>
      <trkpt lat="-33.3726416883702" lon="-70.4214357481764">        <ele>1191.95184037177</ele>        <time></time>      </trkpt>
      <trkpt lat="-33.3727299448569" lon="-70.4219644874027">        <ele>1193.88791461159</ele>        <time></time>      </trkpt>
      <trkpt lat="-33.3726233319243" lon="-70.422458832657">        <ele>1192.87604606932</ele>        <time></time>      </trkpt>
      <trkpt lat="-33.3723950638472" lon="-70.4229163641983">        <ele>1187.63398485715</ele>        <time></time>      </trkpt>
      <trkpt lat="-33.372255642595" lon="-70.4234240345861">        <ele>1188.062925465</ele>        <time></time>      </trkpt>
      <trkpt lat="-33.3720832336097" lon="-70.4239206286517">        <ele>1181.84370168362</ele>        <time></time>      </trkpt>
      <trkpt lat="-33.3719292798044" lon="-70.4244250776494">        <ele>1183.36097464077</ele>        <time></time>      </trkpt>
      <trkpt lat="-33.3718168655049" lon="-70.4249413998345">        <ele>1187.89265886623</ele>        <time></time>      </trkpt>
      <trkpt lat="-33.3716518842375" lon="-70.425442219346">        <ele>1183.32711997496</ele>        <time></time>      </trkpt>
      <trkpt lat="-33.3714801788495" lon="-70.4259345933571">        <ele>1174.77181349919</ele>        <time></time>      </trkpt>
      <trkpt lat="-33.3716301100884" lon="-70.4264370883914">        <ele>1181.42180087164</ele>        <time></time>      </trkpt>
      <trkpt lat="-33.3719142019034" lon="-70.4268548001213">        <ele>1177.85709601833</ele>        <time></time>      </trkpt>
      <trkpt lat="-33.3722355587667" lon="-70.427228833475">        <ele>1170.90359144384</ele>        <time></time>      </trkpt>
      <trkpt lat="-33.3724830240274" lon="-70.4276813885696">        <ele>1164.38586787</ele>        <time></time>      </trkpt>
      <trkpt lat="-33.3726995414659" lon="-70.4281502742271">        <ele>1168.87900138862</ele>        <time></time>      </trkpt>
      <trkpt lat="-33.3725504445739" lon="-70.4286411079316">        <ele>1151.65509180164</ele>        <time></time>      </trkpt>
      <trkpt lat="-33.3726271090026" lon="-70.4291638041239">        <ele>1145.50640604576</ele>        <time></time>      </trkpt>
      <trkpt lat="-33.3728694220303" lon="-70.4296176081932">        <ele>1135.66551158993</ele>        <time></time>      </trkpt>
      <trkpt lat="-33.3732138940587" lon="-70.4299689404915">        <ele>1129.46954418698</ele>        <time></time>      </trkpt>
      <trkpt lat="-33.3736189155357" lon="-70.4300550364339">        <ele>1120.7775232767</ele>        <time></time>      </trkpt>
      <trkpt lat="-33.3740267075219" lon="-70.4299807898449">        <ele>1127.64514125004</ele>        <time></time>      </trkpt>
      <trkpt lat="-33.3743338212696" lon="-70.4301881229345">        <ele>1131.71230915833</ele>        <time></time>      </trkpt>
      <trkpt lat="-33.3741497472019" lon="-70.4306196118109">        <ele>1114.55247740702</ele>        <time></time>      </trkpt>
      <trkpt lat="-33.3741452192122" lon="-70.4311394637505">        <ele>1117.20020446099</ele>        <time></time>      </trkpt>
      <trkpt lat="-33.3739081622903" lon="-70.4316001168467">        <ele>1111.30670975789</ele>        <time></time>      </trkpt>
      <trkpt lat="-33.3738168757656" lon="-70.4320846007509">        <ele>1105.29379747392</ele>        <time></time>      </trkpt>
      <trkpt lat="-33.373671544" lon="-70.432520196">        <ele>1099.00639551202</ele>        <time></time>      </trkpt>
      <trkpt lat="-33.373671544" lon="-70.432520196">        <ele>1099.04891068949</ele>        <time></time>      </trkpt>
      <trkpt lat="-33.3738652261329" lon="-70.4330023183673">        <ele>1091.2042538043</ele>        <time></time>      </trkpt>
      <trkpt lat="-33.3736981844613" lon="-70.4332689776485">        <ele>1083.56009186973</ele>        <time></time>      </trkpt>
      <trkpt lat="-33.3736944295244" lon="-70.4335837349337">        <ele>1075.17183915848</ele>        <time></time>      </trkpt>
      <trkpt lat="-33.3740759955643" lon="-70.4338937543356">        <ele>1067.79263607356</ele>        <time></time>      </trkpt>
      <trkpt lat="-33.3744782177354" lon="-70.4341648102625">        <ele>1069.81824023924</ele>        <time></time>      </trkpt>
      <trkpt lat="-33.3748798856798" lon="-70.4344335428151">        <ele>1068.21327199031</ele>        <time></time>      </trkpt>
      <trkpt lat="-33.37489400659" lon="-70.4348159654393">        <ele>1072.93055480012</ele>        <time></time>      </trkpt>
      <trkpt lat="-33.3744435218314" lon="-70.4348043873756">        <ele>1065.04740911022</ele>        <time></time>      </trkpt>
      <trkpt lat="-33.3739907650957" lon="-70.4349115163887">        <ele>1063.80219281552</ele>        <time></time>      </trkpt>
      <trkpt lat="-33.3735625056735" lon="-70.4351089315175">        <ele>1060.78480345003</ele>        <time></time>      </trkpt>
      <trkpt lat="-33.3732303554494" lon="-70.4354846846563">        <ele>1062.45028437731</ele>        <time></time>      </trkpt>
      <trkpt lat="-33.3730528369793" lon="-70.4359892236768">        <ele>1075.04376113005</ele>        <time></time>      </trkpt>
      <trkpt lat="-33.3728857128318" lon="-70.4365027112093">        <ele>1072.90886187133</ele>        <time></time>      </trkpt>
      <trkpt lat="-33.3728270326306" lon="-70.4370363636104">        <ele>1073.94593191528</ele>        <time></time>      </trkpt>
      <trkpt lat="-33.3728770466057" lon="-70.4375801446417">        <ele>1081.66754042646</ele>        <time></time>      </trkpt>
      <trkpt lat="-33.372968079528" lon="-70.4381219878002">        <ele>1082.02440055547</ele>        <time></time>      </trkpt>
      <trkpt lat="-33.3730875790227" lon="-70.4386512846327">        <ele>1079.845886716</ele>        <time></time>      </trkpt>
      <trkpt lat="-33.3733322401897" lon="-70.4391181346749">        <ele>1090.81859093111</ele>        <time></time>      </trkpt>
      <trkpt lat="-33.3736021287811" lon="-70.4395632861604">        <ele>1100.12891990402</ele>        <time></time>      </trkpt>
      <trkpt lat="-33.3737501781296" lon="-70.4400796666839">        <ele>1110.06163858345</ele>        <time></time>      </trkpt>
      <trkpt lat="-33.3735592813844" lon="-70.4405462406852">        <ele>1102.69034204163</ele>        <time></time>      </trkpt>
      <trkpt lat="-33.3736863171993" lon="-70.4406829358709">        <ele>1115.39903566087</ele>        <time></time>      </trkpt>
      <trkpt lat="-33.3739307998857" lon="-70.4402658625532">        <ele>1122.2214464783</ele>        <time></time>      </trkpt>
      <trkpt lat="-33.3742170551086" lon="-70.4404090141631">        <ele>1133.98814062738</ele>        <time></time>      </trkpt>
      <trkpt lat="-33.3744912780321" lon="-70.4400497683196">        <ele>1159.09026457802</ele>        <time></time>      </trkpt>
      <trkpt lat="-33.374425877" lon="-70.439573454">        <ele>1169.08848243432</ele>        <time></time>      </trkpt>
      <trkpt lat="-33.374425877" lon="-70.439573454">        <ele>1169.14638360706</ele>        <time></time>      </trkpt>
      <trkpt lat="-33.3747542958043" lon="-70.4395201632985">        <ele>1184.54231584104</ele>        <time></time>      </trkpt>
      <trkpt lat="-33.3748956402386" lon="-70.439441510844">        <ele>1194.18194860018</ele>        <time></time>      </trkpt>
      <trkpt lat="-33.3746776347092" lon="-70.438967252383">        <ele>1196.55855015533</ele>        <time></time>      </trkpt>
      <trkpt lat="-33.3744637893307" lon="-70.438530793855">        <ele>1196.42003431099</ele>        <time></time>      </trkpt>
      <trkpt lat="-33.3746372386523" lon="-70.438330645174">        <ele>1210.81136845145</ele>        <time></time>      </trkpt>
      <trkpt lat="-33.3749272632876" lon="-70.4382967030106">        <ele>1230.60676324295</ele>        <time></time>      </trkpt>
      <trkpt lat="-33.3752105516057" lon="-70.4381882694606">        <ele>1252.38458472003</ele>        <time></time>      </trkpt>
      <trkpt lat="-33.3755349260745" lon="-70.4382958964391">        <ele>1263.70119400502</ele>        <time></time>      </trkpt>
      <trkpt lat="-33.3758931023819" lon="-70.4384696694905">        <ele>1275.04436213777</ele>        <time></time>      </trkpt>
      <trkpt lat="-33.3762785364268" lon="-70.4387055006665">        <ele>1287.83113233723</ele>        <time></time>      </trkpt>
      <trkpt lat="-33.3766436959842" lon="-70.4390214163183">        <ele>1302.24146385809</ele>        <time></time>      </trkpt>
      <trkpt lat="-33.3768710566419" lon="-70.4394270035407">        <ele>1322.68191180203</ele>        <time></time>      </trkpt>
      <trkpt lat="-33.3771896124979" lon="-70.4397635446255">        <ele>1344.89851516924</ele>        <time></time>      </trkpt>
      <trkpt lat="-33.3774399266724" lon="-70.440206787987">        <ele>1360.17135975357</ele>        <time></time>      </trkpt>
      <trkpt lat="-33.3777373655783" lon="-70.4403133914726">        <ele>1368.90494026011</ele>        <time></time>      </trkpt>
      <trkpt lat="-33.378059883" lon="-70.440641237">        <ele>1379.73249274303</ele>        <time></time>      </trkpt>
      <trkpt lat="-33.378059883" lon="-70.440641237">        <ele>1380.13586065216</ele>        <time></time>      </trkpt>
      <trkpt lat="-33.3784493234332" lon="-70.4406803863811">        <ele>1388.42970821346</ele>        <time></time>      </trkpt>
      <trkpt lat="-33.378869186226" lon="-70.4408802734544">        <ele>1388.25111351038</ele>        <time></time>      </trkpt>
      <trkpt lat="-33.3791821151309" lon="-70.441213373383">        <ele>1392.4211346024</ele>        <time></time>      </trkpt>
      <trkpt lat="-33.3796101651486" lon="-70.4413824758939">        <ele>1416.46525772819</ele>        <time></time>      </trkpt>
      <trkpt lat="-33.3800446610498" lon="-70.4415151940289">        <ele>1438.10696163227</ele>        <time></time>      </trkpt>
      <trkpt lat="-33.3804964816805" lon="-70.4415558252686">        <ele>1457.9889984915</ele>        <time></time>      </trkpt>
      <trkpt lat="-33.380949181338" lon="-70.4416192373752">        <ele>1474.04107786397</ele>        <time></time>      </trkpt>
      <trkpt lat="-33.3813773585611" lon="-70.4417906354668">        <ele>1487.54713767696</ele>        <time></time>      </trkpt>
      <trkpt lat="-33.3816623554026" lon="-70.4421856123001">        <ele>1508.17198563136</ele>        <time></time>      </trkpt>
      <trkpt lat="-33.3820826415758" lon="-70.4423626481833">        <ele>1520.76877518428</ele>        <time></time>      </trkpt>
      <trkpt lat="-33.3824436420192" lon="-70.4426685145493">        <ele>1519.46077022472</ele>        <time></time>      </trkpt>
      <trkpt lat="-33.3826091739327" lon="-70.4431311719143">        <ele>1522.37813588383</ele>        <time></time>      </trkpt>
      <trkpt lat="-33.3827015474204" lon="-70.4436254241241">        <ele>1531.44491633352</ele>        <time></time>      </trkpt>
      <trkpt lat="-33.3828427658516" lon="-70.4440820658109">        <ele>1539.52636476253</ele>        <time></time>      </trkpt>
      <trkpt lat="-33.3831350877818" lon="-70.4444682596627">        <ele>1547.11560131597</ele>        <time></time>      </trkpt>
      <trkpt lat="-33.3835028235299" lon="-70.4447305575829">        <ele>1559.06663315232</ele>        <time></time>      </trkpt>
      <trkpt lat="-33.383909082972" lon="-70.444911222497">        <ele>1571.89168184862</ele>        <time></time>      </trkpt>
      <trkpt lat="-33.3842776110776" lon="-70.445012884717">        <ele>1585.50511015367</ele>        <time></time>      </trkpt>
      <trkpt lat="-33.3846923522201" lon="-70.4452346099985">        <ele>1594.05793866733</ele>        <time></time>      </trkpt>
      <trkpt lat="-33.3849238326655" lon="-70.4456679089672">        <ele>1612.02600530469</ele>        <time></time>      </trkpt>
      <trkpt lat="-33.3852353714765" lon="-70.4460544411959">        <ele>1621.28750186594</ele>        <time></time>      </trkpt>
      <trkpt lat="-33.3854231958043" lon="-70.4465186547588">        <ele>1626.8644702331</ele>        <time></time>      </trkpt>
      <trkpt lat="-33.3856332263744" lon="-70.4470005400065">        <ele>1633.99959500401</ele>        <time></time>      </trkpt>
      <trkpt lat="-33.3858302887154" lon="-70.4474700204453">        <ele>1643.17482388218</ele>        <time></time>      </trkpt>
      <trkpt lat="-33.3859980949925" lon="-70.4479614246554">        <ele>1659.45140113265</ele>        <time></time>      </trkpt>
      <trkpt lat="-33.3862755101844" lon="-70.4483329291058">        <ele>1674.68731670386</ele>        <time></time>      </trkpt>
      <trkpt lat="-33.3866012123516" lon="-70.4486935453896">        <ele>1687.88637274721</ele>        <time></time>      </trkpt>
      <trkpt lat="-33.3870288889471" lon="-70.4488373470286">        <ele>1704.72981503352</ele>        <time></time>      </trkpt>
      <trkpt lat="-33.3874196603644" lon="-70.4490886866719">        <ele>1715.24758102489</ele>        <time></time>      </trkpt>
      <trkpt lat="-33.3877794119404" lon="-70.4494211675902">        <ele>1722.49247581824</ele>        <time></time>      </trkpt>
      <trkpt lat="-33.3881808225769" lon="-70.4496742527927">        <ele>1730.291321651</ele>        <time></time>      </trkpt>
      <trkpt lat="-33.3886059484688" lon="-70.4498652600626">        <ele>1737.92540508698</ele>        <time></time>      </trkpt>
      <trkpt lat="-33.3890341362275" lon="-70.450035767617">        <ele>1750.08971970499</ele>        <time></time>      </trkpt>
      <trkpt lat="-33.3894481486395" lon="-70.4501495845123">        <ele>1762.60511692578</ele>        <time></time>      </trkpt>
      <trkpt lat="-33.3898727292358" lon="-70.4503185592089">        <ele>1767.53791266148</ele>        <time></time>      </trkpt>
      <trkpt lat="-33.3902996599015" lon="-70.450461074144">        <ele>1777.88064904201</ele>        <time></time>      </trkpt>
      <trkpt lat="-33.390719893" lon="-70.45063549">        <ele>1793.92447944749</ele>        <time></time>      </trkpt>
      <trkpt lat="-33.390719893" lon="-70.45063549">        <ele>1794.00475714344</ele>        <time></time>      </trkpt>
      <trkpt lat="-33.3910709158877" lon="-70.4509887444789">        <ele>1809.66330457342</ele>        <time></time>      </trkpt>
      <trkpt lat="-33.3914328253022" lon="-70.4513274268728">        <ele>1837.97812627461</ele>        <time></time>      </trkpt>
      <trkpt lat="-33.3918607835806" lon="-70.4513881015492">        <ele>1852.95627948763</ele>        <time></time>      </trkpt>
      <trkpt lat="-33.3922906099088" lon="-70.4515802296812">        <ele>1853.51166352773</ele>        <time></time>      </trkpt>
      <trkpt lat="-33.3926965625289" lon="-70.4518391401165">        <ele>1855.9653611036</ele>        <time></time>      </trkpt>
      <trkpt lat="-33.3931453792319" lon="-70.4519429758874">        <ele>1860.48980456885</ele>        <time></time>      </trkpt>
      <trkpt lat="-33.3935607530209" lon="-70.4519612682847">        <ele>1864.96915477762</ele>        <time></time>      </trkpt>
      <trkpt lat="-33.3939761658646" lon="-70.4521867940593">        <ele>1867.31507205512</ele>        <time></time>      </trkpt>
      <trkpt lat="-33.3942013617758" lon="-70.4524982903998">        <ele>1870.56336783996</ele>        <time></time>      </trkpt>
      <trkpt lat="-33.3945061252762" lon="-70.4528609387247">        <ele>1868.82029544508</ele>        <time></time>      </trkpt>
      <trkpt lat="-33.3949505016739" lon="-70.4529364897416">        <ele>1868.13564137155</ele>        <time></time>      </trkpt>
      <trkpt lat="-33.3953333897854" lon="-70.4531879625335">        <ele>1865.4758129613</ele>        <time></time>      </trkpt>
      <trkpt lat="-33.3957127383125" lon="-70.4534928705849">        <ele>1863.43880769262</ele>        <time></time>      </trkpt>
      <trkpt lat="-33.3961317575074" lon="-70.4537218709107">        <ele>1856.17021915016</ele>        <time></time>      </trkpt>
      <trkpt lat="-33.3965552882188" lon="-70.4539390832427">        <ele>1845.78932974713</ele>        <time></time>      </trkpt>
      <trkpt lat="-33.3969944300611" lon="-70.4540906565081">        <ele>1839.26367161797</ele>        <time></time>      </trkpt>
      <trkpt lat="-33.3971125235427" lon="-70.4545070206405">        <ele>1826.45224686254</ele>        <time></time>      </trkpt>
      <trkpt lat="-33.3972529356701" lon="-70.4548705833009">        <ele>1811.37338005843</ele>        <time></time>      </trkpt>
      <trkpt lat="-33.3972721292937" lon="-70.4552859681079">        <ele>1786.23312969357</ele>        <time></time>      </trkpt>
      <trkpt lat="-33.3971288252123" lon="-70.4557927101312">        <ele>1763.54229325879</ele>        <time></time>      </trkpt>
      <trkpt lat="-33.3969151616718" lon="-70.4562687983143">        <ele>1752.81201098167</ele>        <time></time>      </trkpt>
      <trkpt lat="-33.3966716074073" lon="-70.4566720962857">        <ele>1742.92054004223</ele>        <time></time>      </trkpt>
      <trkpt lat="-33.3965235420072" lon="-70.4570342352814">        <ele>1731.46701999342</ele>        <time></time>      </trkpt>
      <trkpt lat="-33.3963495033199" lon="-70.457293840157">        <ele>1726.13223776892</ele>        <time></time>      </trkpt>
      <trkpt lat="-33.3962171433034" lon="-70.4578182370622">        <ele>1711.19190268045</ele>        <time></time>      </trkpt>
      <trkpt lat="-33.3961873654151" lon="-70.4583583257481">        <ele>1693.65308104962</ele>        <time></time>      </trkpt>
      <trkpt lat="-33.3961906185191" lon="-70.458905518819">        <ele>1687.66601802529</ele>        <time></time>      </trkpt>
      <trkpt lat="-33.3961041975557" lon="-70.4594321835896">        <ele>1690.14277952902</ele>        <time></time>      </trkpt>
      <trkpt lat="-33.3958174509897" lon="-70.4598207586528">        <ele>1690.73366712983</ele>        <time></time>      </trkpt>
      <trkpt lat="-33.3955488266128" lon="-70.4602337747137">        <ele>1687.87044199554</ele>        <time></time>      </trkpt>
      <trkpt lat="-33.395489193595" lon="-70.4607363493536">        <ele>1680.86413658327</ele>        <time></time>      </trkpt>
      <trkpt lat="-33.3952989643561" lon="-70.4610560672634">        <ele>1668.65466122385</ele>        <time></time>      </trkpt>
      <trkpt lat="-33.3950672108977" lon="-70.4614470542981">        <ele>1652.03161041373</ele>        <time></time>      </trkpt>
      <trkpt lat="-33.3952688505322" lon="-70.4618054910604">        <ele>1641.90408102686</ele>        <time></time>      </trkpt>
      <trkpt lat="-33.395462854" lon="-70.4622868">        <ele>1629.48377048152</ele>        <time></time>      </trkpt>
      <trkpt lat="-33.395462854" lon="-70.4622868">        <ele>1629.64639827216</ele>        <time></time>      </trkpt>
      <trkpt lat="-33.395647684247" lon="-70.4627753765838">        <ele>1616.49779327588</ele>        <time></time>      </trkpt>
      <trkpt lat="-33.3959628523819" lon="-70.4631503949267">        <ele>1604.05489445651</ele>        <time></time>      </trkpt>
      <trkpt lat="-33.3961968257102" lon="-70.463486198727">        <ele>1597.12973378804</ele>        <time></time>      </trkpt>
      <trkpt lat="-33.3962341303951" lon="-70.4640260614625">        <ele>1592.86501061088</ele>        <time></time>      </trkpt>
      <trkpt lat="-33.3963150068268" lon="-70.4645553899078">        <ele>1590.80921092541</ele>        <time></time>      </trkpt>
      <trkpt lat="-33.3967183182816" lon="-70.4645095712557">        <ele>1585.8706422403</ele>        <time></time>      </trkpt>
      <trkpt lat="-33.3971286396033" lon="-70.4646311801306">        <ele>1583.71146400628</ele>        <time></time>      </trkpt>
      <trkpt lat="-33.3973875668317" lon="-70.4649755718632">        <ele>1577.32020127313</ele>        <time></time>      </trkpt>
      <trkpt lat="-33.3975335029932" lon="-70.4654458654956">        <ele>1567.12492068965</ele>        <time></time>      </trkpt>
      <trkpt lat="-33.3979174162004" lon="-70.4657114915018">        <ele>1559.9444012578</ele>        <time></time>      </trkpt>
      <trkpt lat="-33.3981860529293" lon="-70.4661372537641">        <ele>1541.80179737967</ele>        <time></time>      </trkpt>
      <trkpt lat="-33.3984210368489" lon="-70.4663952766898">        <ele>1530.43199879326</ele>        <time></time>      </trkpt>
      <trkpt lat="-33.3987544197501" lon="-70.4665005689346">        <ele>1517.65087474193</ele>        <time></time>      </trkpt>
      <trkpt lat="-33.3991548076283" lon="-70.4666568657314">        <ele>1504.22178747551</ele>        <time></time>      </trkpt>
      <trkpt lat="-33.3995668432513" lon="-70.4668359229482">        <ele>1494.92597771445</ele>        <time></time>      </trkpt>
      <trkpt lat="-33.3998503359474" lon="-70.4670327347274">        <ele>1490.70060277631</ele>        <time></time>      </trkpt>
      <trkpt lat="-33.3994952062344" lon="-70.4673500198108">        <ele>1480.51567380072</ele>        <time></time>      </trkpt>
      <trkpt lat="-33.3991520360384" lon="-70.4676707889252">        <ele>1470.42630786217</ele>        <time></time>      </trkpt>
      <trkpt lat="-33.3987902664951" lon="-70.4678779854331">        <ele>1457.00817696922</ele>        <time></time>      </trkpt>
      <trkpt lat="-33.3984032139206" lon="-70.4681025230517">        <ele>1454.8483654242</ele>        <time></time>      </trkpt>
      <trkpt lat="-33.398307658705" lon="-70.4686115708121">        <ele>1447.75624324067</ele>        <time></time>      </trkpt>
      <trkpt lat="-33.3985094032232" lon="-70.4690699117264">        <ele>1440.39351118095</ele>        <time></time>      </trkpt>
      <trkpt lat="-33.398623030554" lon="-70.4695788486476">        <ele>1430.02901384011</ele>        <time></time>      </trkpt>
      <trkpt lat="-33.3983598298128" lon="-70.4699983976777">        <ele>1428.20312118448</ele>        <time></time>      </trkpt>
      <trkpt lat="-33.3979982014869" lon="-70.4703130058208">        <ele>1421.26579417923</ele>        <time></time>      </trkpt>
      <trkpt lat="-33.3977064014367" lon="-70.4706725013398">        <ele>1421.13918975024</ele>        <time></time>      </trkpt>
      <trkpt lat="-33.3977278132425" lon="-70.4712100800391">        <ele>1408.27869861156</ele>        <time></time>      </trkpt>
      <trkpt lat="-33.3976789529305" lon="-70.471744568545">        <ele>1403.3440286796</ele>        <time></time>      </trkpt>
      <trkpt lat="-33.3974531097274" lon="-70.4722050148993">        <ele>1406.6088440851</ele>        <time></time>      </trkpt>
      <trkpt lat="-33.3974261354995" lon="-70.4726680973473">        <ele>1399.00318604037</ele>        <time></time>      </trkpt>
      <trkpt lat="-33.3976787523038" lon="-70.4731112769733">        <ele>1383.8849359478</ele>        <time></time>      </trkpt>
      <trkpt lat="-33.3979746852352" lon="-70.4735166777396">        <ele>1376.23254542443</ele>        <time></time>      </trkpt>
      <trkpt lat="-33.3983742491573" lon="-70.4737757889354">        <ele>1367.7387411153</ele>        <time></time>      </trkpt>
      <trkpt lat="-33.3987000913457" lon="-70.474117895427">        <ele>1358.67215810944</ele>        <time></time>      </trkpt>
      <trkpt lat="-33.3990295143445" lon="-70.4740380564858">        <ele>1346.98395505428</ele>        <time></time>      </trkpt>
      <trkpt lat="-33.3994336474635" lon="-70.4739281721292">        <ele>1334.33353503468</ele>        <time></time>      </trkpt>
      <trkpt lat="-33.3998001902862" lon="-70.4742326075416">        <ele>1328.77703967179</ele>        <time></time>      </trkpt>
      <trkpt lat="-33.400133583" lon="-70.474586574">        <ele>1318.00764988636</ele>        <time></time>      </trkpt>
      <trkpt lat="-33.400133583" lon="-70.474586574">        <ele>1317.88406980806</ele>        <time></time>      </trkpt>
      <trkpt lat="-33.4004603366618" lon="-70.4748802731001">        <ele>1309.66254680942</ele>        <time></time>      </trkpt>
      <trkpt lat="-33.4008655305923" lon="-70.4751264420621">        <ele>1302.70651018638</ele>        <time></time>      </trkpt>
      <trkpt lat="-33.4012961607652" lon="-70.4752427685035">        <ele>1294.78406550819</ele>        <time></time>      </trkpt>
      <trkpt lat="-33.4016415198477" lon="-70.4749996912238">        <ele>1288.82057776952</ele>        <time></time>      </trkpt>
      <trkpt lat="-33.4016074988168" lon="-70.474474208199">        <ele>1275.59419967444</ele>        <time></time>      </trkpt>
      <trkpt lat="-33.4013402580558" lon="-70.4740347423009">        <ele>1272.95571673736</ele>        <time></time>      </trkpt>
      <trkpt lat="-33.4013205923565" lon="-70.4735291374147">        <ele>1257.08298497903</ele>        <time></time>      </trkpt>
      <trkpt lat="-33.401729193826" lon="-70.4733735191611">        <ele>1245.19389301895</ele>        <time></time>      </trkpt>
      <trkpt lat="-33.4020417715623" lon="-70.4730195769002">        <ele>1243.50345733215</ele>        <time></time>      </trkpt>
      <trkpt lat="-33.402334319232" lon="-70.4732183109266">        <ele>1239.31407650385</ele>        <time></time>      </trkpt>
      <trkpt lat="-33.4027041469564" lon="-70.4734551978846">        <ele>1235.63803614149</ele>        <time></time>      </trkpt>
      <trkpt lat="-33.4030992833351" lon="-70.4737093560393">        <ele>1233.70859021527</ele>        <time></time>      </trkpt>
      <trkpt lat="-33.4035015138813" lon="-70.4739401932354">        <ele>1228.3984030899</ele>        <time></time>      </trkpt>
      <trkpt lat="-33.4039204227971" lon="-70.4741359320059">        <ele>1222.3948292303</ele>        <time></time>      </trkpt>
      <trkpt lat="-33.4042787592846" lon="-70.4744401490693">        <ele>1216.25039764218</ele>        <time></time>      </trkpt>
      <trkpt lat="-33.4046819910476" lon="-70.4746111471696">        <ele>1220.19576516313</ele>        <time></time>      </trkpt>
      <trkpt lat="-33.4051028892886" lon="-70.4744318557514">        <ele>1225.44971544142</ele>        <time></time>      </trkpt>
      <trkpt lat="-33.4054816967074" lon="-70.4741473031988">        <ele>1229.72414375329</ele>        <time></time>      </trkpt>
      <trkpt lat="-33.4058325618282" lon="-70.4738880989235">        <ele>1239.63921749389</ele>        <time></time>      </trkpt>
      <trkpt lat="-33.4060750374784" lon="-70.4734545792542">        <ele>1249.47275195047</ele>        <time></time>      </trkpt>
      <trkpt lat="-33.4064854163838" lon="-70.4733740605027">        <ele>1261.76796734754</ele>        <time></time>      </trkpt>
      <trkpt lat="-33.4066420905262" lon="-70.4728839249208">        <ele>1274.40857708049</ele>        <time></time>      </trkpt>
      <trkpt lat="-33.4068456210773" lon="-70.4725480636413">        <ele>1292.08910972292</ele>        <time></time>      </trkpt>
      <trkpt lat="-33.4072889839187" lon="-70.4724301126293">        <ele>1295.2690216031</ele>        <time></time>      </trkpt>
      <trkpt lat="-33.4076411674175" lon="-70.472108112742">        <ele>1306.5978853517</ele>        <time></time>      </trkpt>
      <trkpt lat="-33.4079698444039" lon="-70.4717324043117">        <ele>1315.62437189792</ele>        <time></time>      </trkpt>
      <trkpt lat="-33.4084146500357" lon="-70.4717324373744">        <ele>1322.07608122041</ele>        <time></time>      </trkpt>
      <trkpt lat="-33.4085536426814" lon="-70.4721024963625">        <ele>1326.11732542969</ele>        <time></time>      </trkpt>
      <trkpt lat="-33.4089033716548" lon="-70.4723833361888">        <ele>1329.78974114451</ele>        <time></time>      </trkpt>
      <trkpt lat="-33.4093077734518" lon="-70.4725020867655">        <ele>1336.79002283495</ele>        <time></time>      </trkpt>
      <trkpt lat="-33.4092523898121" lon="-70.472959318521">        <ele>1344.11039050596</ele>        <time></time>      </trkpt>
      <trkpt lat="-33.4090047189086" lon="-70.4734100909142">        <ele>1348.66442821307</ele>        <time></time>      </trkpt>
      <trkpt lat="-33.4091309622333" lon="-70.4739160846218">        <ele>1355.138222823</ele>        <time></time>      </trkpt>
      <trkpt lat="-33.4089160744226" lon="-70.4743689332506">        <ele>1357.82261220268</ele>        <time></time>      </trkpt>
      <trkpt lat="-33.4087906169607" lon="-70.4748838348059">        <ele>1357.60748961336</ele>        <time></time>      </trkpt>
      <trkpt lat="-33.4088367738709" lon="-70.4754225403243">        <ele>1356.17033961373</ele>        <time></time>      </trkpt>
      <trkpt lat="-33.408987852683" lon="-70.4759316989122">        <ele>1359.6242832772</ele>        <time></time>      </trkpt>
      <trkpt lat="-33.4089440029405" lon="-70.4764375818971">        <ele>1357.87429087025</ele>        <time></time>      </trkpt>
      <trkpt lat="-33.408921997" lon="-70.47697776">        <ele>1357.99108138691</ele>        <time></time>      </trkpt>
      <trkpt lat="-33.408921997" lon="-70.47697776">        <ele>1358.12023004442</ele>        <time></time>      </trkpt>
      <trkpt lat="-33.4089645522037" lon="-70.47751421165">        <ele>1355.83266664951</ele>        <time></time>      </trkpt>
      <trkpt lat="-33.4090176750563" lon="-70.4780379103557">        <ele>1347.76422675673</ele>        <time></time>      </trkpt>
      <trkpt lat="-33.4088402156867" lon="-70.4785053279151">        <ele>1339.35052228555</ele>        <time></time>      </trkpt>
      <trkpt lat="-33.4085017053436" lon="-70.4788267572024">        <ele>1338.36015573051</ele>        <time></time>      </trkpt>
      <trkpt lat="-33.408167398425" lon="-70.4791503695902">        <ele>1320.05805381822</ele>        <time></time>      </trkpt>
      <trkpt lat="-33.4079686282689" lon="-70.479637487791">        <ele>1300.92298654028</ele>        <time></time>      </trkpt>
      <trkpt lat="-33.4076824286275" lon="-70.4800225897206">        <ele>1287.74884847772</ele>        <time></time>      </trkpt>
      <trkpt lat="-33.4072479831945" lon="-70.4801438029633">        <ele>1271.74590672369</ele>        <time></time>      </trkpt>
      <trkpt lat="-33.4069056320586" lon="-70.4804297706064">        <ele>1267.8353679116</ele>        <time></time>      </trkpt>
      <trkpt lat="-33.4070822593799" lon="-70.4809213904127">        <ele>1261.20767444753</ele>        <time></time>      </trkpt>
      <trkpt lat="-33.4073928989242" lon="-70.4812903076917">        <ele>1246.20870006443</ele>        <time></time>      </trkpt>
      <trkpt lat="-33.4078409023569" lon="-70.4812532764237">        <ele>1244.81684050508</ele>        <time></time>      </trkpt>
      <trkpt lat="-33.4081144987946" lon="-70.4815917169728">        <ele>1246.42034870653</ele>        <time></time>      </trkpt>
      <trkpt lat="-33.4081110549908" lon="-70.4821095030277">        <ele>1242.5038476807</ele>        <time></time>      </trkpt>
      <trkpt lat="-33.4082951502876" lon="-70.482550603252">        <ele>1236.65836316353</ele>        <time></time>      </trkpt>
      <trkpt lat="-33.40841750046" lon="-70.4830441203857">        <ele>1229.38056438705</ele>        <time></time>      </trkpt>
      <trkpt lat="-33.4085915285602" lon="-70.4835365478586">        <ele>1224.63468333965</ele>        <time></time>      </trkpt>
      <trkpt lat="-33.4085779576938" lon="-70.4840704230681">        <ele>1216.91286901013</ele>        <time></time>      </trkpt>
      <trkpt lat="-33.4086600238497" lon="-70.4845723581825">        <ele>1207.21473942187</ele>        <time></time>      </trkpt>
      <trkpt lat="-33.4087327101362" lon="-70.4851036299096">        <ele>1201.01088395443</ele>        <time></time>      </trkpt>
      <trkpt lat="-33.4087249093625" lon="-70.4856361510048">        <ele>1189.96749942007</ele>        <time></time>      </trkpt>
      <trkpt lat="-33.408571330173" lon="-70.4861459105076">        <ele>1180.58456563013</ele>        <time></time>      </trkpt>
      <trkpt lat="-33.4085414661688" lon="-70.4866474352411">        <ele>1173.25851895735</ele>        <time></time>      </trkpt>
      <trkpt lat="-33.408517724654" lon="-70.4871778550022">        <ele>1167.08923337758</ele>        <time></time>      </trkpt>
      <trkpt lat="-33.4088645348336" lon="-70.4873482061632">        <ele>1163.0034925159</ele>        <time></time>      </trkpt>
      <trkpt lat="-33.4092618911124" lon="-70.4875299722855">        <ele>1164.15759872293</ele>        <time></time>      </trkpt>
      <trkpt lat="-33.4093435981752" lon="-70.4880372837664">        <ele>1160.56611591526</ele>        <time></time>      </trkpt>
      <trkpt lat="-33.4091147798502" lon="-70.4884741305125">        <ele>1155.2096909425</ele>        <time></time>      </trkpt>
      <trkpt lat="-33.4092808448272" lon="-70.4888840089269">        <ele>1156.11723242121</ele>        <time></time>      </trkpt>
      <trkpt lat="-33.4096034709312" lon="-70.4892546231921">        <ele>1158.5882008426</ele>        <time></time>      </trkpt>
      <trkpt lat="-33.4100380079431" lon="-70.4893933021295">        <ele>1166.10971400617</ele>        <time></time>      </trkpt>
      <trkpt lat="-33.4104873249297" lon="-70.4894184181795">        <ele>1173.56984639915</ele>        <time></time>      </trkpt>
      <trkpt lat="-33.4109379566423" lon="-70.4893511190266">        <ele>1186.07007399948</ele>        <time></time>      </trkpt>
      <trkpt lat="-33.4113662680021" lon="-70.4892086057187">        <ele>1194.67431541477</ele>        <time></time>      </trkpt>
      <trkpt lat="-33.4118056313221" lon="-70.4893307757497">        <ele>1200.03570148043</ele>        <time></time>      </trkpt>
      <trkpt lat="-33.4122572241874" lon="-70.4892952807307">        <ele>1204.24220144105</ele>        <time></time>      </trkpt>
      <trkpt lat="-33.4126410089005" lon="-70.4890970851351">        <ele>1217.07203764558</ele>        <time></time>      </trkpt>
      <trkpt lat="-33.4130385723018" lon="-70.4889963683517">        <ele>1227.49851349618</ele>        <time></time>      </trkpt>
      <trkpt lat="-33.4134920578421" lon="-70.488962180499">        <ele>1235.69465550137</ele>        <time></time>      </trkpt>
      <trkpt lat="-33.4139330505295" lon="-70.4888324461556">        <ele>1242.57946700272</ele>        <time></time>      </trkpt>
      <trkpt lat="-33.4143841150041" lon="-70.4888287369406">        <ele>1248.77917346343</ele>        <time></time>      </trkpt>
      <trkpt lat="-33.4148351922367" lon="-70.4888807657886">        <ele>1250.65194878767</ele>        <time></time>      </trkpt>
      <trkpt lat="-33.4152813334548" lon="-70.4887869260081">        <ele>1258.13850951733</ele>        <time></time>      </trkpt>
      <trkpt lat="-33.4157343377559" lon="-70.4888337274038">        <ele>1263.77803276349</ele>        <time></time>      </trkpt>
      <trkpt lat="-33.4161772381013" lon="-70.4889485895652">        <ele>1277.67878940069</ele>        <time></time>      </trkpt>
      <trkpt lat="-33.4166310078673" lon="-70.4889840534445">        <ele>1276.97426095631</ele>        <time></time>      </trkpt>
      <trkpt lat="-33.4170829442394" lon="-70.4890385121701">        <ele>1288.27638488432</ele>        <time></time>      </trkpt>
      <trkpt lat="-33.4173577699689" lon="-70.4893012580909">        <ele>1298.41890771793</ele>        <time></time>      </trkpt>
      <trkpt lat="-33.4175880565974" lon="-70.4897113300649">        <ele>1315.9631396333</ele>        <time></time>      </trkpt>
      <trkpt lat="-33.4175810743694" lon="-70.4902426658815">        <ele>1331.17350598037</ele>        <time></time>      </trkpt>
      <trkpt lat="-33.4174562447169" lon="-70.4907564444963">        <ele>1344.52188505219</ele>        <time></time>      </trkpt>
      <trkpt lat="-33.4172733763927" lon="-70.4911785825422">        <ele>1356.14436633641</ele>        <time></time>      </trkpt>
      <trkpt lat="-33.4174766476279" lon="-70.4916000433721">        <ele>1363.25903761662</ele>        <time></time>      </trkpt>
      <trkpt lat="-33.4179090490435" lon="-70.4916515175029">        <ele>1373.31567620665</ele>        <time></time>      </trkpt>
      <trkpt lat="-33.4183463868656" lon="-70.4916176910675">        <ele>1384.35445115279</ele>        <time></time>      </trkpt>
      <trkpt lat="-33.4187740423855" lon="-70.4915119417176">        <ele>1400.94447855429</ele>        <time></time>      </trkpt>
      <trkpt lat="-33.4191902502995" lon="-70.4914479509958">        <ele>1423.65876269914</ele>        <time></time>      </trkpt>
      <trkpt lat="-33.4196259742323" lon="-70.4913497558453">        <ele>1443.23316087331</ele>        <time></time>      </trkpt>
      <trkpt lat="-33.4200634418018" lon="-70.4912905653452">        <ele>1449.57856576724</ele>        <time></time>      </trkpt>
      <trkpt lat="-33.4204961559053" lon="-70.4912040917912">        <ele>1470.78830069273</ele>        <time></time>      </trkpt>
      <trkpt lat="-33.4209285961162" lon="-70.4911261431777">        <ele>1486.80560677651</ele>        <time></time>      </trkpt>
      <trkpt lat="-33.4212920727825" lon="-70.4908086703921">        <ele>1492.56047987906</ele>        <time></time>      </trkpt>
      <trkpt lat="-33.4216633581748" lon="-70.4905171428776">        <ele>1505.02598709373</ele>        <time></time>      </trkpt>
      <trkpt lat="-33.4219818972543" lon="-70.4901460508088">        <ele>1514.07410188757</ele>        <time></time>      </trkpt>
      <trkpt lat="-33.4223086664798" lon="-70.4897716298627">        <ele>1516.35671097832</ele>        <time></time>      </trkpt>
      <trkpt lat="-33.4225872262803" lon="-70.4893467392345">        <ele>1514.37637108538</ele>        <time></time>      </trkpt>
      <trkpt lat="-33.4227906757186" lon="-70.4888626824553">        <ele>1522.07755545382</ele>        <time></time>      </trkpt>
      <trkpt lat="-33.4229404699336" lon="-70.4883513091216">        <ele>1534.91622491405</ele>        <time></time>      </trkpt>
      <trkpt lat="-33.4229647213174" lon="-70.487831597187">        <ele>1543.66468281854</ele>        <time></time>      </trkpt>
      <trkpt lat="-33.422932437" lon="-70.487299268">        <ele>1550.89435085811</ele>        <time></time>      </trkpt>
      <trkpt lat="-33.422932437" lon="-70.487299268">        <ele>1550.75910893695</ele>        <time></time>      </trkpt>
      <trkpt lat="-33.4230714841648" lon="-70.4867875451635">        <ele>1561.04003782342</ele>        <time></time>      </trkpt>
      <trkpt lat="-33.4232005794552" lon="-70.4862693066734">        <ele>1579.17443992342</ele>        <time></time>      </trkpt>
      <trkpt lat="-33.4234461112696" lon="-70.4858228879351">        <ele>1591.45960065077</ele>        <time></time>      </trkpt>
      <trkpt lat="-33.4235723179943" lon="-70.4853065004788">        <ele>1602.80336664559</ele>        <time></time>      </trkpt>
      <trkpt lat="-33.4235094795439" lon="-70.4847809020128">        <ele>1611.90241990983</ele>        <time></time>      </trkpt>
      <trkpt lat="-33.4235395176621" lon="-70.4842423989209">        <ele>1616.34876020035</ele>        <time></time>      </trkpt>
      <trkpt lat="-33.4235852616331" lon="-70.4837074138757">        <ele>1628.78336258047</ele>        <time></time>      </trkpt>
      <trkpt lat="-33.4235896018926" lon="-70.4831724743463">        <ele>1653.75916494952</ele>        <time></time>      </trkpt>
      <trkpt lat="-33.4237267582091" lon="-70.4826643099599">        <ele>1675.73960817498</ele>        <time></time>      </trkpt>
      <trkpt lat="-33.4239424790204" lon="-70.4821979365585">        <ele>1697.4352784135</ele>        <time></time>      </trkpt>
      <trkpt lat="-33.4240648863252" lon="-70.48167946264">        <ele>1726.02909305026</ele>        <time></time>      </trkpt>
      <trkpt lat="-33.4241643826755" lon="-70.4811536856068">        <ele>1745.91274166906</ele>        <time></time>      </trkpt>
      <trkpt lat="-33.4241707538898" lon="-70.4806162480712">        <ele>1767.59282430031</ele>        <time></time>      </trkpt>
      <trkpt lat="-33.4241847106871" lon="-70.4800820152605">        <ele>1782.82209955249</ele>        <time></time>      </trkpt>
      <trkpt lat="-33.4241798418906" lon="-70.4795438038828">        <ele>1812.71988005248</ele>        <time></time>      </trkpt>
      <trkpt lat="-33.424127613146" lon="-70.4790176757913">        <ele>1838.30658102685</ele>        <time></time>      </trkpt>
      <trkpt lat="-33.4240067527166" lon="-70.478523164512">        <ele>1853.21604317783</ele>        <time></time>      </trkpt>
      <trkpt lat="-33.4237476638811" lon="-70.4781176275455">        <ele>1862.06277975839</ele>        <time></time>      </trkpt>
      <trkpt lat="-33.4233089028961" lon="-70.478082848362">        <ele>1864.72123665865</ele>        <time></time>      </trkpt>
      <trkpt lat="-33.4228886296965" lon="-70.4781567295207">        <ele>1853.38690702983</ele>        <time></time>      </trkpt>
      <trkpt lat="-33.4224482908336" lon="-70.4781370524634">        <ele>1843.97361035308</ele>        <time></time>      </trkpt>
      <trkpt lat="-33.422004575291" lon="-70.4780598091555">        <ele>1832.91959544591</ele>        <time></time>      </trkpt>
      <trkpt lat="-33.4215862001429" lon="-70.4778696183918">        <ele>1821.67969707272</ele>        <time></time>      </trkpt>
      <trkpt lat="-33.4211962283982" lon="-70.4776467692087">        <ele>1809.82791700932</ele>        <time></time>      </trkpt>
      <trkpt lat="-33.4207751231384" lon="-70.4775721905851">        <ele>1798.85878035726</ele>        <time></time>      </trkpt>
      <trkpt lat="-33.4204369476185" lon="-70.4772279057527">        <ele>1795.05781507428</ele>        <time></time>      </trkpt>
      <trkpt lat="-33.4200314111662" lon="-70.4770385900436">        <ele>1795.87103015649</ele>        <time></time>      </trkpt>
      <trkpt lat="-33.4198236878441" lon="-70.4765803179049">        <ele>1799.4072655884</ele>        <time></time>      </trkpt>
      <trkpt lat="-33.4196889416698" lon="-70.4760733483455">        <ele>1815.89120347167</ele>        <time></time>      </trkpt>
      <trkpt lat="-33.4196359053286" lon="-70.4755438278299">        <ele>1832.01771093433</ele>        <time></time>      </trkpt>
      <trkpt lat="-33.4194995125056" lon="-70.4750373553429">        <ele>1839.89877666823</ele>        <time></time>      </trkpt>
      <trkpt lat="-33.4193541971751" lon="-70.4746134870796">        <ele>1850.02004935852</ele>        <time></time>      </trkpt>
      <trkpt lat="-33.4189575927501" lon="-70.474378253802">        <ele>1845.51268365154</ele>        <time></time>      </trkpt>
      <trkpt lat="-33.4185728272564" lon="-70.4742180488977">        <ele>1837.66026109764</ele>        <time></time>      </trkpt>
      <trkpt lat="-33.4183624070461" lon="-70.473745685726">        <ele>1821.71679949114</ele>        <time></time>      </trkpt>
      <trkpt lat="-33.4182192433259" lon="-70.4732453165586">        <ele>1797.49733831111</ele>        <time></time>      </trkpt>
      <trkpt lat="-33.4179843670678" lon="-70.4728129234204">        <ele>1771.04510050085</ele>        <time></time>      </trkpt>
      <trkpt lat="-33.417743184448" lon="-70.4723631744583">        <ele>1751.41464461237</ele>        <time></time>      </trkpt>
      <trkpt lat="-33.4175841781272" lon="-70.4718592148838">        <ele>1745.92256343712</ele>        <time></time>      </trkpt>
      <trkpt lat="-33.4175124130269" lon="-70.4713289801647">        <ele>1729.88317747155</ele>        <time></time>      </trkpt>
      <trkpt lat="-33.4175859097889" lon="-70.4707980761828">        <ele>1713.76723472215</ele>        <time></time>      </trkpt>
      <trkpt lat="-33.4176891706199" lon="-70.4702859560534">        <ele>1697.41526418509</ele>        <time></time>      </trkpt>
      <trkpt lat="-33.4178090037232" lon="-70.4697742222626">        <ele>1693.76599118482</ele>        <time></time>      </trkpt>
      <trkpt lat="-33.4181824122833" lon="-70.4695791256263">        <ele>1686.37704842045</ele>        <time></time>      </trkpt>
      <trkpt lat="-33.4185591099565" lon="-70.4692977909372">        <ele>1672.02212988472</ele>        <time></time>      </trkpt>
      <trkpt lat="-33.4189677376907" lon="-70.4690802802607">        <ele>1651.75126687835</ele>        <time></time>      </trkpt>
      <trkpt lat="-33.4191886726674" lon="-70.4686386536579">        <ele>1640.84696119677</ele>        <time></time>      </trkpt>
      <trkpt lat="-33.419510968" lon="-70.468350645">        <ele>1622.7014321711</ele>        <time></time>      </trkpt>
      <trkpt lat="-33.419510968" lon="-70.468350645">        <ele>1622.46419482501</ele>        <time></time>      </trkpt>
      <trkpt lat="-33.4198969839561" lon="-70.4685330894273">        <ele>1607.40453337382</ele>        <time></time>      </trkpt>
      <trkpt lat="-33.4203178009679" lon="-70.4686779234403">        <ele>1598.0691745625</ele>        <time></time>      </trkpt>
      <trkpt lat="-33.4207422291483" lon="-70.4688099001855">        <ele>1583.69649807561</ele>        <time></time>      </trkpt>
      <trkpt lat="-33.421183300262" lon="-70.4689090789461">        <ele>1571.83957879726</ele>        <time></time>      </trkpt>
      <trkpt lat="-33.4216245816683" lon="-70.4690182351469">        <ele>1567.65753604173</ele>        <time></time>      </trkpt>
      <trkpt lat="-33.4220464027396" lon="-70.4691767857478">        <ele>1563.55995797656</ele>        <time></time>      </trkpt>
      <trkpt lat="-33.4224595223894" lon="-70.4693770590929">        <ele>1557.25780654405</ele>        <time></time>      </trkpt>
      <trkpt lat="-33.4229006672879" lon="-70.4694923586885">        <ele>1547.47896220626</ele>        <time></time>      </trkpt>
      <trkpt lat="-33.4233463022034" lon="-70.4695984376045">        <ele>1538.53189170471</ele>        <time></time>      </trkpt>
      <trkpt lat="-33.4237798846771" lon="-70.4697292783174">        <ele>1527.82251639245</ele>        <time></time>      </trkpt>
      <trkpt lat="-33.4242323337362" lon="-70.4697955753897">        <ele>1524.33986501078</ele>        <time></time>      </trkpt>
      <trkpt lat="-33.4246878420252" lon="-70.4698014928787">        <ele>1516.4584609583</ele>        <time></time>      </trkpt>
      <trkpt lat="-33.4251404182922" lon="-70.4697435370748">        <ele>1511.55772695222</ele>        <time></time>      </trkpt>
      <trkpt lat="-33.4255926776887" lon="-70.4696706576567">        <ele>1507.484679575</ele>        <time></time>      </trkpt>
      <trkpt lat="-33.4260159173074" lon="-70.4698201928606">        <ele>1505.44872714189</ele>        <time></time>      </trkpt>
      <trkpt lat="-33.4264685017837" lon="-70.4698706288482">        <ele>1500.24629552873</ele>        <time></time>      </trkpt>
      <trkpt lat="-33.4269183554417" lon="-70.4699408092202">        <ele>1491.38993983124</ele>        <time></time>      </trkpt>
      <trkpt lat="-33.4273713926651" lon="-70.4699969920339">        <ele>1492.22315076221</ele>        <time></time>      </trkpt>
      <trkpt lat="-33.4278233288114" lon="-70.4700206552731">        <ele>1486.89785612707</ele>        <time></time>      </trkpt>
      <trkpt lat="-33.4282792799343" lon="-70.4700077913815">        <ele>1480.61750892334</ele>        <time></time>      </trkpt>
      <trkpt lat="-33.4287093821297" lon="-70.4700621262272">        <ele>1472.43343469569</ele>        <time></time>      </trkpt>
      <trkpt lat="-33.4290843562118" lon="-70.4703238140526">        <ele>1465.92860695091</ele>        <time></time>      </trkpt>
      <trkpt lat="-33.4293983635423" lon="-70.47070506537">        <ele>1459.78509041601</ele>        <time></time>      </trkpt>
      <trkpt lat="-33.4298018402463" lon="-70.4709331760544">        <ele>1459.52265256044</ele>        <time></time>      </trkpt>
      <trkpt lat="-33.4301807551515" lon="-70.4712143711986">        <ele>1455.43773534894</ele>        <time></time>      </trkpt>
      <trkpt lat="-33.4305470303535" lon="-70.4715246499873">        <ele>1451.88735550293</ele>        <time></time>      </trkpt>
      <trkpt lat="-33.4309635903732" lon="-70.4717169147264">        <ele>1448.86793777805</ele>        <time></time>      </trkpt>
      <trkpt lat="-33.4313986372908" lon="-70.471868257426">        <ele>1448.75629978191</ele>        <time></time>      </trkpt>
      <trkpt lat="-33.4318407086041" lon="-70.4719881608017">        <ele>1445.92021913509</ele>        <time></time>      </trkpt>
      <trkpt lat="-33.43228815172" lon="-70.4719001965382">        <ele>1444.74506999178</ele>        <time></time>      </trkpt>
      <trkpt lat="-33.4326806579247" lon="-70.4716559746865">        <ele>1446.99616285743</ele>        <time></time>      </trkpt>
      <trkpt lat="-33.4329010322942" lon="-70.4712206714369">        <ele>1448.13414379623</ele>        <time></time>      </trkpt>
      <trkpt lat="-33.4332048804823" lon="-70.4708299829813">        <ele>1453.5569821488</ele>        <time></time>      </trkpt>
      <trkpt lat="-33.4335755838981" lon="-70.4705292168902">        <ele>1458.34131537743</ele>        <time></time>      </trkpt>
      <trkpt lat="-33.4340018998073" lon="-70.4703645794532">        <ele>1460.7055641694</ele>        <time></time>      </trkpt>
      <trkpt lat="-33.4343926218025" lon="-70.4700951904937">        <ele>1455.38691790083</ele>        <time></time>      </trkpt>
      <trkpt lat="-33.4347122572801" lon="-70.4697423287804">        <ele>1459.10276917767</ele>        <time></time>      </trkpt>
      <trkpt lat="-33.4349058997518" lon="-70.4692733382945">        <ele>1465.21667845086</ele>        <time></time>      </trkpt>
      <trkpt lat="-33.4351698565568" lon="-70.4688457878048">        <ele>1467.83167840131</ele>        <time></time>      </trkpt>
      <trkpt lat="-33.435268644" lon="-70.468331147">        <ele>1476.81459031967</ele>        <time></time>      </trkpt>
      <trkpt lat="-33.435268644" lon="-70.468331147">        <ele>1476.82465370261</ele>        <time></time>      </trkpt>
      <trkpt lat="-33.4355359915742" lon="-70.4679559876474">        <ele>1490.47346142509</ele>        <time></time>      </trkpt>
      <trkpt lat="-33.4359050318471" lon="-70.4678115228074">        <ele>1501.66226394385</ele>        <time></time>      </trkpt>
      <trkpt lat="-33.4362855478647" lon="-70.4675078591204">        <ele>1513.24202245028</ele>        <time></time>      </trkpt>
      <trkpt lat="-33.4367051953695" lon="-70.4672948923463">        <ele>1513.80407853113</ele>        <time></time>      </trkpt>
      <trkpt lat="-33.4370573666908" lon="-70.4669490081189">        <ele>1517.59216450359</ele>        <time></time>      </trkpt>
      <trkpt lat="-33.437373585592" lon="-70.4665489859752">        <ele>1528.44239451642</ele>        <time></time>      </trkpt>
      <trkpt lat="-33.4377854113113" lon="-70.4663152398645">        <ele>1528.88969975752</ele>        <time></time>      </trkpt>
      <trkpt lat="-33.4382148754593" lon="-70.46611520003">        <ele>1530.98857225186</ele>        <time></time>      </trkpt>
      <trkpt lat="-33.4385648647099" lon="-70.4657753518932">        <ele>1530.14571641153</ele>        <time></time>      </trkpt>
      <trkpt lat="-33.4388458615073" lon="-70.4653456995692">        <ele>1537.49228808096</ele>        <time></time>      </trkpt>
      <trkpt lat="-33.4392650217362" lon="-70.4651477520731">        <ele>1534.93845512767</ele>        <time></time>      </trkpt>
      <trkpt lat="-33.4396728645468" lon="-70.4650628874369">        <ele>1529.35292145325</ele>        <time></time>      </trkpt>
      <trkpt lat="-33.4399538374329" lon="-70.4646261127852">        <ele>1537.03069170192</ele>        <time></time>      </trkpt>
      <trkpt lat="-33.4402743765343" lon="-70.4642710327038">        <ele>1540.48210546444</ele>        <time></time>      </trkpt>
      <trkpt lat="-33.4404432489846" lon="-70.4638030491805">        <ele>1545.51453652518</ele>        <time></time>      </trkpt>
      <trkpt lat="-33.4403235825809" lon="-70.463267087322">        <ele>1557.89102411887</ele>        <time></time>      </trkpt>
      <trkpt lat="-33.4404879759263" lon="-70.4627707652764">        <ele>1558.24759571836</ele>        <time></time>      </trkpt>
      <trkpt lat="-33.4407448673052" lon="-70.4623192090434">        <ele>1559.8836274286</ele>        <time></time>      </trkpt>
      <trkpt lat="-33.4409484238902" lon="-70.4618279807769">        <ele>1572.88423240222</ele>        <time></time>      </trkpt>
      <trkpt lat="-33.441308774" lon="-70.461543112">        <ele>1574.07786948523</ele>        <time></time>      </trkpt>
      <trkpt lat="-33.441308774" lon="-70.461543112">        <ele>1574.03618295621</ele>        <time></time>      </trkpt>
      <trkpt lat="-33.4415908715152" lon="-70.4618297729304">        <ele>1574.14783626215</ele>        <time></time>      </trkpt>
      <trkpt lat="-33.4418009637821" lon="-70.4622970495218">        <ele>1566.91149387241</ele>        <time></time>      </trkpt>
      <trkpt lat="-33.4419583315263" lon="-70.4628024731782">        <ele>1559.7853883521</ele>        <time></time>      </trkpt>
      <trkpt lat="-33.4421816356315" lon="-70.4632436854034">        <ele>1559.41927363429</ele>        <time></time>      </trkpt>
      <trkpt lat="-33.4425956462561" lon="-70.4633582817575">        <ele>1562.81018907793</ele>        <time></time>      </trkpt>
      <trkpt lat="-33.4430267926399" lon="-70.4634799862788">        <ele>1571.13363220089</ele>        <time></time>      </trkpt>
      <trkpt lat="-33.4434545646064" lon="-70.4635569660426">        <ele>1578.11450081856</ele>        <time></time>      </trkpt>
      <trkpt lat="-33.4438921279154" lon="-70.4635799937458">        <ele>1586.5718893583</ele>        <time></time>      </trkpt>
      <trkpt lat="-33.4443163740151" lon="-70.4635727001909">        <ele>1593.61725693749</ele>        <time></time>      </trkpt>
      <trkpt lat="-33.4446744412145" lon="-70.4637455552492">        <ele>1596.99914753672</ele>        <time></time>      </trkpt>
      <trkpt lat="-33.4450038873799" lon="-70.4638889446992">        <ele>1599.33200572913</ele>        <time></time>      </trkpt>
      <trkpt lat="-33.4452704583651" lon="-70.4634578963002">        <ele>1608.79092713223</ele>        <time></time>      </trkpt>
      <trkpt lat="-33.4456707340718" lon="-70.4632398265627">        <ele>1611.66067079142</ele>        <time></time>      </trkpt>
      <trkpt lat="-33.446111197091" lon="-70.4631653765434">        <ele>1606.02978228048</ele>        <time></time>      </trkpt>
      <trkpt lat="-33.4459851905131" lon="-70.4634910917911">        <ele>1596.92406265519</ele>        <time></time>      </trkpt>
      <trkpt lat="-33.4457660169967" lon="-70.4639593139466">        <ele>1587.45398362165</ele>        <time></time>      </trkpt>
      <trkpt lat="-33.4457967451186" lon="-70.4644386311235">        <ele>1583.09720048044</ele>        <time></time>      </trkpt>
      <trkpt lat="-33.4460252801991" lon="-70.464900278868">        <ele>1588.61706179607</ele>        <time></time>      </trkpt>
      <trkpt lat="-33.4462054897875" lon="-70.4651518635447">        <ele>1599.8367719629</ele>        <time></time>      </trkpt>
      <trkpt lat="-33.4462405752646" lon="-70.4646199753873">        <ele>1605.17371219866</ele>        <time></time>      </trkpt>
      <trkpt lat="-33.4463619067996" lon="-70.4642936067623">        <ele>1612.17769019987</ele>        <time></time>      </trkpt>
      <trkpt lat="-33.4464726834014" lon="-70.4648117910476">        <ele>1618.15304610887</ele>        <time></time>      </trkpt>
      <trkpt lat="-33.446569260843" lon="-70.465338735075">        <ele>1620.40514570105</ele>        <time></time>      </trkpt>
      <trkpt lat="-33.4464488302452" lon="-70.4658360574406">        <ele>1615.67764863449</ele>        <time></time>      </trkpt>
      <trkpt lat="-33.4461113366399" lon="-70.4661954595935">        <ele>1610.99219689232</ele>        <time></time>      </trkpt>
      <trkpt lat="-33.4457366791476" lon="-70.4664983796067">        <ele>1608.82309546881</ele>        <time></time>      </trkpt>
      <trkpt lat="-33.4453364295953" lon="-70.466742595187">        <ele>1595.15100608834</ele>        <time></time>      </trkpt>
      <trkpt lat="-33.4449238452803" lon="-70.4669670490213">        <ele>1585.10538208713</ele>        <time></time>      </trkpt>
      <trkpt lat="-33.4445330430411" lon="-70.4672415786519">        <ele>1587.37320144869</ele>        <time></time>      </trkpt>
      <trkpt lat="-33.4441408465569" lon="-70.4675135529841">        <ele>1588.53950465692</ele>        <time></time>      </trkpt>
      <trkpt lat="-33.4437430790864" lon="-70.4677739559037">        <ele>1585.99989289162</ele>        <time></time>      </trkpt>
      <trkpt lat="-33.4433396714791" lon="-70.4680207120336">        <ele>1582.87745883097</ele>        <time></time>      </trkpt>
      <trkpt lat="-33.4429186206345" lon="-70.4682169891197">        <ele>1578.94271247713</ele>        <time></time>      </trkpt>
      <trkpt lat="-33.4425225496533" lon="-70.4684774913486">        <ele>1572.67453374944</ele>        <time></time>      </trkpt>
      <trkpt lat="-33.4421391290789" lon="-70.4684315576579">        <ele>1560.76083337679</ele>        <time></time>      </trkpt>
      <trkpt lat="-33.441740521" lon="-70.468315039">        <ele>1551.59317903312</ele>        <time></time>      </trkpt>
      <trkpt lat="-33.441740521" lon="-70.468315039">        <ele>1551.6536024872</ele>        <time></time>      </trkpt>
      <trkpt lat="-33.4413028561411" lon="-70.4684895689511">        <ele>1548.20642023209</ele>        <time></time>      </trkpt>
      <trkpt lat="-33.4408675257573" lon="-70.468674250694">        <ele>1540.93160133309</ele>        <time></time>      </trkpt>
      <trkpt lat="-33.440419667084" lon="-70.4688087051844">        <ele>1535.03443548635</ele>        <time></time>      </trkpt>
      <trkpt lat="-33.4399655557251" lon="-70.4689103444724">        <ele>1526.04324291099</ele>        <time></time>      </trkpt>
      <trkpt lat="-33.4395091547442" lon="-70.4689897860792">        <ele>1518.16396379879</ele>        <time></time>      </trkpt>
      <trkpt lat="-33.4390559895529" lon="-70.4690917164597">        <ele>1513.89786473698</ele>        <time></time>      </trkpt>
      <trkpt lat="-33.4386271271586" lon="-70.4692961576231">        <ele>1512.84151459432</ele>        <time></time>      </trkpt>
      <trkpt lat="-33.4382135106208" lon="-70.4695432446539">        <ele>1505.36570854431</ele>        <time></time>      </trkpt>
      <trkpt lat="-33.4377810019023" lon="-70.4697355916185">        <ele>1495.28384760285</ele>        <time></time>      </trkpt>
      <trkpt lat="-33.4373303355269" lon="-70.4698503609692">        <ele>1492.94469088778</ele>        <time></time>      </trkpt>
      <trkpt lat="-33.4369164503198" lon="-70.4700836473831">        <ele>1489.6279274214</ele>        <time></time>      </trkpt>
      <trkpt lat="-33.4365779525607" lon="-70.4704527801593">        <ele>1488.12733157377</ele>        <time></time>      </trkpt>
      <trkpt lat="-33.4362102771957" lon="-70.4707816733575">        <ele>1485.17117570697</ele>        <time></time>      </trkpt>
      <trkpt lat="-33.4358400222091" lon="-70.4711084001954">        <ele>1478.3544102469</ele>        <time></time>      </trkpt>
      <trkpt lat="-33.4354840574595" lon="-70.471458269093">        <ele>1465.43979446896</ele>        <time></time>      </trkpt>
      <trkpt lat="-33.435225894996" lon="-70.4719157658296">        <ele>1455.56872854373</ele>        <time></time>      </trkpt>
      <trkpt lat="-33.4350277396768" lon="-70.4724093711237">        <ele>1450.23748599562</ele>        <time></time>      </trkpt>
      <trkpt lat="-33.4347924852066" lon="-70.4728518001161">        <ele>1446.48877880996</ele>        <time></time>      </trkpt>
      <trkpt lat="-33.4343987134095" lon="-70.4731347599297">        <ele>1438.0398142745</ele>        <time></time>      </trkpt>
      <trkpt lat="-33.4344871667146" lon="-70.472646967143">        <ele>1438.3741586225</ele>        <time></time>      </trkpt>
      <trkpt lat="-33.4342131676681" lon="-70.4727064474573">        <ele>1426.57809304783</ele>        <time></time>      </trkpt>
      <trkpt lat="-33.4339913655294" lon="-70.4726966341272">        <ele>1416.98683337011</ele>        <time></time>      </trkpt>
      <trkpt lat="-33.434233329436" lon="-70.4722307868565">        <ele>1420.35620661482</ele>        <time></time>      </trkpt>
      <trkpt lat="-33.4343185359304" lon="-70.4717239037535">        <ele>1421.48162054269</ele>        <time></time>      </trkpt>
      <trkpt lat="-33.4344157463655" lon="-70.4712784444507">        <ele>1428.07215107</ele>        <time></time>      </trkpt>
      <trkpt lat="-33.4340969552448" lon="-70.4710115685188">        <ele>1437.44435335606</ele>        <time></time>      </trkpt>
      <trkpt lat="-33.4336613553098" lon="-70.4711806124853">        <ele>1436.19895204145</ele>        <time></time>      </trkpt>
      <trkpt lat="-33.433274869344" lon="-70.4714725472458">        <ele>1438.87043583052</ele>        <time></time>      </trkpt>
      <trkpt lat="-33.4329331849802" lon="-70.4718381905884">        <ele>1443.6868867099</ele>        <time></time>      </trkpt>
      <trkpt lat="-33.4326461789586" lon="-70.4722665294704">        <ele>1443.31731926617</ele>        <time></time>      </trkpt>
      <trkpt lat="-33.4323909528123" lon="-70.4727231460352">        <ele>1443.40913570744</ele>        <time></time>      </trkpt>
      <trkpt lat="-33.4320930741602" lon="-70.4731395759281">        <ele>1447.70876462454</ele>        <time></time>      </trkpt>
      <trkpt lat="-33.4320642991849" lon="-70.4736781535446">        <ele>1453.01810001602</ele>        <time></time>      </trkpt>
      <trkpt lat="-33.4320937774374" lon="-70.4742209274301">        <ele>1449.69963161139</ele>        <time></time>      </trkpt>
      <trkpt lat="-33.431910348" lon="-70.474714787">        <ele>1448.78308178931</ele>        <time></time>      </trkpt>
      <trkpt lat="-33.431910348" lon="-70.474714787">        <ele>1448.73138816048</ele>        <time></time>      </trkpt>
      <trkpt lat="-33.4317796575834" lon="-70.4752282715968">        <ele>1445.51529058799</ele>        <time></time>      </trkpt>
      <trkpt lat="-33.4316872453686" lon="-70.4757503416564">        <ele>1451.67677668702</ele>        <time></time>      </trkpt>
      <trkpt lat="-33.431486743392" lon="-70.4762306140352">        <ele>1455.92572660682</ele>        <time></time>      </trkpt>
      <trkpt lat="-33.4312170557907" lon="-70.4766591037369">        <ele>1465.63295089662</ele>        <time></time>      </trkpt>
      <trkpt lat="-33.4311067306041" lon="-70.4771619009705">        <ele>1467.66938159912</ele>        <time></time>      </trkpt>
      <trkpt lat="-33.431396179448" lon="-70.4775403801802">        <ele>1482.52801858554</ele>        <time></time>      </trkpt>
      <trkpt lat="-33.4318099476745" lon="-70.4777403916228">        <ele>1475.57073594316</ele>        <time></time>      </trkpt>
      <trkpt lat="-33.4322324824522" lon="-70.4779272479992">        <ele>1496.67308383567</ele>        <time></time>      </trkpt>
      <trkpt lat="-33.4326472769292" lon="-70.4781381176336">        <ele>1506.44781518282</ele>        <time></time>      </trkpt>
      <trkpt lat="-33.4330400502048" lon="-70.4783930843">        <ele>1500.07418110062</ele>        <time></time>      </trkpt>
      <trkpt lat="-33.4328126825869" lon="-70.4788037056166">        <ele>1490.52691995673</ele>        <time></time>      </trkpt>
      <trkpt lat="-33.4323906964768" lon="-70.4789762003899">        <ele>1492.58942395959</ele>        <time></time>      </trkpt>
      <trkpt lat="-33.4319740305419" lon="-70.4791632288307">        <ele>1493.64777864808</ele>        <time></time>      </trkpt>
      <trkpt lat="-33.4316069970904" lon="-70.479471798131">        <ele>1488.67273554933</ele>        <time></time>      </trkpt>
      <trkpt lat="-33.4312853957169" lon="-70.479822293611">        <ele>1489.73615129605</ele>        <time></time>      </trkpt>
      <trkpt lat="-33.4310313746305" lon="-70.4802560564726">        <ele>1478.15000763791</ele>        <time></time>      </trkpt>
      <trkpt lat="-33.4307627764676" lon="-70.4806814030114">        <ele>1472.98525188344</ele>        <time></time>      </trkpt>
      <trkpt lat="-33.4304071334046" lon="-70.4809905095004">        <ele>1460.86602670551</ele>        <time></time>      </trkpt>
      <trkpt lat="-33.4299727676374" lon="-70.4811266459681">        <ele>1464.96608964299</ele>        <time></time>      </trkpt>
      <trkpt lat="-33.4297493048225" lon="-70.4814712799166">        <ele>1465.79178082946</ele>        <time></time>      </trkpt>
      <trkpt lat="-33.4298680272626" lon="-70.4819805255086">        <ele>1456.09687070162</ele>        <time></time>      </trkpt>
      <trkpt lat="-33.4297109977133" lon="-70.4824733854737">        <ele>1457.76767480176</ele>        <time></time>      </trkpt>
      <trkpt lat="-33.4293744291345" lon="-70.482814913725">        <ele>1459.07839305064</ele>        <time></time>      </trkpt>
      <trkpt lat="-33.428996657398" lon="-70.4831011733545">        <ele>1461.66589841382</ele>        <time></time>      </trkpt>
      <trkpt lat="-33.429040507683" lon="-70.483472399539">        <ele>1456.80506216694</ele>        <time></time>      </trkpt>
      <trkpt lat="-33.4291711255297" lon="-70.4839628080549">        <ele>1455.55287395648</ele>        <time></time>      </trkpt>
      <trkpt lat="-33.429239607" lon="-70.484430699">        <ele>1465.79967973761</ele>        <time></time>      </trkpt>
      <trkpt lat="-33.429239607" lon="-70.484430699">        <ele>1465.80296320063</ele>        <time></time>      </trkpt>
      <trkpt lat="-33.4296741876634" lon="-70.4845408303019">        <ele>1466.41741760899</ele>        <time></time>      </trkpt>
      <trkpt lat="-33.4300986515359" lon="-70.4847315489808">        <ele>1473.52991742096</ele>        <time></time>      </trkpt>
      <trkpt lat="-33.4305231330229" lon="-70.4848898061233">        <ele>1475.44617429257</ele>        <time></time>      </trkpt>
      <trkpt lat="-33.4309288186996" lon="-70.4850840559647">        <ele>1467.35664388065</ele>        <time></time>      </trkpt>
      <trkpt lat="-33.4307459509842" lon="-70.485535922341">        <ele>1469.84757153564</ele>        <time></time>      </trkpt>
      <trkpt lat="-33.4304864264093" lon="-70.4859654294322">        <ele>1468.00253397076</ele>        <time></time>      </trkpt>
      <trkpt lat="-33.4303575701536" lon="-70.4864826748719">        <ele>1468.76237608501</ele>        <time></time>      </trkpt>
      <trkpt lat="-33.4304400563703" lon="-70.4870073624881">        <ele>1465.25293845369</ele>        <time></time>      </trkpt>
      <trkpt lat="-33.4307455769329" lon="-70.4874038860892">        <ele>1461.28779046301</ele>        <time></time>      </trkpt>
      <trkpt lat="-33.430988064042" lon="-70.4878619027108">        <ele>1461.85381985217</ele>        <time></time>      </trkpt>
      <trkpt lat="-33.4312187492771" lon="-70.4883091375056">        <ele>1454.07460825394</ele>        <time></time>      </trkpt>
      <trkpt lat="-33.4314637576252" lon="-70.4887445060795">        <ele>1452.9702653633</ele>        <time></time>      </trkpt>
      <trkpt lat="-33.4318497773229" lon="-70.4889724857462">        <ele>1450.72366289013</ele>        <time></time>      </trkpt>
      <trkpt lat="-33.4321738459705" lon="-70.4886365699769">        <ele>1448.52128629044</ele>        <time></time>      </trkpt>
      <trkpt lat="-33.4326046758482" lon="-70.4885979026111">        <ele>1446.16027795742</ele>        <time></time>      </trkpt>
      <trkpt lat="-33.4329851504558" lon="-70.4888666657696">        <ele>1439.29830373756</ele>        <time></time>      </trkpt>
      <trkpt lat="-33.4330447743593" lon="-70.4893602404361">        <ele>1427.08494430199</ele>        <time></time>      </trkpt>
      <trkpt lat="-33.4328492903943" lon="-70.48984228069">        <ele>1420.07671549473</ele>        <time></time>      </trkpt>
      <trkpt lat="-33.4326318786655" lon="-70.4902716597855">        <ele>1412.08157719239</ele>        <time></time>      </trkpt>
      <trkpt lat="-33.4324510975077" lon="-70.4907542769133">        <ele>1403.25082164892</ele>        <time></time>      </trkpt>
      <trkpt lat="-33.4323442213071" lon="-70.4912720111325">        <ele>1392.02699111965</ele>        <time></time>      </trkpt>
      <trkpt lat="-33.4324756533754" lon="-70.4914350001101">        <ele>1381.34861029928</ele>        <time></time>      </trkpt>
      <trkpt lat="-33.4322880547183" lon="-70.4918741975415">        <ele>1368.84761349792</ele>        <time></time>      </trkpt>
      <trkpt lat="-33.4323624194968" lon="-70.4921358563284">        <ele>1352.88095811306</ele>        <time></time>      </trkpt>
      <trkpt lat="-33.4321255959288" lon="-70.4925331433622">        <ele>1335.13129427043</ele>        <time></time>      </trkpt>
      <trkpt lat="-33.4319098034105" lon="-70.4929790232895">        <ele>1319.52034062726</ele>        <time></time>      </trkpt>
      <trkpt lat="-33.4317312800345" lon="-70.4934759691119">        <ele>1303.49563032943</ele>        <time></time>      </trkpt>
      <trkpt lat="-33.431506817155" lon="-70.493940060466">        <ele>1293.29628559234</ele>        <time></time>      </trkpt>
      <trkpt lat="-33.4312618153765" lon="-70.494389502928">        <ele>1278.5233786911</ele>        <time></time>      </trkpt>
      <trkpt lat="-33.4313491633395" lon="-70.4948075724755">        <ele>1261.53991944556</ele>        <time></time>      </trkpt>
      <trkpt lat="-33.4317095651117" lon="-70.4944841271488">        <ele>1259.23570525858</ele>        <time></time>      </trkpt>
      <trkpt lat="-33.4319142501542" lon="-70.4945208559196">        <ele>1249.68483938632</ele>        <time></time>      </trkpt>
      <trkpt lat="-33.431773602" lon="-70.495027983">        <ele>1236.35978062234</ele>        <time></time>      </trkpt>
      <trkpt lat="-33.431773602" lon="-70.495027983">        <ele>1236.2191159442</ele>        <time></time>      </trkpt>
      <trkpt lat="-33.4316488095848" lon="-70.4955531156444">        <ele>1225.51052334262</ele>        <time></time>      </trkpt>
      <trkpt lat="-33.4314915869373" lon="-70.4960682167557">        <ele>1211.82577577293</ele>        <time></time>      </trkpt>
      <trkpt lat="-33.4313935264298" lon="-70.4966031236855">        <ele>1198.55645337884</ele>        <time></time>      </trkpt>
      <trkpt lat="-33.431269517323" lon="-70.4971334438634">        <ele>1195.16901872316</ele>        <time></time>      </trkpt>
      <trkpt lat="-33.4311802055322" lon="-70.497660148728">        <ele>1185.61733622795</ele>        <time></time>      </trkpt>
      <trkpt lat="-33.4312531713775" lon="-70.498176393122">        <ele>1182.71516887885</ele>        <time></time>      </trkpt>
      <trkpt lat="-33.4316183989417" lon="-70.4982240408933">        <ele>1168.41907154933</ele>        <time></time>      </trkpt>
      <trkpt lat="-33.4315913185677" lon="-70.4987571648188">        <ele>1159.26224985448</ele>        <time></time>      </trkpt>
      <trkpt lat="-33.4316371914468" lon="-70.4992915440671">        <ele>1150.28459214843</ele>        <time></time>      </trkpt>
      <trkpt lat="-33.431664298056" lon="-70.4998354888038">        <ele>1139.9620808249</ele>        <time></time>      </trkpt>
      <trkpt lat="-33.431550719683" lon="-70.500365749405">        <ele>1128.71207806644</ele>        <time></time>      </trkpt>
      <trkpt lat="-33.431362472579" lon="-70.5008663730581">        <ele>1125.45048431996</ele>        <time></time>      </trkpt>
      <trkpt lat="-33.4312357056006" lon="-70.5013714351859">        <ele>1115.52897259639</ele>        <time></time>      </trkpt>
      <trkpt lat="-33.4315621811836" lon="-70.5017056003487">        <ele>1095.54088107488</ele>        <time></time>      </trkpt>
      <trkpt lat="-33.4319460542647" lon="-70.5018222880457">        <ele>1086.5141809209</ele>        <time></time>      </trkpt>
      <trkpt lat="-33.4322410192194" lon="-70.5014419877883">        <ele>1084.90915051676</ele>        <time></time>      </trkpt>
      <trkpt lat="-33.4325130936717" lon="-70.5010095040002">        <ele>1075.88056266756</ele>        <time></time>      </trkpt>
      <trkpt lat="-33.4327401763209" lon="-70.5005976248791">        <ele>1070.02993021257</ele>        <time></time>      </trkpt>
      <trkpt lat="-33.4329562591663" lon="-70.5001204512093">        <ele>1060.68775660754</ele>        <time></time>      </trkpt>
      <trkpt lat="-33.4331181690694" lon="-70.4996374601788">        <ele>1060.55137239618</ele>        <time></time>      </trkpt>
      <trkpt lat="-33.433115395771" lon="-70.5001821872337">        <ele>1050.98804450158</ele>        <time></time>      </trkpt>
      <trkpt lat="-33.4332349726502" lon="-70.5006827092634">        <ele>1049.45088356774</ele>        <time></time>      </trkpt>
      <trkpt lat="-33.4332999455959" lon="-70.5012182060167">        <ele>1044.11977483727</ele>        <time></time>      </trkpt>
      <trkpt lat="-33.4332440787562" lon="-70.5017616888726">        <ele>1037.9071954157</ele>        <time></time>      </trkpt>
      <trkpt lat="-33.4331416644063" lon="-70.502296594325">        <ele>1038.82991631642</ele>        <time></time>      </trkpt>
      <trkpt lat="-33.4330747956579" lon="-70.502842461173">        <ele>1031.96621510565</ele>        <time></time>      </trkpt>
      <trkpt lat="-33.432929790962" lon="-70.5033653303777">        <ele>1035.21866120141</ele>        <time></time>      </trkpt>
      <trkpt lat="-33.4327373187184" lon="-70.5038512671831">        <ele>1036.83609201046</ele>        <time></time>      </trkpt>
      <trkpt lat="-33.4324484815326" lon="-70.5042682000969">        <ele>1034.33888687352</ele>        <time></time>      </trkpt>
      <trkpt lat="-33.4321911600772" lon="-70.5047233648577">        <ele>1028.58797810388</ele>        <time></time>      </trkpt>
      <trkpt lat="-33.4320113555749" lon="-70.5052074314373">        <ele>1019.00453702612</ele>        <time></time>      </trkpt>
      <trkpt lat="-33.4318702800467" lon="-70.5057232669484">        <ele>1014.30652798769</ele>        <time></time>      </trkpt>
      <trkpt lat="-33.4317792134434" lon="-70.506261959908">        <ele>1006.05552548347</ele>        <time></time>      </trkpt>
      <trkpt lat="-33.4316292926825" lon="-70.5067752960685">        <ele>1004.5801951551</ele>        <time></time>      </trkpt>
      <trkpt lat="-33.431256627" lon="-70.507038754">        <ele>1009.69572437014</ele>        <time></time>      </trkpt>
      <trkpt lat="-33.431256627" lon="-70.507038754">        <ele>1009.76035839252</ele>        <time></time>      </trkpt>
      <trkpt lat="-33.4311895373911" lon="-70.5075158371971">        <ele>1001.35204514254</ele>        <time></time>      </trkpt>
      <trkpt lat="-33.4314722861625" lon="-70.5079399092117">        <ele>990.597784099203</ele>        <time></time>      </trkpt>
      <trkpt lat="-33.4317299504777" lon="-70.508377906717">        <ele>982.991698217018</ele>        <time></time>      </trkpt>
      <trkpt lat="-33.4317372973873" lon="-70.5089020628181">        <ele>979.45177023436</ele>        <time></time>      </trkpt>
      <trkpt lat="-33.4316857543543" lon="-70.5094375289221">        <ele>970.807426540344</ele>        <time></time>      </trkpt>
      <trkpt lat="-33.4315896911698" lon="-70.5099555380457">        <ele>963.092295478795</ele>        <time></time>      </trkpt>
      <trkpt lat="-33.4314012744529" lon="-70.5104201131036">        <ele>962.17726516422</ele>        <time></time>      </trkpt>
      <trkpt lat="-33.4314405506844" lon="-70.5109603680294">        <ele>961.868432110319</ele>        <time></time>      </trkpt>
      <trkpt lat="-33.4314232748894" lon="-70.5115019219209">        <ele>960.618274681555</ele>        <time></time>      </trkpt>
      <trkpt lat="-33.431327574888" lon="-70.5120174192864">        <ele>962.390110799278</ele>        <time></time>      </trkpt>
      <trkpt lat="-33.4313541108909" lon="-70.5125376100814">        <ele>954.150475011415</ele>        <time></time>      </trkpt>
      <trkpt lat="-33.431328336657" lon="-70.5130663543478">        <ele>946.535067840571</ele>        <time></time>      </trkpt>
      <trkpt lat="-33.4313726357104" lon="-70.513603890573">        <ele>935.228827229712</ele>        <time></time>      </trkpt>
      <trkpt lat="-33.4315222005341" lon="-70.5141030710767">        <ele>922.202104027891</ele>        <time></time>      </trkpt>
      <trkpt lat="-33.4314232180556" lon="-70.5146341261341">        <ele>915.111450185134</ele>        <time></time>      </trkpt>
      <trkpt lat="-33.4314819099175" lon="-70.5151743256209">        <ele>905.772753112499</ele>        <time></time>      </trkpt>
      <trkpt lat="-33.4315763492342" lon="-70.5156972301632">        <ele>896.317614653421</ele>        <time></time>      </trkpt>
      <trkpt lat="-33.431538166902" lon="-70.516234550196">        <ele>887.870844363452</ele>        <time></time>      </trkpt>
      <trkpt lat="-33.4315762051079" lon="-70.5167784679703">        <ele>878.124291517094</ele>        <time></time>      </trkpt>
      <trkpt lat="-33.4316765502369" lon="-70.5173033596213">        <ele>866.186679614175</ele>        <time></time>      </trkpt>
      <trkpt lat="-33.4316977394938" lon="-70.517843479399">        <ele>859.158691771673</ele>        <time></time>      </trkpt>
      <trkpt lat="-33.4316854828879" lon="-70.5183857908253">        <ele>856.752439110023</ele>        <time></time>      </trkpt>
      <trkpt lat="-33.4316700647398" lon="-70.5189308528215">        <ele>858.480266683182</ele>        <time></time>      </trkpt>
      <trkpt lat="-33.4316594454025" lon="-70.5194742693053">        <ele>845.474829214001</ele>        <time></time>      </trkpt>
      <trkpt lat="-33.4315360486774" lon="-70.5199961792205">        <ele>834.261262180049</ele>        <time></time>      </trkpt>
      <trkpt lat="-33.4314339969707" lon="-70.5205233473583">        <ele>823.738792339327</ele>        <time></time>      </trkpt>
      <trkpt lat="-33.4313051427744" lon="-70.5210421026631">        <ele>811.837212354724</ele>        <time></time>      </trkpt>
      <trkpt lat="-33.4312652525787" lon="-70.5214900800642">        <ele>804.250423404351</ele>        <time></time>      </trkpt>
      <trkpt lat="-33.4308649682489" lon="-70.5216411052883">        <ele>801.435664947346</ele>        <time></time>      </trkpt>
      <trkpt lat="-33.4305280987777" lon="-70.5218075300572">        <ele>797.656521183168</ele>        <time></time>      </trkpt>
      <trkpt lat="-33.4303097060664" lon="-70.5222570625307">        <ele>791.742405876565</ele>        <time></time>      </trkpt>
      <trkpt lat="-33.4302080646628" lon="-70.5227218583942">        <ele>790.867883658777</ele>        <time></time>      </trkpt>
      <trkpt lat="-33.4301707610327" lon="-70.5232365138715">        <ele>788.595511962789</ele>        <time></time>      </trkpt>
      <trkpt lat="-33.4301635153554" lon="-70.5237816454396">        <ele>786.278218293629</ele>        <time></time>      </trkpt>
      <trkpt lat="-33.4301162833362" lon="-70.5243248807185">        <ele>783.634103627804</ele>        <time></time>      </trkpt>
      <trkpt lat="-33.4300838881379" lon="-70.5248696719162">        <ele>777.756147191779</ele>        <time></time>      </trkpt>
      <trkpt lat="-33.4299888326653" lon="-70.5254025315097">        <ele>775.722533934889</ele>        <time></time>      </trkpt>
      <trkpt lat="-33.4299284121748" lon="-70.5259438967732">        <ele>774.32168446913</ele>        <time></time>      </trkpt>
      <trkpt lat="-33.4299334117464" lon="-70.5264848829933">        <ele>770.237361973819</ele>        <time></time>      </trkpt>
      <trkpt lat="-33.4300538913931" lon="-70.526974313187">        <ele>770.54134402298</ele>        <time></time>      </trkpt>
      <trkpt lat="-33.430031686" lon="-70.527517495">        <ele>769.364488592608</ele>        <time></time>      </trkpt>
      <trkpt lat="-33.430031686" lon="-70.527517495">        <ele>769.351027542195</ele>        <time></time>      </trkpt>
      <trkpt lat="-33.4301248604207" lon="-70.5280195712843">        <ele>766.860049306015</ele>        <time></time>      </trkpt>
      <trkpt lat="-33.4302086254651" lon="-70.5285358784703">        <ele>765.203088001134</ele>        <time></time>      </trkpt>
      <trkpt lat="-33.4302893053056" lon="-70.5290523195518">        <ele>761.853914027314</ele>        <time></time>      </trkpt>
      <trkpt lat="-33.4303362994877" lon="-70.5293616955138">        <ele>759.790150257528</ele>        <time></time>      </trkpt>
      <trkpt lat="-33.4304868489687" lon="-70.5296283295281">        <ele>757.865348182587</ele>        <time></time>      </trkpt>
      <trkpt lat="-33.4307290055552" lon="-70.5299997631763">        <ele>751.97653677107</ele>        <time></time>      </trkpt>
      <trkpt lat="-33.4308393111507" lon="-70.5305050225413">        <ele>750.303434246576</ele>        <time></time>      </trkpt>
      <trkpt lat="-33.4308419533105" lon="-70.531036615822">        <ele>751.496471345567</ele>        <time></time>      </trkpt>
      <trkpt lat="-33.4310303370312" lon="-70.5315194387622">        <ele>750.862173534515</ele>        <time></time>      </trkpt>
      <trkpt lat="-33.4313413616122" lon="-70.5319003621091">        <ele>745.556903266361</ele>        <time></time>      </trkpt>
      <trkpt lat="-33.4315432046358" lon="-70.5323697143741">        <ele>739.756931468704</ele>        <time></time>      </trkpt>
      <trkpt lat="-33.4316695128913" lon="-70.532885108909">        <ele>739.223329116391</ele>        <time></time>      </trkpt>
      <trkpt lat="-33.4318828421027" lon="-70.5333475557946">        <ele>734.621209593163</ele>        <time></time>      </trkpt>
      <trkpt lat="-33.4320414896306" lon="-70.5338449194037">        <ele>735.350792173275</ele>        <time></time>      </trkpt>
      <trkpt lat="-33.4322073996905" lon="-70.5343361293406">        <ele>731.32907030868</ele>        <time></time>      </trkpt>
      <trkpt lat="-33.4320191861631" lon="-70.534300225081">        <ele>733.560774719158</ele>        <time></time>      </trkpt>
      <trkpt lat="-33.4318088056859" lon="-70.5340350910465">        <ele>736.695517094557</ele>        <time></time>      </trkpt>
      <trkpt lat="-33.4315444149626" lon="-70.5339303204376">        <ele>740.338740473927</ele>        <time></time>      </trkpt>
      <trkpt lat="-33.4312936666157" lon="-70.5339718158358">        <ele>743.995948305664</ele>        <time></time>      </trkpt>
      <trkpt lat="-33.4309253088931" lon="-70.5339149313348">        <ele>744.503150834363</ele>        <time></time>      </trkpt>
      <trkpt lat="-33.4304742045239" lon="-70.5339133717018">        <ele>745.302412178459</ele>        <time></time>      </trkpt>
      <trkpt lat="-33.4300231447099" lon="-70.5339135881933">        <ele>746.5336292487</ele>        <time></time>      </trkpt>
      <trkpt lat="-33.4295722596619" lon="-70.5338987999585">        <ele>747.659731367306</ele>        <time></time>      </trkpt>
      <trkpt lat="-33.4291211187227" lon="-70.5338916111685">        <ele>744.167742775336</ele>        <time></time>      </trkpt>
      <trkpt lat="-33.4287452474862" lon="-70.5336864772829">        <ele>742.042762865513</ele>        <time></time>      </trkpt>
      <trkpt lat="-33.428383109" lon="-70.533722467">        <ele>739.833508405774</ele>        <time></time>      </trkpt>
      <trkpt lat="-33.428383109" lon="-70.533722467">        <ele>739.817651568349</ele>        <time></time>      </trkpt>
    </trkseg>
  </trk>
</gpx>
