<?xml version="1.0" encoding="UTF-8" standalone="no"?>
<gpx xmlns="http://www.topografix.com/GPX/1/1" xmlns:xsi="http://www.w3.org/2001/XMLSchema-instance" xsi:schemaLocation="http://www.topografix.com/GPX/1/1 http://www.topografix.com/GPX/1/1/gpx.xsd" version="1.1" creator="Metric Trails">
  <metadata>
    <name>Metric Trails Generated GPX</name>
    <desc>This track was generated by Metric Trails technology for GNSS trajectory processing.</desc>
    <author>
      <name>Metric Trails</name>
      <link href="https://www.metrictrails.com"/>
    </author>
    <time>2025-10-30T14:39:34Z</time>
  </metadata>
  <trk>
    <name>Metric Trails. Track standarized to 48.7-meter spatial resolution</name>
    <trkseg>
      <trkpt lat="-33.428319005" lon="-70.533785323">        <ele>739.437714469736</ele>        <time></time>      </trkpt>
      <trkpt lat="-33.4286964053891" lon="-70.5335872034388">        <ele>742.017208230461</ele>        <time></time>      </trkpt>
      <trkpt lat="-33.4290316427652" lon="-70.5338898363136">        <ele>743.629828954379</ele>        <time></time>      </trkpt>
      <trkpt lat="-33.4294835908136" lon="-70.5339187171356">        <ele>747.314306558955</ele>        <time></time>      </trkpt>
      <trkpt lat="-33.4299319308816" lon="-70.5339371773119">        <ele>747.794234854146</ele>        <time></time>      </trkpt>
      <trkpt lat="-33.4303835805434" lon="-70.5339377367501">        <ele>744.859298594241</ele>        <time></time>      </trkpt>
      <trkpt lat="-33.4308355427419" lon="-70.5339423800669">        <ele>744.291783052194</ele>        <time></time>      </trkpt>
      <trkpt lat="-33.4312862370225" lon="-70.5339270393458">        <ele>744.253506127454</ele>        <time></time>      </trkpt>
      <trkpt lat="-33.4316932507442" lon="-70.5339166364567">        <ele>737.729833912741</ele>        <time></time>      </trkpt>
      <trkpt lat="-33.4320124368799" lon="-70.5342983697823">        <ele>733.659232321523</ele>        <time></time>      </trkpt>
      <trkpt lat="-33.4321665980195" lon="-70.5342585880759">        <ele>732.032849843882</ele>        <time></time>      </trkpt>
      <trkpt lat="-33.432008096928" lon="-70.5337591532125">        <ele>735.470070849785</ele>        <time></time>      </trkpt>
      <trkpt lat="-33.431843467044" lon="-70.5332721028757">        <ele>734.947269490695</ele>        <time></time>      </trkpt>
      <trkpt lat="-33.4316398663779" lon="-70.5328031515706">        <ele>740.212740685228</ele>        <time></time>      </trkpt>
      <trkpt lat="-33.4315056942197" lon="-70.5322913580204">        <ele>740.044925321541</ele>        <time></time>      </trkpt>
      <trkpt lat="-33.4312915556612" lon="-70.5318222220568">        <ele>746.971065996779</ele>        <time></time>      </trkpt>
      <trkpt lat="-33.430983957253" lon="-70.531434363297">        <ele>751.4677820316</ele>        <time></time>      </trkpt>
      <trkpt lat="-33.4308532574128" lon="-70.5309248017724">        <ele>751.533401103385</ele>        <time></time>      </trkpt>
      <trkpt lat="-33.4308252223228" lon="-70.5303928523042">        <ele>749.825480433605</ele>        <time></time>      </trkpt>
      <trkpt lat="-33.4306521206156" lon="-70.5299122745517">        <ele>753.245070505662</ele>        <time></time>      </trkpt>
      <trkpt lat="-33.4303905511012" lon="-70.529471553483">        <ele>759.128244514745</ele>        <time></time>      </trkpt>
      <trkpt lat="-33.4302634913734" lon="-70.5289620634725">        <ele>763.070182274203</ele>        <time></time>      </trkpt>
      <trkpt lat="-33.4301815406946" lon="-70.5284406437473">        <ele>765.376731724491</ele>        <time></time>      </trkpt>
      <trkpt lat="-33.4301195428662" lon="-70.5279076161698">        <ele>767.534550342035</ele>        <time></time>      </trkpt>
      <trkpt lat="-33.430014392289" lon="-70.5273958594053">        <ele>769.820193627976</ele>        <time></time>      </trkpt>
      <trkpt lat="-33.4300414937862" lon="-70.526856943101">        <ele>770.495548809739</ele>        <time></time>      </trkpt>
      <trkpt lat="-33.429932507822" lon="-70.5263412584598">        <ele>770.923878168672</ele>        <time></time>      </trkpt>
      <trkpt lat="-33.4299132900389" lon="-70.5258117865821">        <ele>775.196273565946</ele>        <time></time>      </trkpt>
      <trkpt lat="-33.429991477106" lon="-70.5252819314751">        <ele>775.799930392241</ele>        <time></time>      </trkpt>
      <trkpt lat="-33.4300604133476" lon="-70.5247501085216">        <ele>779.288490477166</ele>        <time></time>      </trkpt>
      <trkpt lat="-33.4301056265317" lon="-70.5242129697226">        <ele>784.075084582014</ele>        <time></time>      </trkpt>
      <trkpt lat="-33.4301465359075" lon="-70.5236756507452">        <ele>786.663638070443</ele>        <time></time>      </trkpt>
      <trkpt lat="-33.4301745625337" lon="-70.5231380374727">        <ele>789.170689572844</ele>        <time></time>      </trkpt>
      <trkpt lat="-33.4302166734576" lon="-70.5226012577661">        <ele>790.91893823394</ele>        <time></time>      </trkpt>
      <trkpt lat="-33.4303430415588" lon="-70.5220873458793">        <ele>792.853699278557</ele>        <time></time>      </trkpt>
      <trkpt lat="-33.4306401281495" lon="-70.5216974972449">        <ele>800.492197942895</ele>        <time></time>      </trkpt>
      <trkpt lat="-33.4310777846578" lon="-70.5215702895776">        <ele>803.030452173078</ele>        <time></time>      </trkpt>
      <trkpt lat="-33.4313736695936" lon="-70.521275900111">        <ele>807.511251553515</ele>        <time></time>      </trkpt>
      <trkpt lat="-33.4313468535089" lon="-70.520814100252">        <ele>818.141455203427</ele>        <time></time>      </trkpt>
      <trkpt lat="-33.4314748521321" lon="-70.5202975884346">        <ele>827.476885766859</ele>        <time></time>      </trkpt>
      <trkpt lat="-33.4316077006208" lon="-70.5197856327428">        <ele>839.878976580389</ele>        <time></time>      </trkpt>
      <trkpt lat="-33.4316618631752" lon="-70.5192641095725">        <ele>851.679527883671</ele>        <time></time>      </trkpt>
      <trkpt lat="-33.4316380968827" lon="-70.5187645326138">        <ele>860.120262877849</ele>        <time></time>      </trkpt>
      <trkpt lat="-33.4313737818156" lon="-70.5191599222717">        <ele>858.884889544989</ele>        <time></time>      </trkpt>
      <trkpt lat="-33.431043433166" lon="-70.5195069354328">        <ele>850.564895677552</ele>        <time></time>      </trkpt>
      <trkpt lat="-33.4306893104296" lon="-70.5198004573473">        <ele>851.693390066102</ele>        <time></time>      </trkpt>
      <trkpt lat="-33.4303566869503" lon="-70.5197705233598">        <ele>851.996386613051</ele>        <time></time>      </trkpt>
      <trkpt lat="-33.4299271965221" lon="-70.519676431336">        <ele>858.068441671733</ele>        <time></time>      </trkpt>
      <trkpt lat="-33.4301018763459" lon="-70.5193637734605">        <ele>862.702258542502</ele>        <time></time>      </trkpt>
      <trkpt lat="-33.4304947321617" lon="-70.5191180459142">        <ele>866.521182015472</ele>        <time></time>      </trkpt>
      <trkpt lat="-33.4304130169897" lon="-70.5187954737488">        <ele>873.457941784925</ele>        <time></time>      </trkpt>
      <trkpt lat="-33.4300459767704" lon="-70.5185007934985">        <ele>881.577025962797</ele>        <time></time>      </trkpt>
      <trkpt lat="-33.4296609235926" lon="-70.518241322994">        <ele>886.590396230774</ele>        <time></time>      </trkpt>
      <trkpt lat="-33.429980101236" lon="-70.5179451805043">        <ele>892.470917038461</ele>        <time></time>      </trkpt>
      <trkpt lat="-33.430213865847" lon="-70.5175111855805">        <ele>900.523959939664</ele>        <time></time>      </trkpt>
      <trkpt lat="-33.42983125" lon="-70.517415999">        <ele>908.273545832354</ele>        <time></time>      </trkpt>
      <trkpt lat="-33.42983125" lon="-70.517415999">        <ele>908.427576199293</ele>        <time></time>      </trkpt>
      <trkpt lat="-33.4293907728504" lon="-70.5173216196836">        <ele>914.077699222376</ele>        <time></time>      </trkpt>
      <trkpt lat="-33.428986507821" lon="-70.5172150381545">        <ele>922.774901946405</ele>        <time></time>      </trkpt>
      <trkpt lat="-33.4286700927236" lon="-70.5170479239673">        <ele>932.056222715629</ele>        <time></time>      </trkpt>
      <trkpt lat="-33.4290846135419" lon="-70.5168482332536">        <ele>934.558913171122</ele>        <time></time>      </trkpt>
      <trkpt lat="-33.4295034814716" lon="-70.5166731415366">        <ele>937.868798759728</ele>        <time></time>      </trkpt>
      <trkpt lat="-33.4291748295616" lon="-70.5165150706265">        <ele>945.229974654665</ele>        <time></time>      </trkpt>
      <trkpt lat="-33.429445490637" lon="-70.5161957526335">        <ele>957.316217653938</ele>        <time></time>      </trkpt>
      <trkpt lat="-33.4298085885565" lon="-70.515891878526">        <ele>959.521098226765</ele>        <time></time>      </trkpt>
      <trkpt lat="-33.4295733638696" lon="-70.5155711808128">        <ele>966.122421794439</ele>        <time></time>      </trkpt>
      <trkpt lat="-33.4291833657754" lon="-70.5153111974595">        <ele>976.142626643343</ele>        <time></time>      </trkpt>
      <trkpt lat="-33.4287926454174" lon="-70.5150469849916">        <ele>982.81345342826</ele>        <time></time>      </trkpt>
      <trkpt lat="-33.4287994856961" lon="-70.5147269237209">        <ele>991.257872416572</ele>        <time></time>      </trkpt>
      <trkpt lat="-33.4291859699194" lon="-70.5144916877648">        <ele>1000.7260089151</ele>        <time></time>      </trkpt>
      <trkpt lat="-33.429263240154" lon="-70.5141313210294">        <ele>1004.31686611033</ele>        <time></time>      </trkpt>
      <trkpt lat="-33.4289596211525" lon="-70.5138080017779">        <ele>1010.57619198371</ele>        <time></time>      </trkpt>
      <trkpt lat="-33.4288178273266" lon="-70.513291595773">        <ele>1017.70052637479</ele>        <time></time>      </trkpt>
      <trkpt lat="-33.4285651472782" lon="-70.5128378729201">        <ele>1022.26169113183</ele>        <time></time>      </trkpt>
      <trkpt lat="-33.4284929083674" lon="-70.51231331998">        <ele>1028.96388755004</ele>        <time></time>      </trkpt>
      <trkpt lat="-33.428499088956" lon="-70.5117674601411">        <ele>1032.11876629046</ele>        <time></time>      </trkpt>
      <trkpt lat="-33.4284520127927" lon="-70.5112265013686">        <ele>1032.60903564459</ele>        <time></time>      </trkpt>
      <trkpt lat="-33.4285987713001" lon="-70.5107243992008">        <ele>1033.71967960879</ele>        <time></time>      </trkpt>
      <trkpt lat="-33.4287754413876" lon="-70.5102288734609">        <ele>1031.38770416848</ele>        <time></time>      </trkpt>
      <trkpt lat="-33.4288421721302" lon="-70.5096886557196">        <ele>1028.20202459732</ele>        <time></time>      </trkpt>
      <trkpt lat="-33.4288927764979" lon="-70.5091463435058">        <ele>1024.06848688625</ele>        <time></time>      </trkpt>
      <trkpt lat="-33.4290204015612" lon="-70.5086318768475">        <ele>1017.33083087761</ele>        <time></time>      </trkpt>
      <trkpt lat="-33.429138564776" lon="-70.5081078094594">        <ele>1025.46219209732</ele>        <time></time>      </trkpt>
      <trkpt lat="-33.4291875284961" lon="-70.507565973485">        <ele>1028.93261495844</ele>        <time></time>      </trkpt>
      <trkpt lat="-33.4292485092082" lon="-70.5070323052535">        <ele>1030.82016256699</ele>        <time></time>      </trkpt>
      <trkpt lat="-33.4291415874757" lon="-70.5065022622508">        <ele>1029.49998707821</ele>        <time></time>      </trkpt>
      <trkpt lat="-33.4292630407618" lon="-70.5059833902703">        <ele>1030.3067612193</ele>        <time></time>      </trkpt>
      <trkpt lat="-33.4293087522318" lon="-70.5054459642575">        <ele>1037.05635412527</ele>        <time></time>      </trkpt>
      <trkpt lat="-33.429175659279" lon="-70.504939143023">        <ele>1039.4096494805</ele>        <time></time>      </trkpt>
      <trkpt lat="-33.4290036386934" lon="-70.5044353937069">        <ele>1042.48332485417</ele>        <time></time>      </trkpt>
      <trkpt lat="-33.428794604348" lon="-70.5039567730224">        <ele>1044.06607819753</ele>        <time></time>      </trkpt>
      <trkpt lat="-33.42869634" lon="-70.50342818">        <ele>1046.33676712025</ele>        <time></time>      </trkpt>
      <trkpt lat="-33.42869634" lon="-70.50342818">        <ele>1046.45115803495</ele>        <time></time>      </trkpt>
      <trkpt lat="-33.4282457673944" lon="-70.5033467776408">        <ele>1033.0778667909</ele>        <time></time>      </trkpt>
      <trkpt lat="-33.4278393713349" lon="-70.5031347465945">        <ele>1028.09787691153</ele>        <time></time>      </trkpt>
      <trkpt lat="-33.4274932399251" lon="-70.5033304475297">        <ele>1026.82671277106</ele>        <time></time>      </trkpt>
      <trkpt lat="-33.4270908382966" lon="-70.503474449094">        <ele>1029.00558566722</ele>        <time></time>      </trkpt>
      <trkpt lat="-33.426661530413" lon="-70.5033436975185">        <ele>1037.11254071821</ele>        <time></time>      </trkpt>
      <trkpt lat="-33.4262122946586" lon="-70.5032982652491">        <ele>1037.97492881805</ele>        <time></time>      </trkpt>
      <trkpt lat="-33.4258165534401" lon="-70.5035253308736">        <ele>1027.27973085327</ele>        <time></time>      </trkpt>
      <trkpt lat="-33.4254136547048" lon="-70.5037793308349">        <ele>1025.119441008</ele>        <time></time>      </trkpt>
      <trkpt lat="-33.425019442007" lon="-70.5039062424328">        <ele>1020.13792958264</ele>        <time></time>      </trkpt>
      <trkpt lat="-33.424751210862" lon="-70.5042709405008">        <ele>1016.2668752563</ele>        <time></time>      </trkpt>
      <trkpt lat="-33.4244179454779" lon="-70.5045639909096">        <ele>1006.00070234752</ele>        <time></time>      </trkpt>
      <trkpt lat="-33.4240992230859" lon="-70.5048973470305">        <ele>995.084829293068</ele>        <time></time>      </trkpt>
      <trkpt lat="-33.4237443972755" lon="-70.5052234124538">        <ele>988.221780094386</ele>        <time></time>      </trkpt>
      <trkpt lat="-33.4234026292908" lon="-70.5054545923467">        <ele>982.480509221128</ele>        <time></time>      </trkpt>
      <trkpt lat="-33.422970882887" lon="-70.5054251528437">        <ele>976.274173704103</ele>        <time></time>      </trkpt>
      <trkpt lat="-33.4225684993996" lon="-70.5052325513912">        <ele>982.037701729278</ele>        <time></time>      </trkpt>
      <trkpt lat="-33.4221941677259" lon="-70.5049229478046">        <ele>990.684605652377</ele>        <time></time>      </trkpt>
      <trkpt lat="-33.4217780561383" lon="-70.5047218897078">        <ele>989.25316839187</ele>        <time></time>      </trkpt>
      <trkpt lat="-33.4213620920417" lon="-70.5045590830785">        <ele>997.474697027198</ele>        <time></time>      </trkpt>
      <trkpt lat="-33.4209500122262" lon="-70.5043625530097">        <ele>1000.90891322869</ele>        <time></time>      </trkpt>
      <trkpt lat="-33.4205226157648" lon="-70.5041850343652">        <ele>994.753102981994</ele>        <time></time>      </trkpt>
      <trkpt lat="-33.4201265613345" lon="-70.5039438949334">        <ele>1000.25672985792</ele>        <time></time>      </trkpt>
      <trkpt lat="-33.419739112248" lon="-70.5036716390948">        <ele>1002.7486332343</ele>        <time></time>      </trkpt>
      <trkpt lat="-33.419308932042" lon="-70.5035016896205">        <ele>1006.69188223258</ele>        <time></time>      </trkpt>
      <trkpt lat="-33.4188876943992" lon="-70.5033106097438">        <ele>1001.1452861649</ele>        <time></time>      </trkpt>
      <trkpt lat="-33.4184800536839" lon="-70.5030831473494">        <ele>995.358147242901</ele>        <time></time>      </trkpt>
      <trkpt lat="-33.4180803511079" lon="-70.502834260456">        <ele>992.722431787849</ele>        <time></time>      </trkpt>
      <trkpt lat="-33.4176556773415" lon="-70.5026477236979">        <ele>991.926451140959</ele>        <time></time>      </trkpt>
      <trkpt lat="-33.4172704672212" lon="-70.5024588524001">        <ele>995.354778348103</ele>        <time></time>      </trkpt>
      <trkpt lat="-33.4170608830744" lon="-70.5028911796313">        <ele>995.542978503983</ele>        <time></time>      </trkpt>
      <trkpt lat="-33.4170012024077" lon="-70.5034301889313">        <ele>992.290393566009</ele>        <time></time>      </trkpt>
      <trkpt lat="-33.4168695885903" lon="-70.5039161819638">        <ele>994.801673373125</ele>        <time></time>      </trkpt>
      <trkpt lat="-33.4164701693381" lon="-70.5041410964527">        <ele>1000.50795959968</ele>        <time></time>      </trkpt>
      <trkpt lat="-33.416030219277" lon="-70.5042633473502">        <ele>1013.70063378636</ele>        <time></time>      </trkpt>
      <trkpt lat="-33.4159826044618" lon="-70.503856931288">        <ele>1030.64553921591</ele>        <time></time>      </trkpt>
      <trkpt lat="-33.4157095831547" lon="-70.5036947952949">        <ele>1046.38348976932</ele>        <time></time>      </trkpt>
      <trkpt lat="-33.415598171" lon="-70.503574893">        <ele>1059.28590090872</ele>        <time></time>      </trkpt>
      <trkpt lat="-33.415598171" lon="-70.503574893">        <ele>1059.29162753768</ele>        <time></time>      </trkpt>
      <trkpt lat="-33.4157603727559" lon="-70.5031009639019">        <ele>1071.09646759062</ele>        <time></time>      </trkpt>
      <trkpt lat="-33.4157006384531" lon="-70.5025594271225">        <ele>1083.15171418861</ele>        <time></time>      </trkpt>
      <trkpt lat="-33.4156343981826" lon="-70.5020306524932">        <ele>1089.91109818075</ele>        <time></time>      </trkpt>
      <trkpt lat="-33.4155211566082" lon="-70.5016988438555">        <ele>1098.52644669725</ele>        <time></time>      </trkpt>
      <trkpt lat="-33.4153479292769" lon="-70.5013025350689">        <ele>1105.41429182969</ele>        <time></time>      </trkpt>
      <trkpt lat="-33.4152125195697" lon="-70.5007772834883">        <ele>1113.07334868369</ele>        <time></time>      </trkpt>
      <trkpt lat="-33.4152352441314" lon="-70.5002386802108">        <ele>1127.33444477899</ele>        <time></time>      </trkpt>
      <trkpt lat="-33.4153207659565" lon="-70.4997709956554">        <ele>1132.43572150394</ele>        <time></time>      </trkpt>
      <trkpt lat="-33.4150903250397" lon="-70.5002452077378">        <ele>1136.39191079554</ele>        <time></time>      </trkpt>
      <trkpt lat="-33.4149380752461" lon="-70.500683165144">        <ele>1137.94820842443</ele>        <time></time>      </trkpt>
      <trkpt lat="-33.4148143243194" lon="-70.5011590753232">        <ele>1136.65743517393</ele>        <time></time>      </trkpt>
      <trkpt lat="-33.4146919217435" lon="-70.5016482169971">        <ele>1135.88629221678</ele>        <time></time>      </trkpt>
      <trkpt lat="-33.4144787988089" lon="-70.5015749764114">        <ele>1144.36301211191</ele>        <time></time>      </trkpt>
      <trkpt lat="-33.4143408155491" lon="-70.5010533044158">        <ele>1155.42142268066</ele>        <time></time>      </trkpt>
      <trkpt lat="-33.4141867944847" lon="-70.5005409393606">        <ele>1167.55779682922</ele>        <time></time>      </trkpt>
      <trkpt lat="-33.4141602581639" lon="-70.5000220715591">        <ele>1180.31959819073</ele>        <time></time>      </trkpt>
      <trkpt lat="-33.4141883745004" lon="-70.499517452586">        <ele>1197.04698225319</ele>        <time></time>      </trkpt>
      <trkpt lat="-33.4142311395199" lon="-70.4989746252738">        <ele>1214.89718366744</ele>        <time></time>      </trkpt>
      <trkpt lat="-33.4142439288349" lon="-70.4984378198003">        <ele>1231.04069338046</ele>        <time></time>      </trkpt>
      <trkpt lat="-33.4142542225829" lon="-70.497894131584">        <ele>1242.85210765814</ele>        <time></time>      </trkpt>
      <trkpt lat="-33.414392101429" lon="-70.4973992259412">        <ele>1255.20625299716</ele>        <time></time>      </trkpt>
      <trkpt lat="-33.4146183394936" lon="-70.4969352644692">        <ele>1267.01323887816</ele>        <time></time>      </trkpt>
      <trkpt lat="-33.4147975981004" lon="-70.4964566391594">        <ele>1283.9727317874</ele>        <time></time>      </trkpt>
      <trkpt lat="-33.4147586144365" lon="-70.4959412275113">        <ele>1306.87306293</ele>        <time></time>      </trkpt>
      <trkpt lat="-33.4145945613828" lon="-70.495434304998">        <ele>1331.3686391807</ele>        <time></time>      </trkpt>
      <trkpt lat="-33.4145289933481" lon="-70.4949475179841">        <ele>1346.6983669039</ele>        <time></time>      </trkpt>
      <trkpt lat="-33.4144108144711" lon="-70.4944605865599">        <ele>1357.5400030989</ele>        <time></time>      </trkpt>
      <trkpt lat="-33.4144201008102" lon="-70.4939729427284">        <ele>1362.34281335323</ele>        <time></time>      </trkpt>
      <trkpt lat="-33.4141177161315" lon="-70.4935916738423">        <ele>1370.1687296954</ele>        <time></time>      </trkpt>
      <trkpt lat="-33.4139033496495" lon="-70.4931507420764">        <ele>1376.01100643972</ele>        <time></time>      </trkpt>
      <trkpt lat="-33.4140240810758" lon="-70.4928184824243">        <ele>1374.95397734123</ele>        <time></time>      </trkpt>
      <trkpt lat="-33.4143943029444" lon="-70.4925393214105">        <ele>1372.9500028695</ele>        <time></time>      </trkpt>
      <trkpt lat="-33.414795178053" lon="-70.4923732128374">        <ele>1370.03960635793</ele>        <time></time>      </trkpt>
      <trkpt lat="-33.4151543731952" lon="-70.4920809465169">        <ele>1361.96781664375</ele>        <time></time>      </trkpt>
      <trkpt lat="-33.4155925938555" lon="-70.4919477819815">        <ele>1361.14248025655</ele>        <time></time>      </trkpt>
      <trkpt lat="-33.4160436435278" lon="-70.4919278622482">        <ele>1359.50820566834</ele>        <time></time>      </trkpt>
      <trkpt lat="-33.416462047" lon="-70.491814778">        <ele>1362.66532459552</ele>        <time></time>      </trkpt>
      <trkpt lat="-33.416462047" lon="-70.491814778">        <ele>1362.80712411088</ele>        <time></time>      </trkpt>
      <trkpt lat="-33.4168423945067" lon="-70.4916250091655">        <ele>1363.27095605554</ele>        <time></time>      </trkpt>
      <trkpt lat="-33.4172748159195" lon="-70.4914912661569">        <ele>1362.7647117486</ele>        <time></time>      </trkpt>
      <trkpt lat="-33.4173136454961" lon="-70.4911674118287">        <ele>1356.25044301218</ele>        <time></time>      </trkpt>
      <trkpt lat="-33.4172760175797" lon="-70.4909134368892">        <ele>1347.24722187302</ele>        <time></time>      </trkpt>
      <trkpt lat="-33.4174819897846" lon="-70.4906526987919">        <ele>1342.15107253349</ele>        <time></time>      </trkpt>
      <trkpt lat="-33.4176512594124" lon="-70.4902276010407">        <ele>1332.54176414773</ele>        <time></time>      </trkpt>
      <trkpt lat="-33.4176292728158" lon="-70.4897419694">        <ele>1317.9625114331</ele>        <time></time>      </trkpt>
      <trkpt lat="-33.4173284186953" lon="-70.4895042517156">        <ele>1303.90628109906</ele>        <time></time>      </trkpt>
      <trkpt lat="-33.4171036490787" lon="-70.4891005990124">        <ele>1289.59272677173</ele>        <time></time>      </trkpt>
      <trkpt lat="-33.4166958846622" lon="-70.4890662017616">        <ele>1279.67466856354</ele>        <time></time>      </trkpt>
      <trkpt lat="-33.4162581642969" lon="-70.4889175910151">        <ele>1276.87429942969</ele>        <time></time>      </trkpt>
      <trkpt lat="-33.4158199959419" lon="-70.488825837148">        <ele>1266.18900831924</ele>        <time></time>      </trkpt>
      <trkpt lat="-33.4153753797492" lon="-70.4887316041383">        <ele>1259.2184921708</ele>        <time></time>      </trkpt>
      <trkpt lat="-33.4149317839406" lon="-70.4887829506723">        <ele>1254.41740523187</ele>        <time></time>      </trkpt>
      <trkpt lat="-33.4144912581229" lon="-70.4888828626438">        <ele>1247.76539545697</ele>        <time></time>      </trkpt>
      <trkpt lat="-33.4140400883532" lon="-70.4888559437248">        <ele>1244.71528730146</ele>        <time></time>      </trkpt>
      <trkpt lat="-33.413596505565" lon="-70.4889117249062">        <ele>1238.00927482387</ele>        <time></time>      </trkpt>
      <trkpt lat="-33.4131635342608" lon="-70.4889654441897">        <ele>1230.7350673778</ele>        <time></time>      </trkpt>
      <trkpt lat="-33.4127493328588" lon="-70.4890406716931">        <ele>1222.04598382826</ele>        <time></time>      </trkpt>
      <trkpt lat="-33.4123195929311" lon="-70.4891264779454">        <ele>1210.18791415967</ele>        <time></time>      </trkpt>
      <trkpt lat="-33.4119785273263" lon="-70.4892958958564">        <ele>1203.96900770261</ele>        <time></time>      </trkpt>
      <trkpt lat="-33.411564037362" lon="-70.4893622733392">        <ele>1194.81465912612</ele>        <time></time>      </trkpt>
      <trkpt lat="-33.4111448190966" lon="-70.4893643846903">        <ele>1187.91573338052</ele>        <time></time>      </trkpt>
      <trkpt lat="-33.4107268528966" lon="-70.4893682910224">        <ele>1181.941652087</ele>        <time></time>      </trkpt>
      <trkpt lat="-33.4102966197752" lon="-70.4894004762643">        <ele>1171.0504976213</ele>        <time></time>      </trkpt>
      <trkpt lat="-33.4098490861648" lon="-70.4893142239382">        <ele>1163.30887696791</ele>        <time></time>      </trkpt>
      <trkpt lat="-33.4094417195121" lon="-70.4890848134099">        <ele>1157.31852782424</ele>        <time></time>      </trkpt>
      <trkpt lat="-33.4091515696836" lon="-70.4886726736142">        <ele>1154.76665778932</ele>        <time></time>      </trkpt>
      <trkpt lat="-33.4092509455972" lon="-70.4882810695964">        <ele>1157.62866888107</ele>        <time></time>      </trkpt>
      <trkpt lat="-33.4093316046935" lon="-70.4878236800234">        <ele>1161.76118790224</ele>        <time></time>      </trkpt>
      <trkpt lat="-33.409096957774" lon="-70.4874343441361">        <ele>1162.89110498051</ele>        <time></time>      </trkpt>
      <trkpt lat="-33.4087123463283" lon="-70.4872667567949">        <ele>1163.95404596255</ele>        <time></time>      </trkpt>
      <trkpt lat="-33.4085372710414" lon="-70.4868739361479">        <ele>1170.62842407497</ele>        <time></time>      </trkpt>
      <trkpt lat="-33.4084351808501" lon="-70.4863506951545">        <ele>1176.49694454169</ele>        <time></time>      </trkpt>
      <trkpt lat="-33.4086372782408" lon="-70.4858733037709">        <ele>1185.39301268781</ele>        <time></time>      </trkpt>
      <trkpt lat="-33.4087343230125" lon="-70.4853525548535">        <ele>1195.33603314218</ele>        <time></time>      </trkpt>
      <trkpt lat="-33.408698363" lon="-70.484819458">        <ele>1204.76155070426</ele>        <time></time>      </trkpt>
      <trkpt lat="-33.408698363" lon="-70.484819458">        <ele>1204.7562113247</ele>        <time></time>      </trkpt>
      <trkpt lat="-33.4086127539529" lon="-70.4842900546741">        <ele>1212.34857477008</ele>        <time></time>      </trkpt>
      <trkpt lat="-33.4085911898077" lon="-70.4837499784757">        <ele>1221.91269995521</ele>        <time></time>      </trkpt>
      <trkpt lat="-33.4084962584048" lon="-70.4832228472233">        <ele>1228.1507255976</ele>        <time></time>      </trkpt>
      <trkpt lat="-33.4083260000612" lon="-70.4827291944588">        <ele>1233.6790004194</ele>        <time></time>      </trkpt>
      <trkpt lat="-33.4080615698511" lon="-70.4823077547996">        <ele>1239.91034524555</ele>        <time></time>      </trkpt>
      <trkpt lat="-33.4081111394471" lon="-70.4817772829469">        <ele>1245.37758528144</ele>        <time></time>      </trkpt>
      <trkpt lat="-33.4080633182157" lon="-70.4812839109138">        <ele>1247.50450104786</ele>        <time></time>      </trkpt>
      <trkpt lat="-33.4076440689575" lon="-70.481251250098">        <ele>1245.97566790038</ele>        <time></time>      </trkpt>
      <trkpt lat="-33.4072357213065" lon="-70.4811409769332">        <ele>1251.67912114225</ele>        <time></time>      </trkpt>
      <trkpt lat="-33.4069724594089" lon="-70.4807130928562">        <ele>1265.7258305249</ele>        <time></time>      </trkpt>
      <trkpt lat="-33.4070815952666" lon="-70.4802775180705">        <ele>1270.45023496471</ele>        <time></time>      </trkpt>
      <trkpt lat="-33.4074820997289" lon="-70.4801173867937">        <ele>1278.7295716765</ele>        <time></time>      </trkpt>
      <trkpt lat="-33.4078207961475" lon="-70.4798513703505">        <ele>1292.56229214236</ele>        <time></time>      </trkpt>
      <trkpt lat="-33.4079938228608" lon="-70.4793797442045">        <ele>1306.78587412983</ele>        <time></time>      </trkpt>
      <trkpt lat="-33.4082530744538" lon="-70.4790100373098">        <ele>1327.46842315569</ele>        <time></time>      </trkpt>
      <trkpt lat="-33.4085882307449" lon="-70.4787146673456">        <ele>1339.24122840621</ele>        <time></time>      </trkpt>
      <trkpt lat="-33.4089110199439" lon="-70.4783561376272">        <ele>1340.53075972374</ele>        <time></time>      </trkpt>
      <trkpt lat="-33.4089798602101" lon="-70.4778266335502">        <ele>1351.71087299305</ele>        <time></time>      </trkpt>
      <trkpt lat="-33.4089458196526" lon="-70.4772864445254">        <ele>1358.61129788912</ele>        <time></time>      </trkpt>
      <trkpt lat="-33.4089118613792" lon="-70.4767459873931">        <ele>1357.95695160636</ele>        <time></time>      </trkpt>
      <trkpt lat="-33.4089882482646" lon="-70.4762212772649">        <ele>1359.00728612569</ele>        <time></time>      </trkpt>
      <trkpt lat="-33.4088957654602" lon="-70.4757029022027">        <ele>1357.36427760356</ele>        <time></time>      </trkpt>
      <trkpt lat="-33.4088090304084" lon="-70.4751825970438">        <ele>1356.18493098981</ele>        <time></time>      </trkpt>
      <trkpt lat="-33.4087735340589" lon="-70.4746509693669">        <ele>1356.67009186985</ele>        <time></time>      </trkpt>
      <trkpt lat="-33.4089115097906" lon="-70.4741846382278">        <ele>1357.4307022112</ele>        <time></time>      </trkpt>
      <trkpt lat="-33.4090303308657" lon="-70.4736991412374">        <ele>1352.30600501603</ele>        <time></time>      </trkpt>
      <trkpt lat="-33.4091680505896" lon="-70.4732048140117">        <ele>1347.90259726795</ele>        <time></time>      </trkpt>
      <trkpt lat="-33.4092736348213" lon="-70.4726961266285">        <ele>1340.57272934015</ele>        <time></time>      </trkpt>
      <trkpt lat="-33.4089468359307" lon="-70.4724052293669">        <ele>1330.70984271073</ele>        <time></time>      </trkpt>
      <trkpt lat="-33.4086636553253" lon="-70.4719938008642">        <ele>1326.02118785817</ele>        <time></time>      </trkpt>
      <trkpt lat="-33.4083293404598" lon="-70.4718219459402">        <ele>1320.7917978864</ele>        <time></time>      </trkpt>
      <trkpt lat="-33.407933209015" lon="-70.4717806510488">        <ele>1315.21752957243</ele>        <time></time>      </trkpt>
      <trkpt lat="-33.4075832228018" lon="-70.4721086460253">        <ele>1305.04450967528</ele>        <time></time>      </trkpt>
      <trkpt lat="-33.4071954474296" lon="-70.4723811700369">        <ele>1296.25180064291</ele>        <time></time>      </trkpt>
      <trkpt lat="-33.4068076836342" lon="-70.472621247815">        <ele>1288.1843724509</ele>        <time></time>      </trkpt>
      <trkpt lat="-33.406590487" lon="-70.473066105">        <ele>1270.42963997908</ele>        <time></time>      </trkpt>
      <trkpt lat="-33.406590487" lon="-70.473066105">        <ele>1270.28163863712</ele>        <time></time>      </trkpt>
      <trkpt lat="-33.4062954179971" lon="-70.4734241843961">        <ele>1253.95296950285</ele>        <time></time>      </trkpt>
      <trkpt lat="-33.4059185716138" lon="-70.4736337865824">        <ele>1243.77982823741</ele>        <time></time>      </trkpt>
      <trkpt lat="-33.4056122605481" lon="-70.4740331114023">        <ele>1233.66495427467</ele>        <time></time>      </trkpt>
      <trkpt lat="-33.4052263763102" lon="-70.4743248104024">        <ele>1225.93320432723</ele>        <time></time>      </trkpt>
      <trkpt lat="-33.4048350453674" lon="-70.4746061223493">        <ele>1221.27723844371</ele>        <time></time>      </trkpt>
      <trkpt lat="-33.4044312096764" lon="-70.4745859720899">        <ele>1216.35154174324</ele>        <time></time>      </trkpt>
      <trkpt lat="-33.404061260556" lon="-70.4742975875095">        <ele>1217.70904995472</ele>        <time></time>      </trkpt>
      <trkpt lat="-33.4036468391182" lon="-70.474070560876">        <ele>1224.25353681744</ele>        <time></time>      </trkpt>
      <trkpt lat="-33.4032936340248" lon="-70.473741534761">        <ele>1233.26242933545</ele>        <time></time>      </trkpt>
      <trkpt lat="-33.4028659510958" lon="-70.473574914329">        <ele>1234.37898904103</ele>        <time></time>      </trkpt>
      <trkpt lat="-33.4024490385687" lon="-70.4733513786451">        <ele>1237.75714393551</ele>        <time></time>      </trkpt>
      <trkpt lat="-33.4021393769055" lon="-70.4729873693109">        <ele>1243.74229687163</ele>        <time></time>      </trkpt>
      <trkpt lat="-33.4018357059016" lon="-70.4732978058897">        <ele>1243.13117464682</ele>        <time></time>      </trkpt>
      <trkpt lat="-33.4014018138234" lon="-70.47335195108">        <ele>1253.08604295826</ele>        <time></time>      </trkpt>
      <trkpt lat="-33.4013236431734" lon="-70.4738783785433">        <ele>1268.66292458884</ele>        <time></time>      </trkpt>
      <trkpt lat="-33.401545323767" lon="-70.4743613275647">        <ele>1274.01265573135</ele>        <time></time>      </trkpt>
      <trkpt lat="-33.4016597315143" lon="-70.4748732171728">        <ele>1286.87875509748</ele>        <time></time>      </trkpt>
      <trkpt lat="-33.4014318857196" lon="-70.4753186186154">        <ele>1291.79582751291</ele>        <time></time>      </trkpt>
      <trkpt lat="-33.4009911620121" lon="-70.4752206078999">        <ele>1299.81528540098</ele>        <time></time>      </trkpt>
      <trkpt lat="-33.4005812017372" lon="-70.4749986678485">        <ele>1307.61870885723</ele>        <time></time>      </trkpt>
      <trkpt lat="-33.4001965420248" lon="-70.4747251876116">        <ele>1316.25355352304</ele>        <time></time>      </trkpt>
      <trkpt lat="-33.3998900378356" lon="-70.474321595189">        <ele>1326.44027695728</ele>        <time></time>      </trkpt>
      <trkpt lat="-33.3994918380345" lon="-70.4740559017866">        <ele>1333.97703160012</ele>        <time></time>      </trkpt>
      <trkpt lat="-33.3990636346663" lon="-70.4740709298675">        <ele>1345.83558872336</ele>        <time></time>      </trkpt>
      <trkpt lat="-33.3986367856185" lon="-70.4741114312175">        <ele>1360.22174962486</ele>        <time></time>      </trkpt>
      <trkpt lat="-33.3982518110321" lon="-70.4738162972491">        <ele>1371.00886821999</ele>        <time></time>      </trkpt>
      <trkpt lat="-33.3978800706137" lon="-70.4735046257109">        <ele>1379.57094717201</ele>        <time></time>      </trkpt>
      <trkpt lat="-33.3976049142235" lon="-70.4730641611939">        <ele>1387.33157213355</ele>        <time></time>      </trkpt>
      <trkpt lat="-33.3973496712424" lon="-70.4726071808956">        <ele>1404.07960880615</ele>        <time></time>      </trkpt>
      <trkpt lat="-33.3974721376054" lon="-70.472123137027">        <ele>1407.71154669535</ele>        <time></time>      </trkpt>
      <trkpt lat="-33.3976938002062" lon="-70.4716551379155">        <ele>1403.63008820601</ele>        <time></time>      </trkpt>
      <trkpt lat="-33.397727949" lon="-70.471112991">        <ele>1410.35128989962</ele>        <time></time>      </trkpt>
      <trkpt lat="-33.397727949" lon="-70.471112991">        <ele>1410.46476040905</ele>        <time></time>      </trkpt>
      <trkpt lat="-33.3977352642602" lon="-70.4705712580791">        <ele>1421.8104986082</ele>        <time></time>      </trkpt>
      <trkpt lat="-33.398040769231" lon="-70.4702129110968">        <ele>1425.67495650942</ele>        <time></time>      </trkpt>
      <trkpt lat="-33.3984130517276" lon="-70.4699065056937">        <ele>1429.58971924882</ele>        <time></time>      </trkpt>
      <trkpt lat="-33.3986114277558" lon="-70.4694516559859">        <ele>1432.38251257395</ele>        <time></time>      </trkpt>
      <trkpt lat="-33.3984617994757" lon="-70.4689433163545">        <ele>1442.89976102914</ele>        <time></time>      </trkpt>
      <trkpt lat="-33.398393881991" lon="-70.4684231437052">        <ele>1446.04303457836</ele>        <time></time>      </trkpt>
      <trkpt lat="-33.3985360931665" lon="-70.4679074728676">        <ele>1458.14472233599</ele>        <time></time>      </trkpt>
      <trkpt lat="-33.3989436296769" lon="-70.4677128971736">        <ele>1466.438225153</ele>        <time></time>      </trkpt>
      <trkpt lat="-33.3993605482359" lon="-70.4675399872038">        <ele>1474.5392108248</ele>        <time></time>      </trkpt>
      <trkpt lat="-33.3996810276178" lon="-70.4671611070268">        <ele>1488.269692757</ele>        <time></time>      </trkpt>
      <trkpt lat="-33.3997531916488" lon="-70.4668356929821">        <ele>1496.07306863824</ele>        <time></time>      </trkpt>
      <trkpt lat="-33.3993129038571" lon="-70.4667530816081">        <ele>1497.29245059934</ele>        <time></time>      </trkpt>
      <trkpt lat="-33.39888509957" lon="-70.4666341569631">        <ele>1513.70942116449</ele>        <time></time>      </trkpt>
      <trkpt lat="-33.3985200933924" lon="-70.4664204319419">        <ele>1526.45292997501</ele>        <time></time>      </trkpt>
      <trkpt lat="-33.3982042927656" lon="-70.4661822939934">        <ele>1540.1126695803</ele>        <time></time>      </trkpt>
      <trkpt lat="-33.3979403201824" lon="-70.4657468814335">        <ele>1558.83662850414</ele>        <time></time>      </trkpt>
      <trkpt lat="-33.3975822097987" lon="-70.4654350792045">        <ele>1566.94372172319</ele>        <time></time>      </trkpt>
      <trkpt lat="-33.3973564433626" lon="-70.4650083451534">        <ele>1576.87989549514</ele>        <time></time>      </trkpt>
      <trkpt lat="-33.3970742854883" lon="-70.4646723507236">        <ele>1583.23317464204</ele>        <time></time>      </trkpt>
      <trkpt lat="-33.3967166708537" lon="-70.4645864501468">        <ele>1584.93741424478</ele>        <time></time>      </trkpt>
      <trkpt lat="-33.3962860625891" lon="-70.4645256796805">        <ele>1591.40451706836</ele>        <time></time>      </trkpt>
      <trkpt lat="-33.3962048968267" lon="-70.463994032989">        <ele>1592.95053818627</ele>        <time></time>      </trkpt>
      <trkpt lat="-33.3961493689367" lon="-70.4634506305158">        <ele>1597.90121175059</ele>        <time></time>      </trkpt>
      <trkpt lat="-33.395867377" lon="-70.463117813">        <ele>1607.5445811281</ele>        <time></time>      </trkpt>
      <trkpt lat="-33.395867377" lon="-70.463117813">        <ele>1607.3862592849</ele>        <time></time>      </trkpt>
      <trkpt lat="-33.395594957808" lon="-70.46268841578">        <ele>1618.86927051808</ele>        <time></time>      </trkpt>
      <trkpt lat="-33.3954135249629" lon="-70.462192790406">        <ele>1631.94020303148</ele>        <time></time>      </trkpt>
      <trkpt lat="-33.3952127609344" lon="-70.4617977989339">        <ele>1642.3425215376</ele>        <time></time>      </trkpt>
      <trkpt lat="-33.3950663554534" lon="-70.4613769422818">        <ele>1653.89205339838</ele>        <time></time>      </trkpt>
      <trkpt lat="-33.3953044396069" lon="-70.4610246336137">        <ele>1670.04766080314</ele>        <time></time>      </trkpt>
      <trkpt lat="-33.3954876978594" lon="-70.4607081715339">        <ele>1681.26588757659</ele>        <time></time>      </trkpt>
      <trkpt lat="-33.3955102306701" lon="-70.4602076259994">        <ele>1685.21406692671</ele>        <time></time>      </trkpt>
      <trkpt lat="-33.3957988967922" lon="-70.459786682308">        <ele>1689.03933132926</ele>        <time></time>      </trkpt>
      <trkpt lat="-33.3961114493618" lon="-70.4593909256551">        <ele>1690.10716916164</ele>        <time></time>      </trkpt>
      <trkpt lat="-33.3962052298719" lon="-70.4588759532212">        <ele>1687.99064196012</ele>        <time></time>      </trkpt>
      <trkpt lat="-33.3962057967406" lon="-70.458339737061">        <ele>1694.93198213145</ele>        <time></time>      </trkpt>
      <trkpt lat="-33.3961888601596" lon="-70.4578073789259">        <ele>1709.47259168897</ele>        <time></time>      </trkpt>
      <trkpt lat="-33.3963397370587" lon="-70.4572952555166">        <ele>1725.73512079243</ele>        <time></time>      </trkpt>
      <trkpt lat="-33.3965566887037" lon="-70.4569980342249">        <ele>1733.13606785898</ele>        <time></time>      </trkpt>
      <trkpt lat="-33.396694889544" lon="-70.4567454136079">        <ele>1740.96278936674</ele>        <time></time>      </trkpt>
      <trkpt lat="-33.3968306945769" lon="-70.4563341698659">        <ele>1752.48226972387</ele>        <time></time>      </trkpt>
      <trkpt lat="-33.3970921067502" lon="-70.4559115223154">        <ele>1760.95740983096</ele>        <time></time>      </trkpt>
      <trkpt lat="-33.397263115" lon="-70.455417765">        <ele>1779.43070713876</ele>        <time></time>      </trkpt>
      <trkpt lat="-33.397263115" lon="-70.455417765">        <ele>1779.57129400696</ele>        <time></time>      </trkpt>
      <trkpt lat="-33.3973625344224" lon="-70.4549373220087">        <ele>1809.82055556293</ele>        <time></time>      </trkpt>
      <trkpt lat="-33.3971798794407" lon="-70.4545821763632">        <ele>1824.10952721097</ele>        <time></time>      </trkpt>
      <trkpt lat="-33.397045885087" lon="-70.4541510913209">        <ele>1837.60642178215</ele>        <time></time>      </trkpt>
      <trkpt lat="-33.3966393100463" lon="-70.4540243302773">        <ele>1844.63927097729</ele>        <time></time>      </trkpt>
      <trkpt lat="-33.3962847299004" lon="-70.453687002886">        <ele>1850.97029331309</ele>        <time></time>      </trkpt>
      <trkpt lat="-33.3959368999485" lon="-70.453347899946">        <ele>1859.1916579597</ele>        <time></time>      </trkpt>
      <trkpt lat="-33.3955514001846" lon="-70.4530722091873">        <ele>1861.08409989509</ele>        <time></time>      </trkpt>
      <trkpt lat="-33.3952317652796" lon="-70.4526978075382">        <ele>1861.02129713448</ele>        <time></time>      </trkpt>
      <trkpt lat="-33.3948389602835" lon="-70.4525594292382">        <ele>1865.09441501073</ele>        <time></time>      </trkpt>
      <trkpt lat="-33.3944243164112" lon="-70.4524600221899">        <ele>1867.58586986065</ele>        <time></time>      </trkpt>
      <trkpt lat="-33.394074753712" lon="-70.4521797237335">        <ele>1865.98924079847</ele>        <time></time>      </trkpt>
      <trkpt lat="-33.3936564603591" lon="-70.4520547836069">        <ele>1865.18241382029</ele>        <time></time>      </trkpt>
      <trkpt lat="-33.3932381832701" lon="-70.4519088481635">        <ele>1862.73392737436</ele>        <time></time>      </trkpt>
      <trkpt lat="-33.3927927168664" lon="-70.4518699530112">        <ele>1855.86497540294</ele>        <time></time>      </trkpt>
      <trkpt lat="-33.3923656763537" lon="-70.4516886876499">        <ele>1853.55504870508</ele>        <time></time>      </trkpt>
      <trkpt lat="-33.3919872622554" lon="-70.4514211881849">        <ele>1853.60065998135</ele>        <time></time>      </trkpt>
      <trkpt lat="-33.3915474885271" lon="-70.4514435976978">        <ele>1846.84048016961</ele>        <time></time>      </trkpt>
      <trkpt lat="-33.3912053430104" lon="-70.4511466481425">        <ele>1818.85948008461</ele>        <time></time>      </trkpt>
      <trkpt lat="-33.3908998200304" lon="-70.4508067400116">        <ele>1800.9094003072</ele>        <time></time>      </trkpt>
      <trkpt lat="-33.3905507560408" lon="-70.4505304670781">        <ele>1786.32266265047</ele>        <time></time>      </trkpt>
      <trkpt lat="-33.3901681425108" lon="-70.4503069105749">        <ele>1774.21934731825</ele>        <time></time>      </trkpt>
      <trkpt lat="-33.3897329123385" lon="-70.450178782467">        <ele>1766.35522256323</ele>        <time></time>      </trkpt>
      <trkpt lat="-33.389291414037" lon="-70.4501216114819">        <ele>1759.02062440189</ele>        <time></time>      </trkpt>
      <trkpt lat="-33.388866821505" lon="-70.4500365269625">        <ele>1743.96322843493</ele>        <time></time>      </trkpt>
      <trkpt lat="-33.388515641529" lon="-70.4497659635035">        <ele>1737.32533637036</ele>        <time></time>      </trkpt>
      <trkpt lat="-33.3881021082193" lon="-70.4496351559499">        <ele>1728.53975314799</ele>        <time></time>      </trkpt>
      <trkpt lat="-33.3877540283966" lon="-70.4493613404611">        <ele>1721.90910240653</ele>        <time></time>      </trkpt>
      <trkpt lat="-33.3874278968924" lon="-70.4489855058418">        <ele>1712.55917291008</ele>        <time></time>      </trkpt>
      <trkpt lat="-33.3871080412861" lon="-70.4486452594602">        <ele>1700.2970772683</ele>        <time></time>      </trkpt>
      <trkpt lat="-33.3866587698333" lon="-70.4485745132203">        <ele>1687.67921820642</ele>        <time></time>      </trkpt>
      <trkpt lat="-33.3862995809526" lon="-70.4483373548497">        <ele>1675.24584100154</ele>        <time></time>      </trkpt>
      <trkpt lat="-33.3860773344258" lon="-70.4480734922295">        <ele>1665.23015095638</ele>        <time></time>      </trkpt>
      <trkpt lat="-33.3858895486883" lon="-70.4476513467698">        <ele>1647.8609525832</ele>        <time></time>      </trkpt>
      <trkpt lat="-33.3856716528382" lon="-70.4472487865584">        <ele>1637.95590037503</ele>        <time></time>      </trkpt>
      <trkpt lat="-33.3855436963966" lon="-70.4467772224413">        <ele>1629.66165447564</ele>        <time></time>      </trkpt>
      <trkpt lat="-33.3853289120907" lon="-70.4463194725304">        <ele>1623.90381130676</ele>        <time></time>      </trkpt>
      <trkpt lat="-33.385075879964" lon="-70.4459068349453">        <ele>1620.36319981207</ele>        <time></time>      </trkpt>
      <trkpt lat="-33.384777922101" lon="-70.4455111599811">        <ele>1602.22909721073</ele>        <time></time>      </trkpt>
      <trkpt lat="-33.3845213497675" lon="-70.4450986883956">        <ele>1591.01585098991</ele>        <time></time>      </trkpt>
      <trkpt lat="-33.3841399180526" lon="-70.445011836094">        <ele>1580.76552748281</ele>        <time></time>      </trkpt>
      <trkpt lat="-33.3837566483664" lon="-70.4449262105118">        <ele>1565.14867638995</ele>        <time></time>      </trkpt>
      <trkpt lat="-33.3833890868389" lon="-70.4447029131661">        <ele>1554.90314114665</ele>        <time></time>      </trkpt>
      <trkpt lat="-33.3830858423243" lon="-70.4444656348189">        <ele>1545.13815397519</ele>        <time></time>      </trkpt>
      <trkpt lat="-33.382852975067" lon="-70.4440221770578">        <ele>1538.82905817486</ele>        <time></time>      </trkpt>
      <trkpt lat="-33.3826694970116" lon="-70.4435742775171">        <ele>1530.09515052156</ele>        <time></time>      </trkpt>
      <trkpt lat="-33.382562" lon="-70.44308">        <ele>1521.48849440189</ele>        <time></time>      </trkpt>
      <trkpt lat="-33.382562" lon="-70.44308">        <ele>1521.55400095906</ele>        <time></time>      </trkpt>
      <trkpt lat="-33.3823830796928" lon="-70.4425943755787">        <ele>1519.98599012665</ele>        <time></time>      </trkpt>
      <trkpt lat="-33.3820580939502" lon="-70.4422510782887">        <ele>1518.38750263988</ele>        <time></time>      </trkpt>
      <trkpt lat="-33.3817174308278" lon="-70.4421327232982">        <ele>1508.9366580475</ele>        <time></time>      </trkpt>
      <trkpt lat="-33.3814740438372" lon="-70.4417971117847">        <ele>1489.85659745864</ele>        <time></time>      </trkpt>
      <trkpt lat="-33.3811152513644" lon="-70.4415953770434">        <ele>1480.12561714693</ele>        <time></time>      </trkpt>
      <trkpt lat="-33.3806881751523" lon="-70.441522135743">        <ele>1464.90742900802</ele>        <time></time>      </trkpt>
      <trkpt lat="-33.3808336284828" lon="-70.4415250798708">        <ele>1471.22075689972</ele>        <time></time>      </trkpt>
      <trkpt lat="-33.3806205394451" lon="-70.4415968736892">        <ele>1459.8990839207</ele>        <time></time>      </trkpt>
      <trkpt lat="-33.380184420859" lon="-70.4415529711347">        <ele>1446.37181653786</ele>        <time></time>      </trkpt>
      <trkpt lat="-33.3797911572965" lon="-70.4414847415616">        <ele>1423.43989419368</ele>        <time></time>      </trkpt>
      <trkpt lat="-33.3793962284185" lon="-70.4412774653467">        <ele>1404.62023737675</ele>        <time></time>      </trkpt>
      <trkpt lat="-33.3791380832752" lon="-70.441140745203">        <ele>1391.63678582498</ele>        <time></time>      </trkpt>
      <trkpt lat="-33.378864257808" lon="-70.4408792578048">        <ele>1388.26770013808</ele>        <time></time>      </trkpt>
      <trkpt lat="-33.3784726781511" lon="-70.440729345099">        <ele>1388.34369214509</ele>        <time></time>      </trkpt>
      <trkpt lat="-33.378165457981" lon="-70.4403807622136">        <ele>1388.0511013816</ele>        <time></time>      </trkpt>
      <trkpt lat="-33.3777915940977" lon="-70.4404331644307">        <ele>1369.94324631443</ele>        <time></time>      </trkpt>
      <trkpt lat="-33.3774792724162" lon="-70.440211166879">        <ele>1361.75822368681</ele>        <time></time>      </trkpt>
      <trkpt lat="-33.3771919855888" lon="-70.4398166186803">        <ele>1348.32195487895</ele>        <time></time>      </trkpt>
      <trkpt lat="-33.3769272306584" lon="-70.4394137707661">        <ele>1324.88958052414</ele>        <time></time>      </trkpt>
      <trkpt lat="-33.376699874645" lon="-70.4391084008062">        <ele>1306.8577240977</ele>        <time></time>      </trkpt>
      <trkpt lat="-33.3764192229439" lon="-70.438860739615">        <ele>1292.22488986906</ele>        <time></time>      </trkpt>
      <trkpt lat="-33.3760846700841" lon="-70.4385049551552">        <ele>1280.10952384927</ele>        <time></time>      </trkpt>
      <trkpt lat="-33.3756852074378" lon="-70.4383967488143">        <ele>1267.86675890852</ele>        <time></time>      </trkpt>
      <trkpt lat="-33.3754566481856" lon="-70.4380801814919">        <ele>1262.22048089948</ele>        <time></time>      </trkpt>
      <trkpt lat="-33.3750765056438" lon="-70.437950508491">        <ele>1243.64743316279</ele>        <time></time>      </trkpt>
      <trkpt lat="-33.3748566871867" lon="-70.438305530773">        <ele>1224.96773737925</ele>        <time></time>      </trkpt>
      <trkpt lat="-33.3745622944021" lon="-70.4382459538791">        <ele>1207.93414474903</ele>        <time></time>      </trkpt>
      <trkpt lat="-33.3744788927323" lon="-70.4386985022904">        <ele>1193.16855552654</ele>        <time></time>      </trkpt>
      <trkpt lat="-33.3747534263528" lon="-70.4390765332657">        <ele>1197.63040110481</ele>        <time></time>      </trkpt>
      <trkpt lat="-33.3749140709768" lon="-70.4395619417714">        <ele>1192.70912213482</ele>        <time></time>      </trkpt>
      <trkpt lat="-33.3746006478387" lon="-70.4394507251422">        <ele>1182.22877796405</ele>        <time></time>      </trkpt>
      <trkpt lat="-33.3744862470959" lon="-70.4397075936838">        <ele>1166.4440380155</ele>        <time></time>      </trkpt>
      <trkpt lat="-33.3744748374385" lon="-70.4401928633025">        <ele>1153.73249381811</ele>        <time></time>      </trkpt>
      <trkpt lat="-33.374196777192" lon="-70.4403331191283">        <ele>1132.80415379523</ele>        <time></time>      </trkpt>
      <trkpt lat="-33.3739318481922" lon="-70.4404722948535">        <ele>1124.58162228629</ele>        <time></time>      </trkpt>
      <trkpt lat="-33.3735345251198" lon="-70.4405762868776">        <ele>1102.01674089081</ele>        <time></time>      </trkpt>
      <trkpt lat="-33.3737563823124" lon="-70.4401235520651">        <ele>1110.8994067176</ele>        <time></time>      </trkpt>
      <trkpt lat="-33.3736186042602" lon="-70.439620289376">        <ele>1101.24299836291</ele>        <time></time>      </trkpt>
      <trkpt lat="-33.373528828649" lon="-70.4394085643679">        <ele>1097.16472641789</ele>        <time></time>      </trkpt>
      <trkpt lat="-33.3732480243462" lon="-70.4389869518462">        <ele>1087.52623437331</ele>        <time></time>      </trkpt>
      <trkpt lat="-33.3730591921577" lon="-70.4385034117514">        <ele>1080.1767709344</ele>        <time></time>      </trkpt>
      <trkpt lat="-33.3729348042253" lon="-70.4379903218105">        <ele>1081.75420995437</ele>        <time></time>      </trkpt>
      <trkpt lat="-33.3728599885364" lon="-70.4374623910786">        <ele>1080.75718801576</ele>        <time></time>      </trkpt>
      <trkpt lat="-33.3728103603931" lon="-70.4369445853355">        <ele>1071.91119665388</ele>        <time></time>      </trkpt>
      <trkpt lat="-33.3729208542579" lon="-70.4364293036181">        <ele>1074.19617565093</ele>        <time></time>      </trkpt>
      <trkpt lat="-33.3730682849474" lon="-70.4359271953519">        <ele>1074.37608985957</ele>        <time></time>      </trkpt>
      <trkpt lat="-33.3732858662419" lon="-70.4354737463561">        <ele>1063.72721098146</ele>        <time></time>      </trkpt>
      <trkpt lat="-33.3735969337849" lon="-70.4351047930816">        <ele>1062.33888858817</ele>        <time></time>      </trkpt>
      <trkpt lat="-33.3740138929449" lon="-70.4348963690186">        <ele>1062.99044920739</ele>        <time></time>      </trkpt>
      <trkpt lat="-33.3744593338933" lon="-70.4348497779032">        <ele>1067.22157939156</ele>        <time></time>      </trkpt>
      <trkpt lat="-33.3749063379147" lon="-70.4347961465999">        <ele>1072.40946102474</ele>        <time></time>      </trkpt>
      <trkpt lat="-33.3748922371184" lon="-70.4344337066019">        <ele>1068.40841469312</ele>        <time></time>      </trkpt>
      <trkpt lat="-33.374516" lon="-70.43415">        <ele>1072.09682517536</ele>        <time></time>      </trkpt>
      <trkpt lat="-33.374516" lon="-70.43415">        <ele>1071.90498204101</ele>        <time></time>      </trkpt>
      <trkpt lat="-33.3741047720308" lon="-70.4339205737883">        <ele>1067.173808163</ele>        <time></time>      </trkpt>
      <trkpt lat="-33.373743655115" lon="-70.4335950475282">        <ele>1074.92948178484</ele>        <time></time>      </trkpt>
      <trkpt lat="-33.373735015449" lon="-70.4332461737454">        <ele>1084.22540292117</ele>        <time></time>      </trkpt>
      <trkpt lat="-33.3738858519345" lon="-70.4330158151432">        <ele>1091.30891496969</ele>        <time></time>      </trkpt>
      <trkpt lat="-33.3736629329629" lon="-70.4325652141167">        <ele>1098.53230444439</ele>        <time></time>      </trkpt>
      <trkpt lat="-33.3738869055291" lon="-70.432124025059">        <ele>1107.13371820794</ele>        <time></time>      </trkpt>
      <trkpt lat="-33.3739118254382" lon="-70.4316751076895">        <ele>1111.5869941621</ele>        <time></time>      </trkpt>
      <trkpt lat="-33.3740065585151" lon="-70.4316298787627">        <ele>1115.52628128895</ele>        <time></time>      </trkpt>
      <trkpt lat="-33.3743189611513" lon="-70.4318451328085">        <ele>1126.3030060128</ele>        <time></time>      </trkpt>
      <trkpt lat="-33.3746531007816" lon="-70.4321117080554">        <ele>1137.60547525961</ele>        <time></time>      </trkpt>
      <trkpt lat="-33.3749061495017" lon="-70.4325104165143">        <ele>1137.73471326837</ele>        <time></time>      </trkpt>
      <trkpt lat="-33.3751313785515" lon="-70.4322287805671">        <ele>1151.1313622409</ele>        <time></time>      </trkpt>
      <trkpt lat="-33.3754385409982" lon="-70.4319021885086">        <ele>1171.65594927785</ele>        <time></time>      </trkpt>
      <trkpt lat="-33.3755021352089" lon="-70.4313953649374">        <ele>1180.97397063071</ele>        <time></time>      </trkpt>
      <trkpt lat="-33.3757558819772" lon="-70.4316132239133">        <ele>1190.44535886028</ele>        <time></time>      </trkpt>
      <trkpt lat="-33.3758947655505" lon="-70.4321123904306">        <ele>1188.60899802208</ele>        <time></time>      </trkpt>
      <trkpt lat="-33.3762143184044" lon="-70.431769300455">        <ele>1203.9044295461</ele>        <time></time>      </trkpt>
      <trkpt lat="-33.3765284000935" lon="-70.4314425999528">        <ele>1216.22434858198</ele>        <time></time>      </trkpt>
      <trkpt lat="-33.3768017430003" lon="-70.4311489184831">        <ele>1230.36394143447</ele>        <time></time>      </trkpt>
      <trkpt lat="-33.3771297193867" lon="-70.4308854065799">        <ele>1249.07044495057</ele>        <time></time>      </trkpt>
      <trkpt lat="-33.3774857178745" lon="-70.4306156365595">        <ele>1272.07398790407</ele>        <time></time>      </trkpt>
      <trkpt lat="-33.3773682633244" lon="-70.4300959948829">        <ele>1279.1063849216</ele>        <time></time>      </trkpt>
      <trkpt lat="-33.3772754118672" lon="-70.4296086151007">        <ele>1292.60111531728</ele>        <time></time>      </trkpt>
      <trkpt lat="-33.3772668366216" lon="-70.4292080676058">        <ele>1302.96054877473</ele>        <time></time>      </trkpt>
      <trkpt lat="-33.3774058596438" lon="-70.4287080234347">        <ele>1321.59632093997</ele>        <time></time>      </trkpt>
      <trkpt lat="-33.3774766498322" lon="-70.4282004366216">        <ele>1333.1341834267</ele>        <time></time>      </trkpt>
      <trkpt lat="-33.3776121049663" lon="-70.4278993659878">        <ele>1341.85994685271</ele>        <time></time>      </trkpt>
      <trkpt lat="-33.377886122963" lon="-70.4279076426606">        <ele>1356.01181755484</ele>        <time></time>      </trkpt>
      <trkpt lat="-33.3782028307355" lon="-70.4280565728083">        <ele>1371.0794788621</ele>        <time></time>      </trkpt>
      <trkpt lat="-33.3783830504681" lon="-70.4277905293061">        <ele>1386.37735586074</ele>        <time></time>      </trkpt>
      <trkpt lat="-33.3786325408323" lon="-70.4273602917151">        <ele>1394.45539119402</ele>        <time></time>      </trkpt>
      <trkpt lat="-33.378998023214" lon="-70.4272777322921">        <ele>1402.0672646594</ele>        <time></time>      </trkpt>
      <trkpt lat="-33.3793903452579" lon="-70.4274132878051">        <ele>1414.71955862527</ele>        <time></time>      </trkpt>
      <trkpt lat="-33.3796811555428" lon="-70.4271007676934">        <ele>1421.05890528611</ele>        <time></time>      </trkpt>
      <trkpt lat="-33.3801121504948" lon="-70.4269881575929">        <ele>1430.52832820175</ele>        <time></time>      </trkpt>
      <trkpt lat="-33.3805434493624" lon="-70.4268909275052">        <ele>1442.03483414471</ele>        <time></time>      </trkpt>
      <trkpt lat="-33.380885548584" lon="-70.4272010647753">        <ele>1449.99431657117</ele>        <time></time>      </trkpt>
      <trkpt lat="-33.3809933620497" lon="-70.4276182549284">        <ele>1457.82679929043</ele>        <time></time>      </trkpt>
      <trkpt lat="-33.3811176111306" lon="-70.4279818353499">        <ele>1466.68871265005</ele>        <time></time>      </trkpt>
      <trkpt lat="-33.3811856440219" lon="-70.4284923938012">        <ele>1471.83196792856</ele>        <time></time>      </trkpt>
      <trkpt lat="-33.381547379017" lon="-70.4284129435544">        <ele>1483.96267175972</ele>        <time></time>      </trkpt>
      <trkpt lat="-33.3819085411287" lon="-70.4281227257281">        <ele>1493.47414718225</ele>        <time></time>      </trkpt>
      <trkpt lat="-33.3822943092986" lon="-70.427919125749">        <ele>1506.4165968711</ele>        <time></time>      </trkpt>
      <trkpt lat="-33.3826577748015" lon="-70.4278293281611">        <ele>1509.78550418431</ele>        <time></time>      </trkpt>
      <trkpt lat="-33.3829055541079" lon="-70.4274364675376">        <ele>1522.52563856883</ele>        <time></time>      </trkpt>
      <trkpt lat="-33.3831221806007" lon="-70.4270711947414">        <ele>1540.76017583801</ele>        <time></time>      </trkpt>
      <trkpt lat="-33.3833296697565" lon="-70.4267119038082">        <ele>1558.89048037652</ele>        <time></time>      </trkpt>
      <trkpt lat="-33.3833997368145" lon="-70.4263440476551">        <ele>1572.92644905902</ele>        <time></time>      </trkpt>
      <trkpt lat="-33.3836632874634" lon="-70.4260944743176">        <ele>1588.39442930861</ele>        <time></time>      </trkpt>
      <trkpt lat="-33.3839310922018" lon="-70.4257831006222">        <ele>1601.91124619479</ele>        <time></time>      </trkpt>
      <trkpt lat="-33.3841046004763" lon="-70.425353264876">        <ele>1614.07511961169</ele>        <time></time>      </trkpt>
      <trkpt lat="-33.3840311464595" lon="-70.4248437450071">        <ele>1626.39230396269</ele>        <time></time>      </trkpt>
      <trkpt lat="-33.3840814532563" lon="-70.4243775390888">        <ele>1643.32987734925</ele>        <time></time>      </trkpt>
      <trkpt lat="-33.3840043689464" lon="-70.4239105519939">        <ele>1655.78618601536</ele>        <time></time>      </trkpt>
      <trkpt lat="-33.384009" lon="-70.423432">        <ele>1665.49572960211</ele>        <time></time>      </trkpt>
      <trkpt lat="-33.384009" lon="-70.423432">        <ele>1665.45717287531</ele>        <time></time>      </trkpt>
      <trkpt lat="-33.384003658927" lon="-70.4229100134015">        <ele>1684.25443766536</ele>        <time></time>      </trkpt>
      <trkpt lat="-33.3840749052221" lon="-70.4224716577297">        <ele>1698.79154850052</ele>        <time></time>      </trkpt>
      <trkpt lat="-33.3839222760748" lon="-70.4221915986616">        <ele>1706.02357664382</ele>        <time></time>      </trkpt>
      <trkpt lat="-33.3837045930896" lon="-70.4217285891596">        <ele>1725.3560468682</ele>        <time></time>      </trkpt>
      <trkpt lat="-33.3840509327428" lon="-70.4214283832548">        <ele>1748.65103157462</ele>        <time></time>      </trkpt>
      <trkpt lat="-33.384375973316" lon="-70.4211061845194">        <ele>1763.02982132345</ele>        <time></time>      </trkpt>
      <trkpt lat="-33.3844279196704" lon="-70.4207264039784">        <ele>1777.64801418188</ele>        <time></time>      </trkpt>
      <trkpt lat="-33.3842162438903" lon="-70.420309130269">        <ele>1795.05133491162</ele>        <time></time>      </trkpt>
      <trkpt lat="-33.384086597074" lon="-70.4198476764609">        <ele>1811.77072026419</ele>        <time></time>      </trkpt>
      <trkpt lat="-33.3840640056237" lon="-70.4193923229789">        <ele>1832.60539265664</ele>        <time></time>      </trkpt>
      <trkpt lat="-33.3841979995915" lon="-70.4189859469378">        <ele>1851.82626903679</ele>        <time></time>      </trkpt>
      <trkpt lat="-33.3842254796519" lon="-70.418520065536">        <ele>1868.69299516984</ele>        <time></time>      </trkpt>
      <trkpt lat="-33.3845824477414" lon="-70.4182223476662">        <ele>1874.23283779859</ele>        <time></time>      </trkpt>
      <trkpt lat="-33.3849501735671" lon="-70.4179245981296">        <ele>1874.84201066497</ele>        <time></time>      </trkpt>
      <trkpt lat="-33.385308038897" lon="-70.4176022790813">        <ele>1876.73733515464</ele>        <time></time>      </trkpt>
      <trkpt lat="-33.3857115198329" lon="-70.4174905613112">        <ele>1888.93364327858</ele>        <time></time>      </trkpt>
      <trkpt lat="-33.3861141205324" lon="-70.4173190963595">        <ele>1892.24771760946</ele>        <time></time>      </trkpt>
      <trkpt lat="-33.3865547874945" lon="-70.4172119153635">        <ele>1912.2580077531</ele>        <time></time>      </trkpt>
      <trkpt lat="-33.3869753592356" lon="-70.417164084815">        <ele>1924.58652819325</ele>        <time></time>      </trkpt>
      <trkpt lat="-33.3873877347841" lon="-70.4170412829063">        <ele>1943.6282176433</ele>        <time></time>      </trkpt>
      <trkpt lat="-33.3878061432429" lon="-70.4169997440002">        <ele>1962.08653791777</ele>        <time></time>      </trkpt>
      <trkpt lat="-33.3882416996075" lon="-70.4170156446892">        <ele>1972.7893307903</ele>        <time></time>      </trkpt>
      <trkpt lat="-33.3886769743918" lon="-70.4169118663671">        <ele>1987.98700046249</ele>        <time></time>      </trkpt>
      <trkpt lat="-33.3890195721216" lon="-70.4168979611014">        <ele>1999.38704758439</ele>        <time></time>      </trkpt>
      <trkpt lat="-33.3894422252098" lon="-70.4167651286835">        <ele>2017.50013924023</ele>        <time></time>      </trkpt>
      <trkpt lat="-33.389860662384" lon="-70.4168741636682">        <ele>2022.10304258466</ele>        <time></time>      </trkpt>
      <trkpt lat="-33.3900685101264" lon="-70.4167434325239">        <ele>2028.58522552273</ele>        <time></time>      </trkpt>
      <trkpt lat="-33.3902188743566" lon="-70.4163058752337">        <ele>2039.57215479552</ele>        <time></time>      </trkpt>
      <trkpt lat="-33.3906344828989" lon="-70.4164532125635">        <ele>2044.85531280796</ele>        <time></time>      </trkpt>
      <trkpt lat="-33.3909479394056" lon="-70.4166781342003">        <ele>2052.08123593784</ele>        <time></time>      </trkpt>
      <trkpt lat="-33.3913781565254" lon="-70.4168046190566">        <ele>2052.92807241449</ele>        <time></time>      </trkpt>
      <trkpt lat="-33.3918229865891" lon="-70.4167532981318">        <ele>2057.95306761185</ele>        <time></time>      </trkpt>
      <trkpt lat="-33.3922060336157" lon="-70.4165066228992">        <ele>2070.76162572921</ele>        <time></time>      </trkpt>
      <trkpt lat="-33.3925953588973" lon="-70.4164057282213">        <ele>2094.79908426172</ele>        <time></time>      </trkpt>
      <trkpt lat="-33.3930377432407" lon="-70.4164151591005">        <ele>2109.3631208488</ele>        <time></time>      </trkpt>
      <trkpt lat="-33.3934795704467" lon="-70.4163968435776">        <ele>2122.88518011393</ele>        <time></time>      </trkpt>
      <trkpt lat="-33.3939097680218" lon="-70.4162543161493">        <ele>2145.33345888912</ele>        <time></time>      </trkpt>
      <trkpt lat="-33.3943466520583" lon="-70.4163013615809">        <ele>2157.68164289253</ele>        <time></time>      </trkpt>
      <trkpt lat="-33.3947453244649" lon="-70.4161647887923">        <ele>2166.55243030979</ele>        <time></time>      </trkpt>
      <trkpt lat="-33.3951328700143" lon="-70.4159027970963">        <ele>2176.06588045979</ele>        <time></time>      </trkpt>
      <trkpt lat="-33.3954214691661" lon="-70.4157237609111">        <ele>2183.52884120349</ele>        <time></time>      </trkpt>
      <trkpt lat="-33.3956937566209" lon="-70.4153411824327">        <ele>2198.62540063921</ele>        <time></time>      </trkpt>
      <trkpt lat="-33.3960206507394" lon="-70.4150422766545">        <ele>2202.41620023026</ele>        <time></time>      </trkpt>
      <trkpt lat="-33.3964689673552" lon="-70.4151134213636">        <ele>2210.19299297609</ele>        <time></time>      </trkpt>
      <trkpt lat="-33.3969015821708" lon="-70.4152131614341">        <ele>2224.06380440883</ele>        <time></time>      </trkpt>
      <trkpt lat="-33.3973409185811" lon="-70.415255724344">        <ele>2245.85271441114</ele>        <time></time>      </trkpt>
      <trkpt lat="-33.3977059279299" lon="-70.4152723340519">        <ele>2261.59377797415</ele>        <time></time>      </trkpt>
      <trkpt lat="-33.3981177185928" lon="-70.4153691520065">        <ele>2283.07380457785</ele>        <time></time>      </trkpt>
      <trkpt lat="-33.398413465336" lon="-70.4152527495335">        <ele>2297.36166785163</ele>        <time></time>      </trkpt>
      <trkpt lat="-33.3988376105994" lon="-70.4151891642715">        <ele>2319.56748792875</ele>        <time></time>      </trkpt>
      <trkpt lat="-33.3992430020063" lon="-70.4149923619958">        <ele>2337.92774875308</ele>        <time></time>      </trkpt>
      <trkpt lat="-33.3993967252893" lon="-70.4145718420642">        <ele>2340.11351641406</ele>        <time></time>      </trkpt>
      <trkpt lat="-33.3991913055024" lon="-70.4146340833471">        <ele>2336.82592455077</ele>        <time></time>      </trkpt>
      <trkpt lat="-33.399602" lon="-70.414855">        <ele>2343.18289065757</ele>        <time></time>      </trkpt>
      <trkpt lat="-33.399602" lon="-70.414855">        <ele>2343.18530960589</ele>        <time></time>      </trkpt>
      <trkpt lat="-33.3999953853447" lon="-70.4150696452763">        <ele>2343.06981825418</ele>        <time></time>      </trkpt>
      <trkpt lat="-33.4003722947776" lon="-70.4153642727314">        <ele>2346.42416381938</ele>        <time></time>      </trkpt>
      <trkpt lat="-33.4007424642731" lon="-70.4156513175366">        <ele>2336.86151427347</ele>        <time></time>      </trkpt>
      <trkpt lat="-33.4011400555539" lon="-70.4158697911124">        <ele>2324.64958429997</ele>        <time></time>      </trkpt>
      <trkpt lat="-33.4015129344595" lon="-70.4159999715659">        <ele>2308.77281559425</ele>        <time></time>      </trkpt>
      <trkpt lat="-33.4019031140206" lon="-70.4162351440491">        <ele>2292.45837921928</ele>        <time></time>      </trkpt>
      <trkpt lat="-33.4022681600297" lon="-70.4163057091027">        <ele>2276.61818050776</ele>        <time></time>      </trkpt>
      <trkpt lat="-33.4026998246293" lon="-70.4163945888048">        <ele>2248.59614253628</ele>        <time></time>      </trkpt>
      <trkpt lat="-33.4029993901611" lon="-70.4167602676542">        <ele>2232.30365492477</ele>        <time></time>      </trkpt>
      <trkpt lat="-33.4033169532027" lon="-70.417117683307">        <ele>2220.7848037023</ele>        <time></time>      </trkpt>
      <trkpt lat="-33.4037276629266" lon="-70.4173290438994">        <ele>2226.76719119425</ele>        <time></time>      </trkpt>
      <trkpt lat="-33.4041242783044" lon="-70.4175751313732">        <ele>2235.62460633037</ele>        <time></time>      </trkpt>
      <trkpt lat="-33.4044786260817" lon="-70.4178768142733">        <ele>2232.14369119668</ele>        <time></time>      </trkpt>
      <trkpt lat="-33.4049200275426" lon="-70.4179546745116">        <ele>2241.85702817417</ele>        <time></time>      </trkpt>
      <trkpt lat="-33.4053544323453" lon="-70.4180451803518">        <ele>2242.89791606668</ele>        <time></time>      </trkpt>
      <trkpt lat="-33.4057832443238" lon="-70.418179490241">        <ele>2246.20529004719</ele>        <time></time>      </trkpt>
      <trkpt lat="-33.4058529591528" lon="-70.4186583366626">        <ele>2256.14469844237</ele>        <time></time>      </trkpt>
      <trkpt lat="-33.4061911831269" lon="-70.4187331004599">        <ele>2263.42706128591</ele>        <time></time>      </trkpt>
      <trkpt lat="-33.4065964452004" lon="-70.4186291802054">        <ele>2269.44692826008</ele>        <time></time>      </trkpt>
      <trkpt lat="-33.4070366375625" lon="-70.4186906730718">        <ele>2280.6175576345</ele>        <time></time>      </trkpt>
      <trkpt lat="-33.4073380155727" lon="-70.4190766916688">        <ele>2285.16184468242</ele>        <time></time>      </trkpt>
      <trkpt lat="-33.4077128556019" lon="-70.4193407374318">        <ele>2281.5222960245</ele>        <time></time>      </trkpt>
      <trkpt lat="-33.4080890034631" lon="-70.4196194709899">        <ele>2275.95672985898</ele>        <time></time>      </trkpt>
      <trkpt lat="-33.4083182250625" lon="-70.4199803967581">        <ele>2281.85424546112</ele>        <time></time>      </trkpt>
      <trkpt lat="-33.408604341796" lon="-70.4202912586384">        <ele>2293.34187763023</ele>        <time></time>      </trkpt>
      <trkpt lat="-33.4088781581766" lon="-70.420601264564">        <ele>2297.49327841851</ele>        <time></time>      </trkpt>
      <trkpt lat="-33.4090026822008" lon="-70.4211103671783">        <ele>2335.73474949134</ele>        <time></time>      </trkpt>
      <trkpt lat="-33.4091309129936" lon="-70.4215803397972">        <ele>2359.2201478234</ele>        <time></time>      </trkpt>
      <trkpt lat="-33.409110036692" lon="-70.4219577004589">        <ele>2373.52459656039</ele>        <time></time>      </trkpt>
      <trkpt lat="-33.4088831436385" lon="-70.4224060899199">        <ele>2388.6117183946</ele>        <time></time>      </trkpt>
      <trkpt lat="-33.4087594636379" lon="-70.4228684578509">        <ele>2399.9814957684</ele>        <time></time>      </trkpt>
      <trkpt lat="-33.4088816172295" lon="-70.4233155735197">        <ele>2425.70776443455</ele>        <time></time>      </trkpt>
      <trkpt lat="-33.4088625580613" lon="-70.4238010734769">        <ele>2440.58894702533</ele>        <time></time>      </trkpt>
      <trkpt lat="-33.4088576644035" lon="-70.4242459770656">        <ele>2452.54867328503</ele>        <time></time>      </trkpt>
      <trkpt lat="-33.4088116297723" lon="-70.4247370782192">        <ele>2459.53390973802</ele>        <time></time>      </trkpt>
      <trkpt lat="-33.409102574718" lon="-70.4249204142376">        <ele>2483.96989266987</ele>        <time></time>      </trkpt>
      <trkpt lat="-33.4094659329386" lon="-70.4251100713053">        <ele>2504.72951193603</ele>        <time></time>      </trkpt>
      <trkpt lat="-33.4097981851374" lon="-70.4254027133348">        <ele>2521.95544889434</ele>        <time></time>      </trkpt>
      <trkpt lat="-33.4101380261615" lon="-70.4257350560121">        <ele>2524.71095881787</ele>        <time></time>      </trkpt>
      <trkpt lat="-33.4102972526351" lon="-70.4261673473149">        <ele>2531.82160586997</ele>        <time></time>      </trkpt>
      <trkpt lat="-33.410632403312" lon="-70.4265012161325">        <ele>2541.26128346053</ele>        <time></time>      </trkpt>
      <trkpt lat="-33.4110289411911" lon="-70.4267179558892">        <ele>2546.87453793795</ele>        <time></time>      </trkpt>
      <trkpt lat="-33.4114576415971" lon="-70.4268621759972">        <ele>2551.1232534648</ele>        <time></time>      </trkpt>
      <trkpt lat="-33.4118496084059" lon="-70.4270979126998">        <ele>2554.55558138509</ele>        <time></time>      </trkpt>
      <trkpt lat="-33.4122393216979" lon="-70.4272989349627">        <ele>2553.26943982293</ele>        <time></time>      </trkpt>
      <trkpt lat="-33.4125388458048" lon="-70.4269276084494">        <ele>2555.03613459102</ele>        <time></time>      </trkpt>
      <trkpt lat="-33.4129455995728" lon="-70.4270088796536">        <ele>2560.07886137955</ele>        <time></time>      </trkpt>
      <trkpt lat="-33.4133048838125" lon="-70.4273228930047">        <ele>2558.66126570363</ele>        <time></time>      </trkpt>
      <trkpt lat="-33.413672655982" lon="-70.4276255274254">        <ele>2563.59500734005</ele>        <time></time>      </trkpt>
      <trkpt lat="-33.4140754019652" lon="-70.4278666114897">        <ele>2568.66947644551</ele>        <time></time>      </trkpt>
      <trkpt lat="-33.414483994292" lon="-70.4280496650006">        <ele>2566.85774440502</ele>        <time></time>      </trkpt>
      <trkpt lat="-33.4149121329081" lon="-70.4281733624207">        <ele>2569.59014802475</ele>        <time></time>      </trkpt>
      <trkpt lat="-33.4153462483991" lon="-70.4282828339825">        <ele>2573.69620084574</ele>        <time></time>      </trkpt>
      <trkpt lat="-33.415745643953" lon="-70.4285225903851">        <ele>2570.31543342034</ele>        <time></time>      </trkpt>
      <trkpt lat="-33.4161683071099" lon="-70.4286423205018">        <ele>2571.83752750734</ele>        <time></time>      </trkpt>
      <trkpt lat="-33.416594" lon="-70.428524">        <ele>2584.35980802657</ele>        <time></time>      </trkpt>
      <trkpt lat="-33.416594" lon="-70.428524">        <ele>2584.53398639018</ele>        <time></time>      </trkpt>
      <trkpt lat="-33.4169750429034" lon="-70.4284310329976">        <ele>2596.2892310085</ele>        <time></time>      </trkpt>
      <trkpt lat="-33.4171621842805" lon="-70.4288767092644">        <ele>2609.60384002542</ele>        <time></time>      </trkpt>
      <trkpt lat="-33.4174267913294" lon="-70.429311294448">        <ele>2610.46122368174</ele>        <time></time>      </trkpt>
      <trkpt lat="-33.4177367322725" lon="-70.429676770303">        <ele>2608.39474308112</ele>        <time></time>      </trkpt>
      <trkpt lat="-33.4181184486536" lon="-70.4299359596125">        <ele>2615.46139978359</ele>        <time></time>      </trkpt>
      <trkpt lat="-33.4184825702082" lon="-70.4301974149328">        <ele>2620.78352420209</ele>        <time></time>      </trkpt>
      <trkpt lat="-33.4188819396715" lon="-70.4304398949309">        <ele>2623.59914258659</ele>        <time></time>      </trkpt>
      <trkpt lat="-33.4192932939517" lon="-70.4306547410665">        <ele>2628.63184069388</ele>        <time></time>      </trkpt>
      <trkpt lat="-33.4197159289465" lon="-70.4308161713884">        <ele>2630.45165216057</ele>        <time></time>      </trkpt>
      <trkpt lat="-33.4201564456926" lon="-70.430857960093">        <ele>2634.61637298281</ele>        <time></time>      </trkpt>
      <trkpt lat="-33.4205361040832" lon="-70.4311300733566">        <ele>2639.8436933713</ele>        <time></time>      </trkpt>
      <trkpt lat="-33.4209238946431" lon="-70.4313892239342">        <ele>2648.35895068064</ele>        <time></time>      </trkpt>
      <trkpt lat="-33.4213292503083" lon="-70.4316061877261">        <ele>2657.73229365749</ele>        <time></time>      </trkpt>
      <trkpt lat="-33.4217037438969" lon="-70.4318939085282">        <ele>2673.36037762249</ele>        <time></time>      </trkpt>
      <trkpt lat="-33.4220713878353" lon="-70.4321390028522">        <ele>2677.50495437333</ele>        <time></time>      </trkpt>
      <trkpt lat="-33.422449280743" lon="-70.4324277644986">        <ele>2678.03161220378</ele>        <time></time>      </trkpt>
      <trkpt lat="-33.4228235212963" lon="-70.4327183589337">        <ele>2679.02312201977</ele>        <time></time>      </trkpt>
      <trkpt lat="-33.4232233958566" lon="-70.4329638504229">        <ele>2681.32641217066</ele>        <time></time>      </trkpt>
      <trkpt lat="-33.4236059677818" lon="-70.4332319025849">        <ele>2684.7315586147</ele>        <time></time>      </trkpt>
      <trkpt lat="-33.4239901741469" lon="-70.4334978667521">        <ele>2687.88858825967</ele>        <time></time>      </trkpt>
      <trkpt lat="-33.4244076782812" lon="-70.4336951342926">        <ele>2687.4590641664</ele>        <time></time>      </trkpt>
      <trkpt lat="-33.4246770909985" lon="-70.4340785991901">        <ele>2689.46536664677</ele>        <time></time>      </trkpt>
      <trkpt lat="-33.4250346379633" lon="-70.434393324771">        <ele>2694.85997514539</ele>        <time></time>      </trkpt>
      <trkpt lat="-33.4253959212377" lon="-70.4346619520929">        <ele>2710.64463723611</ele>        <time></time>      </trkpt>
      <trkpt lat="-33.4257606765519" lon="-70.4349731195906">        <ele>2721.26217884251</ele>        <time></time>      </trkpt>
      <trkpt lat="-33.4261560346531" lon="-70.4351021733955">        <ele>2736.70108179939</ele>        <time></time>      </trkpt>
      <trkpt lat="-33.4265268938341" lon="-70.4351943523789">        <ele>2742.76896924714</ele>        <time></time>      </trkpt>
      <trkpt lat="-33.4264784578308" lon="-70.4354038020687">        <ele>2741.47338527435</ele>        <time></time>      </trkpt>
      <trkpt lat="-33.4262865518193" lon="-70.4358911676853">        <ele>2729.65420094026</ele>        <time></time>      </trkpt>
      <trkpt lat="-33.4262046544726" lon="-70.4364218621359">        <ele>2724.95074339165</ele>        <time></time>      </trkpt>
      <trkpt lat="-33.4261168101431" lon="-70.4369508086546">        <ele>2720.97105201608</ele>        <time></time>      </trkpt>
      <trkpt lat="-33.4258992341848" lon="-70.437420311216">        <ele>2724.69176374</ele>        <time></time>      </trkpt>
      <trkpt lat="-33.4256629651192" lon="-70.437869339463">        <ele>2732.12981245837</ele>        <time></time>      </trkpt>
      <trkpt lat="-33.425677278718" lon="-70.4383881793956">        <ele>2731.66918956684</ele>        <time></time>      </trkpt>
      <trkpt lat="-33.425447929281" lon="-70.4388397814826">        <ele>2725.25541120712</ele>        <time></time>      </trkpt>
      <trkpt lat="-33.425333191" lon="-70.439353053">        <ele>2718.63465537581</ele>        <time></time>      </trkpt>
      <trkpt lat="-33.425333191" lon="-70.439353053">        <ele>2718.78137029468</ele>        <time></time>      </trkpt>
      <trkpt lat="-33.4251067920861" lon="-70.4396985793305">        <ele>2705.52983862235</ele>        <time></time>      </trkpt>
      <trkpt lat="-33.4250018578207" lon="-70.4401915947257">        <ele>2683.08552752829</ele>        <time></time>      </trkpt>
      <trkpt lat="-33.4249612970788" lon="-70.4407035975091">        <ele>2662.95190443303</ele>        <time></time>      </trkpt>
      <trkpt lat="-33.4249438691485" lon="-70.4411590852633">        <ele>2641.41502328074</ele>        <time></time>      </trkpt>
      <trkpt lat="-33.4249539483999" lon="-70.441678437364">        <ele>2617.01047596715</ele>        <time></time>      </trkpt>
      <trkpt lat="-33.4248318376312" lon="-70.4422078677294">        <ele>2599.17906065166</ele>        <time></time>      </trkpt>
      <trkpt lat="-33.4246060386355" lon="-70.4426712382301">        <ele>2599.14717327804</ele>        <time></time>      </trkpt>
      <trkpt lat="-33.4246300458838" lon="-70.443205461794">        <ele>2591.89838235456</ele>        <time></time>      </trkpt>
      <trkpt lat="-33.4244766543527" lon="-70.4437205851811">        <ele>2584.38033702136</ele>        <time></time>      </trkpt>
      <trkpt lat="-33.4245233776712" lon="-70.4442157731688">        <ele>2579.92365599388</ele>        <time></time>      </trkpt>
      <trkpt lat="-33.4243650624456" lon="-70.4446963447559">        <ele>2556.2130757105</ele>        <time></time>      </trkpt>
      <trkpt lat="-33.4240068590298" lon="-70.4449785700687">        <ele>2549.34748307976</ele>        <time></time>      </trkpt>
      <trkpt lat="-33.4237998850058" lon="-70.4454076662589">        <ele>2526.04771953591</ele>        <time></time>      </trkpt>
      <trkpt lat="-33.4233407249142" lon="-70.4453820801289">        <ele>2508.96548317112</ele>        <time></time>      </trkpt>
      <trkpt lat="-33.4229979718038" lon="-70.4456497280154">        <ele>2491.22101566425</ele>        <time></time>      </trkpt>
      <trkpt lat="-33.422687122814" lon="-70.4459698753503">        <ele>2471.64107625181</ele>        <time></time>      </trkpt>
      <trkpt lat="-33.4223794886248" lon="-70.4463139534096">        <ele>2452.17945759776</ele>        <time></time>      </trkpt>
      <trkpt lat="-33.4222893318424" lon="-70.4468478957272">        <ele>2439.73246883957</ele>        <time></time>      </trkpt>
      <trkpt lat="-33.4221003348208" lon="-70.4473154871389">        <ele>2436.4642606746</ele>        <time></time>      </trkpt>
      <trkpt lat="-33.4219652400941" lon="-70.4478212686648">        <ele>2427.88061506781</ele>        <time></time>      </trkpt>
      <trkpt lat="-33.4216208894667" lon="-70.4481693791841">        <ele>2416.39049636657</ele>        <time></time>      </trkpt>
      <trkpt lat="-33.4212899061262" lon="-70.4485081863434">        <ele>2404.74874848214</ele>        <time></time>      </trkpt>
      <trkpt lat="-33.4209382554572" lon="-70.4487749714848">        <ele>2394.02031163324</ele>        <time></time>      </trkpt>
      <trkpt lat="-33.4206642834953" lon="-70.4492200545099">        <ele>2372.85467245091</ele>        <time></time>      </trkpt>
      <trkpt lat="-33.420540648" lon="-70.449661024">        <ele>2363.97228928454</ele>        <time></time>      </trkpt>
      <trkpt lat="-33.420540648" lon="-70.449661024">        <ele>2364.01498651869</ele>        <time></time>      </trkpt>
      <trkpt lat="-33.4201285538146" lon="-70.4498912089223">        <ele>2353.82861224119</ele>        <time></time>      </trkpt>
      <trkpt lat="-33.4198218494951" lon="-70.4501829825871">        <ele>2333.1704043767</ele>        <time></time>      </trkpt>
      <trkpt lat="-33.4194399071433" lon="-70.4504530056632">        <ele>2313.87276308066</ele>        <time></time>      </trkpt>
      <trkpt lat="-33.4191452593663" lon="-70.4507950683066">        <ele>2300.18041166831</ele>        <time></time>      </trkpt>
      <trkpt lat="-33.4189782895319" lon="-70.4512524386207">        <ele>2276.74571140788</ele>        <time></time>      </trkpt>
      <trkpt lat="-33.4187212116555" lon="-70.4516443793315">        <ele>2255.80998733535</ele>        <time></time>      </trkpt>
      <trkpt lat="-33.418361758574" lon="-70.4518374256295">        <ele>2238.01458584584</ele>        <time></time>      </trkpt>
      <trkpt lat="-33.4179639638135" lon="-70.451977763249">        <ele>2221.84763178596</ele>        <time></time>      </trkpt>
      <trkpt lat="-33.4176003538077" lon="-70.4522783981887">        <ele>2201.09800189373</ele>        <time></time>      </trkpt>
      <trkpt lat="-33.4172931187829" lon="-70.4526017953972">        <ele>2186.82133153264</ele>        <time></time>      </trkpt>
      <trkpt lat="-33.4169530730794" lon="-70.4529615476248">        <ele>2171.3553634583</ele>        <time></time>      </trkpt>
      <trkpt lat="-33.4165366002732" lon="-70.453183803362">        <ele>2154.96190725385</ele>        <time></time>      </trkpt>
      <trkpt lat="-33.4160973629898" lon="-70.4533216310933">        <ele>2140.73321094327</ele>        <time></time>      </trkpt>
      <trkpt lat="-33.4164289683861" lon="-70.4535436266411">        <ele>2145.22963744457</ele>        <time></time>      </trkpt>
      <trkpt lat="-33.4165914255997" lon="-70.4540459596678">        <ele>2132.91934452287</ele>        <time></time>      </trkpt>
      <trkpt lat="-33.4169340666" lon="-70.4544062410727">        <ele>2132.88777887007</ele>        <time></time>      </trkpt>
      <trkpt lat="-33.4173206272338" lon="-70.4546992897224">        <ele>2136.5209369966</ele>        <time></time>      </trkpt>
      <trkpt lat="-33.4177068433474" lon="-70.4549876219855">        <ele>2131.62309309488</ele>        <time></time>      </trkpt>
      <trkpt lat="-33.4180998687124" lon="-70.4552567834848">        <ele>2120.24235493897</ele>        <time></time>      </trkpt>
      <trkpt lat="-33.418475087254" lon="-70.4555686578703">        <ele>2114.3301340613</ele>        <time></time>      </trkpt>
      <trkpt lat="-33.4188050356889" lon="-70.4559291973657">        <ele>2118.04586247332</ele>        <time></time>      </trkpt>
      <trkpt lat="-33.4192222817354" lon="-70.4560425932058">        <ele>2125.92040773164</ele>        <time></time>      </trkpt>
      <trkpt lat="-33.4196595043235" lon="-70.4559005548253">        <ele>2130.84237400658</ele>        <time></time>      </trkpt>
      <trkpt lat="-33.4200934954229" lon="-70.4560369470487">        <ele>2122.42255702444</ele>        <time></time>      </trkpt>
      <trkpt lat="-33.4205101682483" lon="-70.4562348082412">        <ele>2105.74617875892</ele>        <time></time>      </trkpt>
      <trkpt lat="-33.4209018839264" lon="-70.4565001895508">        <ele>2087.43993192152</ele>        <time></time>      </trkpt>
      <trkpt lat="-33.421277733558" lon="-70.4567846676126">        <ele>2074.68479789974</ele>        <time></time>      </trkpt>
      <trkpt lat="-33.4215647836262" lon="-70.4565157904977">        <ele>2065.03524814597</ele>        <time></time>      </trkpt>
      <trkpt lat="-33.421693224004" lon="-70.4559981093644">        <ele>2060.25842904698</ele>        <time></time>      </trkpt>
      <trkpt lat="-33.4220336703521" lon="-70.4557132944376">        <ele>2054.89625904716</ele>        <time></time>      </trkpt>
      <trkpt lat="-33.422417688238" lon="-70.4555746969112">        <ele>2061.10272447827</ele>        <time></time>      </trkpt>
      <trkpt lat="-33.4228619199477" lon="-70.4556915206847">        <ele>2070.90709801029</ele>        <time></time>      </trkpt>
      <trkpt lat="-33.4232619200399" lon="-70.4559576988389">        <ele>2056.46433140903</ele>        <time></time>      </trkpt>
      <trkpt lat="-33.4237002378539" lon="-70.4561175245478">        <ele>2061.85715208544</ele>        <time></time>      </trkpt>
      <trkpt lat="-33.4241178855253" lon="-70.4563479320802">        <ele>2069.47058002998</ele>        <time></time>      </trkpt>
      <trkpt lat="-33.42454465" lon="-70.456547447">        <ele>2070.7520194806</ele>        <time></time>      </trkpt>
      <trkpt lat="-33.42454465" lon="-70.456547447">        <ele>2070.57005690616</ele>        <time></time>      </trkpt>
      <trkpt lat="-33.4248909325705" lon="-70.4568763942017">        <ele>2071.34384390989</ele>        <time></time>      </trkpt>
      <trkpt lat="-33.4252812363304" lon="-70.4570300618782">        <ele>2059.91579391647</ele>        <time></time>      </trkpt>
      <trkpt lat="-33.4256675743435" lon="-70.4571391159426">        <ele>2039.15862115443</ele>        <time></time>      </trkpt>
      <trkpt lat="-33.426082638068" lon="-70.4572875358605">        <ele>2015.93143519071</ele>        <time></time>      </trkpt>
      <trkpt lat="-33.4264663979134" lon="-70.4574957756328">        <ele>1997.55699103611</ele>        <time></time>      </trkpt>
      <trkpt lat="-33.4267993439429" lon="-70.4577845576769">        <ele>1986.28327971043</ele>        <time></time>      </trkpt>
      <trkpt lat="-33.4272080614123" lon="-70.4579675160589">        <ele>1965.49463342098</ele>        <time></time>      </trkpt>
      <trkpt lat="-33.427400459712" lon="-70.4577300750363">        <ele>1960.10404917944</ele>        <time></time>      </trkpt>
      <trkpt lat="-33.4274479749312" lon="-70.4573940710386">        <ele>1954.46990533564</ele>        <time></time>      </trkpt>
      <trkpt lat="-33.4278448695458" lon="-70.4572912416536">        <ele>1939.40449038815</ele>        <time></time>      </trkpt>
      <trkpt lat="-33.4282769113265" lon="-70.4571488904942">        <ele>1921.19050046939</ele>        <time></time>      </trkpt>
      <trkpt lat="-33.4287123458975" lon="-70.4570083111216">        <ele>1905.54462550416</ele>        <time></time>      </trkpt>
      <trkpt lat="-33.4291319885635" lon="-70.4568328146975">        <ele>1892.09842133608</ele>        <time></time>      </trkpt>
      <trkpt lat="-33.4295596386243" lon="-70.4567769022571">        <ele>1883.08367162157</ele>        <time></time>      </trkpt>
      <trkpt lat="-33.4299992025326" lon="-70.4567092589782">        <ele>1874.90329081124</ele>        <time></time>      </trkpt>
      <trkpt lat="-33.4304442131685" lon="-70.4566749820818">        <ele>1857.39730131267</ele>        <time></time>      </trkpt>
      <trkpt lat="-33.4308855712864" lon="-70.4565622605375">        <ele>1850.47185838851</ele>        <time></time>      </trkpt>
      <trkpt lat="-33.4313222530741" lon="-70.4564484162945">        <ele>1838.73026794259</ele>        <time></time>      </trkpt>
      <trkpt lat="-33.4316938351266" lon="-70.4564441982663">        <ele>1818.43575062973</ele>        <time></time>      </trkpt>
      <trkpt lat="-33.4319269494554" lon="-70.4568933044139">        <ele>1801.41011479814</ele>        <time></time>      </trkpt>
      <trkpt lat="-33.4322610099153" lon="-70.4571315029158">        <ele>1782.63880589497</ele>        <time></time>      </trkpt>
      <trkpt lat="-33.4323814417153" lon="-70.4575839867884">        <ele>1766.78144646511</ele>        <time></time>      </trkpt>
      <trkpt lat="-33.4327214334825" lon="-70.4575082611439">        <ele>1771.46470326261</ele>        <time></time>      </trkpt>
      <trkpt lat="-33.4325532721229" lon="-70.4570182955969">        <ele>1783.27281267979</ele>        <time></time>      </trkpt>
      <trkpt lat="-33.4323497772891" lon="-70.456537547196">        <ele>1800.74683461945</ele>        <time></time>      </trkpt>
      <trkpt lat="-33.4326304716537" lon="-70.4566004730369">        <ele>1804.81153108504</ele>        <time></time>      </trkpt>
      <trkpt lat="-33.433057995304" lon="-70.4567280385435">        <ele>1817.14283451706</ele>        <time></time>      </trkpt>
      <trkpt lat="-33.4334544622696" lon="-70.4569866134554">        <ele>1827.0779012842</ele>        <time></time>      </trkpt>
      <trkpt lat="-33.43383927704" lon="-70.457273477047">        <ele>1824.33556064437</ele>        <time></time>      </trkpt>
      <trkpt lat="-33.4342654796449" lon="-70.45722614015">        <ele>1824.93343476299</ele>        <time></time>      </trkpt>
      <trkpt lat="-33.4347090365524" lon="-70.4571154301984">        <ele>1826.70052202334</ele>        <time></time>      </trkpt>
      <trkpt lat="-33.4351578998522" lon="-70.4571236884111">        <ele>1829.95043959998</ele>        <time></time>      </trkpt>
      <trkpt lat="-33.4356089895595" lon="-70.4570740127652">        <ele>1843.87684100827</ele>        <time></time>      </trkpt>
      <trkpt lat="-33.4360530044811" lon="-70.4571918158566">        <ele>1839.24350659749</ele>        <time></time>      </trkpt>
      <trkpt lat="-33.4365039005731" lon="-70.4572643754554">        <ele>1855.15683697571</ele>        <time></time>      </trkpt>
      <trkpt lat="-33.4368447570388" lon="-70.4575776310214">        <ele>1852.06494556037</ele>        <time></time>      </trkpt>
      <trkpt lat="-33.4370180336955" lon="-70.4580736213551">        <ele>1832.95160473436</ele>        <time></time>      </trkpt>
      <trkpt lat="-33.4374029552372" lon="-70.458253791541">        <ele>1824.32134520629</ele>        <time></time>      </trkpt>
      <trkpt lat="-33.4376840427267" lon="-70.4582104575503">        <ele>1814.22407387373</ele>        <time></time>      </trkpt>
      <trkpt lat="-33.438045685913" lon="-70.4583543544329">        <ele>1797.42876326522</ele>        <time></time>      </trkpt>
      <trkpt lat="-33.43839084564" lon="-70.4583935188451">        <ele>1785.30478458671</ele>        <time></time>      </trkpt>
      <trkpt lat="-33.4387690727007" lon="-70.458499885023">        <ele>1765.02242748765</ele>        <time></time>      </trkpt>
      <trkpt lat="-33.4391606529469" lon="-70.4584534714584">        <ele>1747.07461582644</ele>        <time></time>      </trkpt>
      <trkpt lat="-33.4395677474996" lon="-70.4583625595633">        <ele>1741.06961509349</ele>        <time></time>      </trkpt>
      <trkpt lat="-33.439948573" lon="-70.458249302">        <ele>1745.6717003565</ele>        <time></time>      </trkpt>
      <trkpt lat="-33.439948573" lon="-70.458249302">        <ele>1745.69979237071</ele>        <time></time>      </trkpt>
      <trkpt lat="-33.4403035767765" lon="-70.4581450287511">        <ele>1748.34910347644</ele>        <time></time>      </trkpt>
      <trkpt lat="-33.4407403665569" lon="-70.4582185122517">        <ele>1742.89177502078</ele>        <time></time>      </trkpt>
      <trkpt lat="-33.4411658950941" lon="-70.4583975036484">        <ele>1734.98803723673</ele>        <time></time>      </trkpt>
      <trkpt lat="-33.4414752264095" lon="-70.4587539776598">        <ele>1730.61725377095</ele>        <time></time>      </trkpt>
      <trkpt lat="-33.4418063453177" lon="-70.4590933663046">        <ele>1715.37042407503</ele>        <time></time>      </trkpt>
      <trkpt lat="-33.4420967879022" lon="-70.4594899971562">        <ele>1695.25313062413</ele>        <time></time>      </trkpt>
      <trkpt lat="-33.4424233798776" lon="-70.459864863121">        <ele>1695.86100424331</ele>        <time></time>      </trkpt>
      <trkpt lat="-33.4428038561385" lon="-70.4601570739878">        <ele>1693.6289488789</ele>        <time></time>      </trkpt>
      <trkpt lat="-33.4431938221111" lon="-70.4604303030133">        <ele>1683.7038077842</ele>        <time></time>      </trkpt>
      <trkpt lat="-33.4435821209912" lon="-70.4606966418633">        <ele>1685.43743127761</ele>        <time></time>      </trkpt>
      <trkpt lat="-33.4438908229898" lon="-70.4610838069822">        <ele>1683.13903766303</ele>        <time></time>      </trkpt>
      <trkpt lat="-33.4442113157185" lon="-70.4614365960898">        <ele>1675.49387640377</ele>        <time></time>      </trkpt>
      <trkpt lat="-33.4445881980572" lon="-70.4617339089027">        <ele>1662.12703307747</ele>        <time></time>      </trkpt>
      <trkpt lat="-33.4446403332652" lon="-70.4621965477281">        <ele>1634.51353606397</ele>        <time></time>      </trkpt>
      <trkpt lat="-33.4450125966555" lon="-70.4624518343826">        <ele>1624.62199627399</ele>        <time></time>      </trkpt>
      <trkpt lat="-33.4449564355044" lon="-70.4629455703108">        <ele>1612.18401791087</ele>        <time></time>      </trkpt>
      <trkpt lat="-33.4446236368108" lon="-70.463298655815">        <ele>1602.24549096704</ele>        <time></time>      </trkpt>
      <trkpt lat="-33.4442059536258" lon="-70.4634814311245">        <ele>1592.04063394094</ele>        <time></time>      </trkpt>
      <trkpt lat="-33.4438096508346" lon="-70.4634003670956">        <ele>1585.91827567611</ele>        <time></time>      </trkpt>
      <trkpt lat="-33.4434394450081" lon="-70.46313551436">        <ele>1581.81318139474</ele>        <time></time>      </trkpt>
      <trkpt lat="-33.4431028950858" lon="-70.4627900819564">        <ele>1577.64230463684</ele>        <time></time>      </trkpt>
      <trkpt lat="-33.4427131251486" lon="-70.462532281296">        <ele>1573.56366478042</ele>        <time></time>      </trkpt>
      <trkpt lat="-33.4422942351146" lon="-70.4623496366893">        <ele>1569.98384863626</ele>        <time></time>      </trkpt>
      <trkpt lat="-33.4419280859812" lon="-70.4620513450431">        <ele>1571.77627820576</ele>        <time></time>      </trkpt>
      <trkpt lat="-33.4415982780282" lon="-70.461752519924">        <ele>1575.9118985549</ele>        <time></time>      </trkpt>
      <trkpt lat="-33.4411949816597" lon="-70.4616429692349">        <ele>1572.39739869429</ele>        <time></time>      </trkpt>
      <trkpt lat="-33.440909044269" lon="-70.461970627494">        <ele>1569.52153090305</ele>        <time></time>      </trkpt>
      <trkpt lat="-33.440709984388" lon="-70.4624520754521">        <ele>1555.74394502905</ele>        <time></time>      </trkpt>
      <trkpt lat="-33.4404341820185" lon="-70.4628775376596">        <ele>1558.90503260229</ele>        <time></time>      </trkpt>
      <trkpt lat="-33.4403369164299" lon="-70.4633865997272">        <ele>1555.47315813894</ele>        <time></time>      </trkpt>
      <trkpt lat="-33.4404713493523" lon="-70.4638916899525">        <ele>1543.42784807831</ele>        <time></time>      </trkpt>
      <trkpt lat="-33.4402502810606" lon="-70.4643339076698">        <ele>1540.23247158797</ele>        <time></time>      </trkpt>
      <trkpt lat="-33.4399429118616" lon="-70.4647145841596">        <ele>1534.53123592375</ele>        <time></time>      </trkpt>
      <trkpt lat="-33.4396596062191" lon="-70.4651161034537">        <ele>1528.10962503937</ele>        <time></time>      </trkpt>
      <trkpt lat="-33.4392379489162" lon="-70.4652476883474">        <ele>1531.62991530823</ele>        <time></time>      </trkpt>
      <trkpt lat="-33.4388151175019" lon="-70.4653529480621">        <ele>1538.41517776025</ele>        <time></time>      </trkpt>
      <trkpt lat="-33.4385579828876" lon="-70.4657942530331">        <ele>1529.93373985554</ele>        <time></time>      </trkpt>
      <trkpt lat="-33.4382254947388" lon="-70.4661560236264">        <ele>1529.58586391878</ele>        <time></time>      </trkpt>
      <trkpt lat="-33.4378092191671" lon="-70.4663467862466">        <ele>1525.84010102813</ele>        <time></time>      </trkpt>
      <trkpt lat="-33.4374040207708" lon="-70.4665490508405">        <ele>1527.49682258539</ele>        <time></time>      </trkpt>
      <trkpt lat="-33.4370940140434" lon="-70.4669359743944">        <ele>1517.11353594226</ele>        <time></time>      </trkpt>
      <trkpt lat="-33.436769647367" lon="-70.4673063886289">        <ele>1511.26310908014</ele>        <time></time>      </trkpt>
      <trkpt lat="-33.4363590956857" lon="-70.4675179501753">        <ele>1509.56777253352</ele>        <time></time>      </trkpt>
      <trkpt lat="-33.4359801669126" lon="-70.4677870217643">        <ele>1502.21889777199</ele>        <time></time>      </trkpt>
      <trkpt lat="-33.4355827874979" lon="-70.4679181129393">        <ele>1492.724374493</ele>        <time></time>      </trkpt>
      <trkpt lat="-33.4355369156475" lon="-70.4684259122311">        <ele>1475.06846408937</ele>        <time></time>      </trkpt>
      <trkpt lat="-33.435267201" lon="-70.468823669">        <ele>1466.8128943077</ele>        <time></time>      </trkpt>
      <trkpt lat="-33.435267201" lon="-70.468823669">        <ele>1466.87868735079</ele>        <time></time>      </trkpt>
      <trkpt lat="-33.4349636873031" lon="-70.4692169058483">        <ele>1464.31421009188</ele>        <time></time>      </trkpt>
      <trkpt lat="-33.4347047691157" lon="-70.4696588144115">        <ele>1462.47918665385</ele>        <time></time>      </trkpt>
      <trkpt lat="-33.4344586850548" lon="-70.4700926265498">        <ele>1453.83208274516</ele>        <time></time>      </trkpt>
      <trkpt lat="-33.4340811378144" lon="-70.4703955338149">        <ele>1458.26342869016</ele>        <time></time>      </trkpt>
      <trkpt lat="-33.4336586715312" lon="-70.4705899164121">        <ele>1456.86659249217</ele>        <time></time>      </trkpt>
      <trkpt lat="-33.4333151858065" lon="-70.4708877023504">        <ele>1451.31271659718</ele>        <time></time>      </trkpt>
      <trkpt lat="-33.4329577514909" lon="-70.4712218957073">        <ele>1447.60927038511</ele>        <time></time>      </trkpt>
      <trkpt lat="-33.4327023306743" lon="-70.4716675441887">        <ele>1447.05791723375</ele>        <time></time>      </trkpt>
      <trkpt lat="-33.4324023112199" lon="-70.4720508733952">        <ele>1444.60215397979</ele>        <time></time>      </trkpt>
      <trkpt lat="-33.4320703304471" lon="-70.4724113632354">        <ele>1443.20105212667</ele>        <time></time>      </trkpt>
      <trkpt lat="-33.4320289037232" lon="-70.4729579281074">        <ele>1449.10949691423</ele>        <time></time>      </trkpt>
      <trkpt lat="-33.4320771799161" lon="-70.4735034619313">        <ele>1451.41443282637</ele>        <time></time>      </trkpt>
      <trkpt lat="-33.4320896085301" lon="-70.4740499229606">        <ele>1452.06547718835</ele>        <time></time>      </trkpt>
      <trkpt lat="-33.4319598221151" lon="-70.4745536451804">        <ele>1449.39431717544</ele>        <time></time>      </trkpt>
      <trkpt lat="-33.4318052829217" lon="-70.4750736727229">        <ele>1446.15666223566</ele>        <time></time>      </trkpt>
      <trkpt lat="-33.4317270595452" lon="-70.4756150776499">        <ele>1449.95430036095</ele>        <time></time>      </trkpt>
      <trkpt lat="-33.4315388261955" lon="-70.4761175640683">        <ele>1455.67171859141</ele>        <time></time>      </trkpt>
      <trkpt lat="-33.4312659913368" lon="-70.4765606267421">        <ele>1464.19042230712</ele>        <time></time>      </trkpt>
      <trkpt lat="-33.4311037063611" lon="-70.47706330836">        <ele>1465.76606424039</ele>        <time></time>      </trkpt>
      <trkpt lat="-33.4313379293105" lon="-70.477490211042">        <ele>1481.4044034234</ele>        <time></time>      </trkpt>
      <trkpt lat="-33.431751852609" lon="-70.4777236580282">        <ele>1476.6604932159</ele>        <time></time>      </trkpt>
      <trkpt lat="-33.4321898246816" lon="-70.4779018907183">        <ele>1492.83397944778</ele>        <time></time>      </trkpt>
      <trkpt lat="-33.4326154434121" lon="-70.4781193953685">        <ele>1506.56665996423</ele>        <time></time>      </trkpt>
      <trkpt lat="-33.4330251891792" lon="-70.4783716957695">        <ele>1500.68630400546</ele>        <time></time>      </trkpt>
      <trkpt lat="-33.4328213784229" lon="-70.4787952761935">        <ele>1490.46536943677</ele>        <time></time>      </trkpt>
      <trkpt lat="-33.4323898451382" lon="-70.4789766665105">        <ele>1492.38531657921</ele>        <time></time>      </trkpt>
      <trkpt lat="-33.431963375" lon="-70.47917229">        <ele>1493.09903020513</ele>        <time></time>      </trkpt>
      <trkpt lat="-33.431963375" lon="-70.47917229">        <ele>1493.44235606242</ele>        <time></time>      </trkpt>
      <trkpt lat="-33.4315965531898" lon="-70.4794787343213">        <ele>1488.6913160423</ele>        <time></time>      </trkpt>
      <trkpt lat="-33.4312816104904" lon="-70.4798343297033">        <ele>1489.07264455124</ele>        <time></time>      </trkpt>
      <trkpt lat="-33.4310250029149" lon="-70.4802647590611">        <ele>1478.11240599966</ele>        <time></time>      </trkpt>
      <trkpt lat="-33.4307568744015" lon="-70.4806887906073">        <ele>1472.91640755067</ele>        <time></time>      </trkpt>
      <trkpt lat="-33.4304000372834" lon="-70.4809931085454">        <ele>1460.5082596657</ele>        <time></time>      </trkpt>
      <trkpt lat="-33.4299664802073" lon="-70.4811268807562">        <ele>1465.3775503013</ele>        <time></time>      </trkpt>
      <trkpt lat="-33.4297493809081" lon="-70.4814774306413">        <ele>1465.9416345591</ele>        <time></time>      </trkpt>
      <trkpt lat="-33.4298676110285" lon="-70.4819853002819">        <ele>1456.40190904901</ele>        <time></time>      </trkpt>
      <trkpt lat="-33.4297098691078" lon="-70.4824765616439">        <ele>1457.89585240988</ele>        <time></time>      </trkpt>
      <trkpt lat="-33.4293728236432" lon="-70.4828157729684">        <ele>1459.46426489462</ele>        <time></time>      </trkpt>
      <trkpt lat="-33.4289961037427" lon="-70.4831015244129">        <ele>1461.73268614778</ele>        <time></time>      </trkpt>
      <trkpt lat="-33.429040233827" lon="-70.4834718925863">        <ele>1457.13651407805</ele>        <time></time>      </trkpt>
      <trkpt lat="-33.4291712878661" lon="-70.4839608637354">        <ele>1455.34347253639</ele>        <time></time>      </trkpt>
      <trkpt lat="-33.4292375814655" lon="-70.4844284437467">        <ele>1465.61058443524</ele>        <time></time>      </trkpt>
      <trkpt lat="-33.4296669027037" lon="-70.4845377446448">        <ele>1466.22639281819</ele>        <time></time>      </trkpt>
      <trkpt lat="-33.4300887776159" lon="-70.484722089761">        <ele>1472.78364919925</ele>        <time></time>      </trkpt>
      <trkpt lat="-33.4305056352147" lon="-70.4848870549423">        <ele>1475.83580908315</ele>        <time></time>      </trkpt>
      <trkpt lat="-33.4309196005671" lon="-70.4850594331716">        <ele>1467.24082087756</ele>        <time></time>      </trkpt>
      <trkpt lat="-33.4307692866079" lon="-70.485518466616">        <ele>1469.64124875468</ele>        <time></time>      </trkpt>
      <trkpt lat="-33.4304939664111" lon="-70.4859277036857">        <ele>1468.19654159237</ele>        <time></time>      </trkpt>
      <trkpt lat="-33.4303675359026" lon="-70.4864396167161">        <ele>1468.60126222372</ele>        <time></time>      </trkpt>
      <trkpt lat="-33.4304227668311" lon="-70.4869616965504">        <ele>1465.8419356789</ele>        <time></time>      </trkpt>
      <trkpt lat="-33.4307144991968" lon="-70.4873614802922">        <ele>1461.79044872094</ele>        <time></time>      </trkpt>
      <trkpt lat="-33.4309611290766" lon="-70.4878087915152">        <ele>1461.95247732021</ele>        <time></time>      </trkpt>
      <trkpt lat="-33.4312092541136" lon="-70.4882442301631">        <ele>1454.23839024907</ele>        <time></time>      </trkpt>
      <trkpt lat="-33.4314169413777" lon="-70.4886955915747">        <ele>1453.85454535143</ele>        <time></time>      </trkpt>
      <trkpt lat="-33.4317845696067" lon="-70.4889907380566">        <ele>1451.58349601426</ele>        <time></time>      </trkpt>
      <trkpt lat="-33.4321236786624" lon="-70.4886893426121">        <ele>1448.46094915828</ele>        <time></time>      </trkpt>
      <trkpt lat="-33.432530219" lon="-70.488574165">        <ele>1447.25064730164</ele>        <time></time>      </trkpt>
      <trkpt lat="-33.432530219" lon="-70.488574165">        <ele>1447.21860456572</ele>        <time></time>      </trkpt>
      <trkpt lat="-33.432930517813" lon="-70.4887951494928">        <ele>1440.72854501867</ele>        <time></time>      </trkpt>
      <trkpt lat="-33.4330705814968" lon="-70.4892633927311">        <ele>1429.8572705171</ele>        <time></time>      </trkpt>
      <trkpt lat="-33.4328969735099" lon="-70.4897520773208">        <ele>1420.16505981001</ele>        <time></time>      </trkpt>
      <trkpt lat="-33.4326933202144" lon="-70.4901882903232">        <ele>1411.78799955944</ele>        <time></time>      </trkpt>
      <trkpt lat="-33.4324656916211" lon="-70.4906388145511">        <ele>1406.87415983809</ele>        <time></time>      </trkpt>
      <trkpt lat="-33.4323552037085" lon="-70.4911506327126">        <ele>1395.18742222202</ele>        <time></time>      </trkpt>
      <trkpt lat="-33.4323804975138" lon="-70.4914856162857">        <ele>1382.67825331433</ele>        <time></time>      </trkpt>
      <trkpt lat="-33.4323427269804" lon="-70.4917584413754">        <ele>1370.6991374475</ele>        <time></time>      </trkpt>
      <trkpt lat="-33.4322493021047" lon="-70.4921237789204">        <ele>1355.22753638005</ele>        <time></time>      </trkpt>
      <trkpt lat="-33.4321851910955" lon="-70.4924106051082">        <ele>1340.35071669002</ele>        <time></time>      </trkpt>
      <trkpt lat="-33.4319596886354" lon="-70.4928485693012">        <ele>1323.81817155202</ele>        <time></time>      </trkpt>
      <trkpt lat="-33.4317850733277" lon="-70.4933383692512">        <ele>1307.47197503652</ele>        <time></time>      </trkpt>
      <trkpt lat="-33.4315511892316" lon="-70.493792411873">        <ele>1297.75302084093</ele>        <time></time>      </trkpt>
      <trkpt lat="-33.4313095617496" lon="-70.4942366642047">        <ele>1284.44645877801</ele>        <time></time>      </trkpt>
      <trkpt lat="-33.4312373743692" lon="-70.4947505314778">        <ele>1268.23699061977</ele>        <time></time>      </trkpt>
      <trkpt lat="-33.4315892730114" lon="-70.4945818358645">        <ele>1261.65469382212</ele>        <time></time>      </trkpt>
      <trkpt lat="-33.4319640063343" lon="-70.4943538329128">        <ele>1256.40583463667</ele>        <time></time>      </trkpt>
      <trkpt lat="-33.4317866936985" lon="-70.494844682464">        <ele>1240.99497937691</ele>        <time></time>      </trkpt>
      <trkpt lat="-33.4316938167832" lon="-70.4953649787548">        <ele>1229.26722478969</ele>        <time></time>      </trkpt>
      <trkpt lat="-33.4315544815852" lon="-70.495871975536">        <ele>1218.72889389153</ele>        <time></time>      </trkpt>
      <trkpt lat="-33.4314354476606" lon="-70.496386044549">        <ele>1201.86764754513</ele>        <time></time>      </trkpt>
      <trkpt lat="-33.4313179316946" lon="-70.496904507128">        <ele>1196.90518923775</ele>        <time></time>      </trkpt>
      <trkpt lat="-33.4312421051099" lon="-70.4974255600015">        <ele>1189.8796453203</ele>        <time></time>      </trkpt>
      <trkpt lat="-33.4311689211453" lon="-70.4979377182491">        <ele>1183.82127443804</ele>        <time></time>      </trkpt>
      <trkpt lat="-33.4314425834991" lon="-70.498269653321">        <ele>1175.53706049436</ele>        <time></time>      </trkpt>
      <trkpt lat="-33.4316251732641" lon="-70.498480471053">        <ele>1163.53610076504</ele>        <time></time>      </trkpt>
      <trkpt lat="-33.43161215414" lon="-70.4990009068165">        <ele>1154.63206656112</ele>        <time></time>      </trkpt>
      <trkpt lat="-33.4316607549556" lon="-70.4995263533357">        <ele>1146.15282152138</ele>        <time></time>      </trkpt>
      <trkpt lat="-33.4316361518677" lon="-70.5000555581714">        <ele>1134.88660975523</ele>        <time></time>      </trkpt>
      <trkpt lat="-33.4314658670866" lon="-70.5005498482938">        <ele>1128.06896918266</ele>        <time></time>      </trkpt>
      <trkpt lat="-33.4312829273297" lon="-70.501030659834">        <ele>1124.2430554038</ele>        <time></time>      </trkpt>
      <trkpt lat="-33.4313191372471" lon="-70.5015221577288">        <ele>1107.38772158525</ele>        <time></time>      </trkpt>
      <trkpt lat="-33.4316965986738" lon="-70.5017549928788">        <ele>1091.68879465791</ele>        <time></time>      </trkpt>
      <trkpt lat="-33.4320279788061" lon="-70.5017221594419">        <ele>1086.16207824244</ele>        <time></time>      </trkpt>
      <trkpt lat="-33.432300890829" lon="-70.5013168713188">        <ele>1084.33301789991</ele>        <time></time>      </trkpt>
      <trkpt lat="-33.432566768" lon="-70.500909189">        <ele>1074.33376497665</ele>        <time></time>      </trkpt>
      <trkpt lat="-33.432566768" lon="-70.500909189">        <ele>1074.27885484721</ele>        <time></time>      </trkpt>
      <trkpt lat="-33.4327890008898" lon="-70.5004898199926">        <ele>1069.45321223596</ele>        <time></time>      </trkpt>
      <trkpt lat="-33.4329829264928" lon="-70.5000143266857">        <ele>1059.75358131138</ele>        <time></time>      </trkpt>
      <trkpt lat="-33.433130034767" lon="-70.4997414508548">        <ele>1056.09849427665</ele>        <time></time>      </trkpt>
      <trkpt lat="-33.4331152858038" lon="-70.5002649750031">        <ele>1051.18017162466</ele>        <time></time>      </trkpt>
      <trkpt lat="-33.4332717488324" lon="-70.5007590951437">        <ele>1048.09580209088</ele>        <time></time>      </trkpt>
      <trkpt lat="-33.4332829879878" lon="-70.5012945010381">        <ele>1043.55255161838</ele>        <time></time>      </trkpt>
      <trkpt lat="-33.4332370491973" lon="-70.5018315063435">        <ele>1037.91588783792</ele>        <time></time>      </trkpt>
      <trkpt lat="-33.4331344237229" lon="-70.5023581597295">        <ele>1039.22698137999</ele>        <time></time>      </trkpt>
      <trkpt lat="-33.4330595473613" lon="-70.5028926372385">        <ele>1031.56725642552</ele>        <time></time>      </trkpt>
      <trkpt lat="-33.4329201949466" lon="-70.5034084316319">        <ele>1035.65522408869</ele>        <time></time>      </trkpt>
      <trkpt lat="-33.432715413299" lon="-70.503875043833">        <ele>1037.66889275203</ele>        <time></time>      </trkpt>
      <trkpt lat="-33.4324372897781" lon="-70.5042916981218">        <ele>1033.76286772659</ele>        <time></time>      </trkpt>
      <trkpt lat="-33.4321824868225" lon="-70.5047383861761">        <ele>1028.53485220474</ele>        <time></time>      </trkpt>
      <trkpt lat="-33.4320102481096" lon="-70.5052168188014">        <ele>1018.73847094245</ele>        <time></time>      </trkpt>
      <trkpt lat="-33.4318701697215" lon="-70.5057239529543">        <ele>1014.62540342181</ele>        <time></time>      </trkpt>
      <trkpt lat="-33.4317811828414" lon="-70.5062542259316">        <ele>1005.97230429941</ele>        <time></time>      </trkpt>
      <trkpt lat="-33.431635923678" lon="-70.5067604013996">        <ele>1004.15636193548</ele>        <time></time>      </trkpt>
      <trkpt lat="-33.4312749100338" lon="-70.5070252557554">        <ele>1009.87489945229</ele>        <time></time>      </trkpt>
      <trkpt lat="-33.4311778300287" lon="-70.5074905160908">        <ele>1001.80386287824</ele>        <time></time>      </trkpt>
      <trkpt lat="-33.4314512016343" lon="-70.5079198195995">        <ele>990.618739488417</ele>        <time></time>      </trkpt>
      <trkpt lat="-33.4317188196523" lon="-70.5083450286537">        <ele>983.931735311918</ele>        <time></time>      </trkpt>
      <trkpt lat="-33.4317542579842" lon="-70.5088691189249">        <ele>978.739853164043</ele>        <time></time>      </trkpt>
      <trkpt lat="-33.4316900119897" lon="-70.5093983642855">        <ele>971.869419323945</ele>        <time></time>      </trkpt>
      <trkpt lat="-33.431603544281" lon="-70.5099147712396">        <ele>963.359422298093</ele>        <time></time>      </trkpt>
      <trkpt lat="-33.4313973727926" lon="-70.5103719396579">        <ele>962.695155258797</ele>        <time></time>      </trkpt>
      <trkpt lat="-33.4314344008514" lon="-70.510909094595">        <ele>961.550519587877</ele>        <time></time>      </trkpt>
      <trkpt lat="-33.4314210467364" lon="-70.511446905887">        <ele>961.502873981281</ele>        <time></time>      </trkpt>
      <trkpt lat="-33.4313504145236" lon="-70.5119661652188">        <ele>961.763359965628</ele>        <time></time>      </trkpt>
      <trkpt lat="-33.4313385735556" lon="-70.5124788840383">        <ele>955.666389318117</ele>        <time></time>      </trkpt>
      <trkpt lat="-33.4313463806805" lon="-70.5130051349703">        <ele>946.662017955012</ele>        <time></time>      </trkpt>
      <trkpt lat="-33.4313537533711" lon="-70.5135403532622">        <ele>937.719222283489</ele>        <time></time>      </trkpt>
      <trkpt lat="-33.4315215642949" lon="-70.5140318036968">        <ele>922.75408965988</ele>        <time></time>      </trkpt>
      <trkpt lat="-33.43142949787" lon="-70.514560042578">        <ele>916.537966865667</ele>        <time></time>      </trkpt>
      <trkpt lat="-33.4314662311944" lon="-70.5150986861536">        <ele>907.179461506419</ele>        <time></time>      </trkpt>
      <trkpt lat="-33.4315778780941" lon="-70.5156166796462">        <ele>897.501575455742</ele>        <time></time>      </trkpt>
      <trkpt lat="-33.4315441294519" lon="-70.5161505625212">        <ele>889.890453364795</ele>        <time></time>      </trkpt>
      <trkpt lat="-33.4315689765472" lon="-70.5166911067132">        <ele>879.564905174662</ele>        <time></time>      </trkpt>
      <trkpt lat="-33.4316693717368" lon="-70.5172127066899">        <ele>867.243700542213</ele>        <time></time>      </trkpt>
      <trkpt lat="-33.4317092964896" lon="-70.5177517219674">        <ele>860.240484572891</ele>        <time></time>      </trkpt>
      <trkpt lat="-33.4316848373539" lon="-70.5182881964498">        <ele>855.950198338144</ele>        <time></time>      </trkpt>
      <trkpt lat="-33.4316752933023" lon="-70.5188303253142">        <ele>859.03265791162</ele>        <time></time>      </trkpt>
      <trkpt lat="-33.431659219" lon="-70.519370207">        <ele>848.235822983177</ele>        <time></time>      </trkpt>
      <trkpt lat="-33.431659219" lon="-70.519370207">        <ele>848.180609404486</ele>        <time></time>      </trkpt>
      <trkpt lat="-33.4315678053806" lon="-70.5199003296057">        <ele>836.965843959636</ele>        <time></time>      </trkpt>
      <trkpt lat="-33.4314574574005" lon="-70.5204264171525">        <ele>824.831311024617</ele>        <time></time>      </trkpt>
      <trkpt lat="-33.4313385574253" lon="-70.5209494279423">        <ele>814.061566214341</ele>        <time></time>      </trkpt>
      <trkpt lat="-33.4313287076316" lon="-70.5214290253079">        <ele>805.547619042423</ele>        <time></time>      </trkpt>
      <trkpt lat="-33.4309296530141" lon="-70.5215945263967">        <ele>802.168688382406</ele>        <time></time>      </trkpt>
      <trkpt lat="-33.4306018277027" lon="-70.5217782341631">        <ele>798.75199715307</ele>        <time></time>      </trkpt>
      <trkpt lat="-33.4303321754327" lon="-70.5221710955803">        <ele>791.960005817856</ele>        <time></time>      </trkpt>
      <trkpt lat="-33.4302345506076" lon="-70.5226885812844">        <ele>791.019234995123</ele>        <time></time>      </trkpt>
      <trkpt lat="-33.4301689189488" lon="-70.5231408222022">        <ele>789.2236158325</ele>        <time></time>      </trkpt>
      <trkpt lat="-33.4301718439359" lon="-70.523687070376">        <ele>786.40218067716</ele>        <time></time>      </trkpt>
      <trkpt lat="-33.4301239302804" lon="-70.5242311417202">        <ele>783.999629708429</ele>        <time></time>      </trkpt>
      <trkpt lat="-33.4300894215763" lon="-70.5247766187598">        <ele>778.827392731826</ele>        <time></time>      </trkpt>
      <trkpt lat="-33.4300076842916" lon="-70.525312926489">        <ele>775.737680568377</ele>        <time></time>      </trkpt>
      <trkpt lat="-33.4299384878209" lon="-70.5258532110211">        <ele>774.887215931616</ele>        <time></time>      </trkpt>
      <trkpt lat="-33.4299131938921" lon="-70.5263975772948">        <ele>770.730081543942</ele>        <time></time>      </trkpt>
      <trkpt lat="-33.4300540354663" lon="-70.5268846430697">        <ele>770.504943935189</ele>        <time></time>      </trkpt>
      <trkpt lat="-33.4300358129727" lon="-70.5274302198972">        <ele>769.479173765931</ele>        <time></time>      </trkpt>
      <trkpt lat="-33.4301110696952" lon="-70.5279422764519">        <ele>767.372346561101</ele>        <time></time>      </trkpt>
      <trkpt lat="-33.4301897753742" lon="-70.5284702181293">        <ele>765.363239855687</ele>        <time></time>      </trkpt>
      <trkpt lat="-33.4302884505826" lon="-70.52899026679">        <ele>762.514184129106</ele>        <time></time>      </trkpt>
      <trkpt lat="-33.4303353048627" lon="-70.5294148416995">        <ele>759.991069035138</ele>        <time></time>      </trkpt>
      <trkpt lat="-33.4304719424471" lon="-70.5295898134995">        <ele>758.071583195387</ele>        <time></time>      </trkpt>
      <trkpt lat="-33.4307091553621" lon="-70.5299738002026">        <ele>752.298584099363</ele>        <time></time>      </trkpt>
      <trkpt lat="-33.4308416444358" lon="-70.5304787149641">        <ele>750.164893538802</ele>        <time></time>      </trkpt>
      <trkpt lat="-33.430839210546" lon="-70.5310193707638">        <ele>751.571161286718</ele>        <time></time>      </trkpt>
      <trkpt lat="-33.4310263940552" lon="-70.5315121777826">        <ele>751.000302768663</ele>        <time></time>      </trkpt>
      <trkpt lat="-33.4313414861048" lon="-70.5319005644911">        <ele>745.508474412353</ele>        <time></time>      </trkpt>
      <trkpt lat="-33.4315451421282" lon="-70.5323785707371">        <ele>739.774814834543</ele>        <time></time>      </trkpt>
      <trkpt lat="-33.431674779" lon="-70.532902036">        <ele>739.080469021519</ele>        <time></time>      </trkpt>
      <trkpt lat="-33.431674779" lon="-70.532902036">        <ele>739.157431538383</ele>        <time></time>      </trkpt>
      <trkpt lat="-33.4318928546126" lon="-70.533363316046">        <ele>734.516989147052</ele>        <time></time>      </trkpt>
      <trkpt lat="-33.432037636518" lon="-70.5338637832541">        <ele>735.30344816846</ele>        <time></time>      </trkpt>
      <trkpt lat="-33.4322143304613" lon="-70.5343578852167">        <ele>731.146913706838</ele>        <time></time>      </trkpt>
      <trkpt lat="-33.4320061485213" lon="-70.5342806331237">        <ele>733.649809574801</ele>        <time></time>      </trkpt>
      <trkpt lat="-33.4317975229054" lon="-70.5340119698326">        <ele>736.849265943544</ele>        <time></time>      </trkpt>
      <trkpt lat="-33.4315209419112" lon="-70.5339295544638">        <ele>740.689335128116</ele>        <time></time>      </trkpt>
      <trkpt lat="-33.4313043078258" lon="-70.5339992537892">        <ele>743.772820413908</ele>        <time></time>      </trkpt>
      <trkpt lat="-33.4308985068071" lon="-70.5339148613322">        <ele>744.45013572494</ele>        <time></time>      </trkpt>
      <trkpt lat="-33.4304459648675" lon="-70.5339119572215">        <ele>745.154080236873</ele>        <time></time>      </trkpt>
      <trkpt lat="-33.4299934518785" lon="-70.5339119904435">        <ele>747.188705586406</ele>        <time></time>      </trkpt>
      <trkpt lat="-33.4295410829572" lon="-70.5338994538553">        <ele>747.523148643132</ele>        <time></time>      </trkpt>
      <trkpt lat="-33.429088488756" lon="-70.533890645399">        <ele>743.954439640445</ele>        <time></time>      </trkpt>
      <trkpt lat="-33.4287258615955" lon="-70.5336530222938">        <ele>741.959637919855</ele>        <time></time>      </trkpt>
      <trkpt lat="-33.42835857" lon="-70.533752451">        <ele>739.623394631454</ele>        <time></time>      </trkpt>
    </trkseg>
  </trk>
</gpx>
