<?xml version="1.0" encoding="UTF-8" standalone="no"?>
<gpx xmlns="http://www.topografix.com/GPX/1/1" xmlns:xsi="http://www.w3.org/2001/XMLSchema-instance" xsi:schemaLocation="http://www.topografix.com/GPX/1/1 http://www.topografix.com/GPX/1/1/gpx.xsd" version="1.1" creator="Metric Trails">
  <metadata>
    <name>Metric Trails Generated GPX</name>
    <desc>This track was generated by Metric Trails technology for GNSS trajectory processing.</desc>
    <author>
      <name>Metric Trails</name>
      <link href="https://www.metrictrails.com"/>
    </author>
    <time>2025-10-30T14:37:24Z</time>
  </metadata>
  <trk>
    <name>Metric Trails. Track standarized to 5-meter spatial resolution</name>
    <trkseg>
      <trkpt lat="-33.428319005" lon="-70.533785323">        <ele>739.437714469736</ele>        <time></time>      </trkpt>
      <trkpt lat="-33.4283530731137" lon="-70.5337506430236">        <ele>739.614290461556</ele>        <time></time>      </trkpt>
      <trkpt lat="-33.4283865303105" lon="-70.5337150357994">        <ele>739.876261452649</ele>        <time></time>      </trkpt>
      <trkpt lat="-33.428421356487" lon="-70.5336817583343">        <ele>740.014259822672</ele>        <time></time>      </trkpt>
      <trkpt lat="-33.4284541936539" lon="-70.5336454357695">        <ele>740.083168104896</ele>        <time></time>      </trkpt>
      <trkpt lat="-33.4284876903967" lon="-70.5336099297306">        <ele>740.250535000849</ele>        <time></time>      </trkpt>
      <trkpt lat="-33.4285237574976" lon="-70.5335790356841">        <ele>740.565776706334</ele>        <time></time>      </trkpt>
      <trkpt lat="-33.428565968563" lon="-70.5335620218308">        <ele>740.915712801483</ele>        <time></time>      </trkpt>
      <trkpt lat="-33.4286108167153" lon="-70.5335642126592">        <ele>741.269113230477</ele>        <time></time>      </trkpt>
      <trkpt lat="-33.4286555245436" lon="-70.5335674037539">        <ele>741.704181171601</ele>        <time></time>      </trkpt>
      <trkpt lat="-33.4286960559193" lon="-70.5335852917138">        <ele>742.017208230461</ele>        <time></time>      </trkpt>
      <trkpt lat="-33.4287207306891" lon="-70.5336281127502">        <ele>742.116403316042</ele>        <time></time>      </trkpt>
      <trkpt lat="-33.4287448689878" lon="-70.5336727836977">        <ele>742.142644481409</ele>        <time></time>      </trkpt>
      <trkpt lat="-33.4287728045038" lon="-70.5337142902883">        <ele>742.099367588467</ele>        <time></time>      </trkpt>
      <trkpt lat="-33.4287994795257" lon="-70.5337568860491">        <ele>742.1605584058</ele>        <time></time>      </trkpt>
      <trkpt lat="-33.4288226063518" lon="-70.5338025946059">        <ele>741.779848581616</ele>        <time></time>      </trkpt>
      <trkpt lat="-33.4288548775297" lon="-70.5338375347698">        <ele>741.963413488044</ele>        <time></time>      </trkpt>
      <trkpt lat="-33.4288977361413" lon="-70.5338529514966">        <ele>742.483946423493</ele>        <time></time>      </trkpt>
      <trkpt lat="-33.4289402986479" lon="-70.5338702151249">        <ele>742.887067908121</ele>        <time></time>      </trkpt>
      <trkpt lat="-33.4289834819194" lon="-70.5338844971636">        <ele>743.221570712211</ele>        <time></time>      </trkpt>
      <trkpt lat="-33.4290283700297" lon="-70.5338895549492">        <ele>743.573136422977</ele>        <time></time>      </trkpt>
      <trkpt lat="-33.4290733701432" lon="-70.5338934237114">        <ele>743.840756107212</ele>        <time></time>      </trkpt>
      <trkpt lat="-33.4291183702562" lon="-70.5338972924785">        <ele>744.100553416849</ele>        <time></time>      </trkpt>
      <trkpt lat="-33.4291633703686" lon="-70.5339011612505">        <ele>744.379666243725</ele>        <time></time>      </trkpt>
      <trkpt lat="-33.4292083704805" lon="-70.5339050300274">        <ele>744.691620665244</ele>        <time></time>      </trkpt>
      <trkpt lat="-33.4292533705918" lon="-70.5339088988093">        <ele>745.117452691194</ele>        <time></time>      </trkpt>
      <trkpt lat="-33.4292983707026" lon="-70.533912767596">        <ele>745.617070720645</ele>        <time></time>      </trkpt>
      <trkpt lat="-33.4293433708129" lon="-70.5339166363878">        <ele>746.134438426758</ele>        <time></time>      </trkpt>
      <trkpt lat="-33.4293884355031" lon="-70.5339184366391">        <ele>746.675736430228</ele>        <time></time>      </trkpt>
      <trkpt lat="-33.4294335522454" lon="-70.5339185696325">        <ele>746.965109118034</ele>        <time></time>      </trkpt>
      <trkpt lat="-33.4294786689873" lon="-70.533918702627">        <ele>747.260203996919</ele>        <time></time>      </trkpt>
      <trkpt lat="-33.4295237857288" lon="-70.5339188356226">        <ele>747.506737967929</ele>        <time></time>      </trkpt>
      <trkpt lat="-33.4295684670631" lon="-70.5339249606435">        <ele>747.765680016596</ele>        <time></time>      </trkpt>
      <trkpt lat="-33.4296132932582" lon="-70.5339279167976">        <ele>747.90217679171</ele>        <time></time>      </trkpt>
      <trkpt lat="-33.4296583352529" lon="-70.5339253393268">        <ele>747.989874379248</ele>        <time></time>      </trkpt>
      <trkpt lat="-33.4297031987142" lon="-70.5339196442607">        <ele>748.036491496047</ele>        <time></time>      </trkpt>
      <trkpt lat="-33.4297472589535" lon="-70.5339101865349">        <ele>748.046858540148</ele>        <time></time>      </trkpt>
      <trkpt lat="-33.4297920061537" lon="-70.5339137262764">        <ele>748.068038809834</ele>        <time></time>      </trkpt>
      <trkpt lat="-33.4298368259846" lon="-70.5339191263041">        <ele>748.133197589552</ele>        <time></time>      </trkpt>
      <trkpt lat="-33.4298810418027" lon="-70.5339284467896">        <ele>748.114335022179</ele>        <time></time>      </trkpt>
      <trkpt lat="-33.4299253935517" lon="-70.5339365198383">        <ele>747.884020349772</ele>        <time></time>      </trkpt>
      <trkpt lat="-33.4299701578364" lon="-70.5339430440045">        <ele>747.265191424287</ele>        <time></time>      </trkpt>
      <trkpt lat="-33.4300150795515" lon="-70.5339428020295">        <ele>746.477725820584</ele>        <time></time>      </trkpt>
      <trkpt lat="-33.4300600352636" lon="-70.5339382580291">        <ele>745.733780099695</ele>        <time></time>      </trkpt>
      <trkpt lat="-33.4301049909753" lon="-70.5339337140248">        <ele>745.165700477754</ele>        <time></time>      </trkpt>
      <trkpt lat="-33.43014996733" lon="-70.533929776487">        <ele>744.937996551128</ele>        <time></time>      </trkpt>
      <trkpt lat="-33.4301950839434" lon="-70.5339299595548">        <ele>744.85913094626</ele>        <time></time>      </trkpt>
      <trkpt lat="-33.4302402005565" lon="-70.5339301426237">        <ele>744.850478562527</ele>        <time></time>      </trkpt>
      <trkpt lat="-33.430285294693" lon="-70.5339312373285">        <ele>744.820445798956</ele>        <time></time>      </trkpt>
      <trkpt lat="-33.4303303423747" lon="-70.5339342162277">        <ele>744.799612173151</ele>        <time></time>      </trkpt>
      <trkpt lat="-33.4303753900559" lon="-70.5339371951309">        <ele>744.849176569008</ele>        <time></time>      </trkpt>
      <trkpt lat="-33.4304204377367" lon="-70.5339401740382">        <ele>744.951760396732</ele>        <time></time>      </trkpt>
      <trkpt lat="-33.4304655212173" lon="-70.5339421496788">        <ele>745.118384478643</ele>        <time></time>      </trkpt>
      <trkpt lat="-33.430510618226" lon="-70.5339437462042">        <ele>745.301336002503</ele>        <time></time>      </trkpt>
      <trkpt lat="-33.4305557152342" lon="-70.5339453427321">        <ele>745.464071254115</ele>        <time></time>      </trkpt>
      <trkpt lat="-33.4306006173854" lon="-70.5339401476747">        <ele>745.552824675775</ele>        <time></time>      </trkpt>
      <trkpt lat="-33.4306455174056" lon="-70.5339348783523">        <ele>745.545916086394</ele>        <time></time>      </trkpt>
      <trkpt lat="-33.4306905094265" lon="-70.5339345562764">        <ele>745.281917388829</ele>        <time></time>      </trkpt>
      <trkpt lat="-33.4307355611791" lon="-70.5339374462302">        <ele>744.887901220961</ele>        <time></time>      </trkpt>
      <trkpt lat="-33.4307806129312" lon="-70.5339403361879">        <ele>744.506886973191</ele>        <time></time>      </trkpt>
      <trkpt lat="-33.4308257020664" lon="-70.533942089994">        <ele>744.305160957987</ele>        <time></time>      </trkpt>
      <trkpt lat="-33.4308707599841" lon="-70.5339416941173">        <ele>744.293971079182</ele>        <time></time>      </trkpt>
      <trkpt lat="-33.4309157056346" lon="-70.5339370107187">        <ele>744.377645693178</ele>        <time></time>      </trkpt>
      <trkpt lat="-33.4309606652977" lon="-70.533932551224">        <ele>744.498433215425</ele>        <time></time>      </trkpt>
      <trkpt lat="-33.4310056958828" lon="-70.5339292249724">        <ele>744.492236807301</ele>        <time></time>      </trkpt>
      <trkpt lat="-33.4310507150879" lon="-70.5339264888505">        <ele>744.468726390276</ele>        <time></time>      </trkpt>
      <trkpt lat="-33.4310955698487" lon="-70.5339322805588">        <ele>744.487735793602</ele>        <time></time>      </trkpt>
      <trkpt lat="-33.4311404246088" lon="-70.533938072274">        <ele>744.575893354812</ele>        <time></time>      </trkpt>
      <trkpt lat="-33.4311854903782" lon="-70.5339365297448">        <ele>744.640713261434</ele>        <time></time>      </trkpt>
      <trkpt lat="-33.4312305725069" lon="-70.5339344185865">        <ele>744.571676588427</ele>        <time></time>      </trkpt>
      <trkpt lat="-33.4312756546354" lon="-70.5339323074268">        <ele>744.295531978201</ele>        <time></time>      </trkpt>
      <trkpt lat="-33.4313171663861" lon="-70.5339112834315">        <ele>743.98240177855</ele>        <time></time>      </trkpt>
      <trkpt lat="-33.4313586569929" lon="-70.533890147432">        <ele>743.387865382636</ele>        <time></time>      </trkpt>
      <trkpt lat="-33.4313969503179" lon="-70.5338623375918">        <ele>742.829697710528</ele>        <time></time>      </trkpt>
      <trkpt lat="-33.431437106351" lon="-70.5338413168458">        <ele>742.198285412292</ele>        <time></time>      </trkpt>
      <trkpt lat="-33.4314816540874" lon="-70.5338327969814">        <ele>741.297634724675</ele>        <time></time>      </trkpt>
      <trkpt lat="-33.4315263109746" lon="-70.5338264122645">        <ele>740.464301287106</ele>        <time></time>      </trkpt>
      <trkpt lat="-33.4315713966019" lon="-70.5338284143145">        <ele>739.568857600137</ele>        <time></time>      </trkpt>
      <trkpt lat="-33.4316143336686" lon="-70.5338370304023">        <ele>738.644150118407</ele>        <time></time>      </trkpt>
      <trkpt lat="-33.4316487816054" lon="-70.533871779059">        <ele>738.022461457053</ele>        <time></time>      </trkpt>
      <trkpt lat="-33.4316832295314" lon="-70.5339065277434">        <ele>737.747777790058</ele>        <time></time>      </trkpt>
      <trkpt lat="-33.4317176774467" lon="-70.5339412764553">        <ele>737.604332065203</ele>        <time></time>      </trkpt>
      <trkpt lat="-33.4317521253513" lon="-70.5339760251949">        <ele>737.483125267177</ele>        <time></time>      </trkpt>
      <trkpt lat="-33.4317865732453" lon="-70.5340107739622">        <ele>737.105569056937</ele>        <time></time>      </trkpt>
      <trkpt lat="-33.4318193331511" lon="-70.5340476206333">        <ele>736.506568319137</ele>        <time></time>      </trkpt>
      <trkpt lat="-33.4318498625137" lon="-70.5340872395121">        <ele>735.922801692479</ele>        <time></time>      </trkpt>
      <trkpt lat="-33.4318803918626" lon="-70.5341268584186">        <ele>735.061387156233</ele>        <time></time>      </trkpt>
      <trkpt lat="-33.431910921198" lon="-70.5341664773528">        <ele>734.486399679313</ele>        <time></time>      </trkpt>
      <trkpt lat="-33.4319414505198" lon="-70.5342060963147">        <ele>733.964872662853</ele>        <time></time>      </trkpt>
      <trkpt lat="-33.4319719798279" lon="-70.5342457153042">        <ele>733.836314565071</ele>        <time></time>      </trkpt>
      <trkpt lat="-33.4320025091225" lon="-70.5342853343215">        <ele>733.649167733517</ele>        <time></time>      </trkpt>
      <trkpt lat="-33.4320328042144" lon="-70.5343252081089">        <ele>733.532388216741</ele>        <time></time>      </trkpt>
      <trkpt lat="-33.4320630799705" lon="-70.5343651029419">        <ele>733.274684899231</ele>        <time></time>      </trkpt>
      <trkpt lat="-33.4320933557128" lon="-70.5344049978024">        <ele>732.785956784421</ele>        <time></time>      </trkpt>
      <trkpt lat="-33.4321275213434" lon="-70.5344394674898">        <ele>732.278996028678</ele>        <time></time>      </trkpt>
      <trkpt lat="-33.4321652652793" lon="-70.53446894657">        <ele>731.778466278123</ele>        <time></time>      </trkpt>
      <trkpt lat="-33.4322093806138" lon="-70.5344733158894">        <ele>731.120027153875</ele>        <time></time>      </trkpt>
      <trkpt lat="-33.4322097482143" lon="-70.5344318564">        <ele>731.09274883795</ele>        <time></time>      </trkpt>
      <trkpt lat="-33.4321986793005" lon="-70.5343796914749">        <ele>731.238302403436</ele>        <time></time>      </trkpt>
      <trkpt lat="-33.4321876103644" lon="-70.5343275265622">        <ele>731.595909465092</ele>        <time></time>      </trkpt>
      <trkpt lat="-33.4321723041523" lon="-70.5342769335206">        <ele>731.9937260406</ele>        <time></time>      </trkpt>
      <trkpt lat="-33.4321566122803" lon="-70.5342264835533">        <ele>732.263520323945</ele>        <time></time>      </trkpt>
      <trkpt lat="-33.4321409203874" lon="-70.5341760336035">        <ele>732.658192457651</ele>        <time></time>      </trkpt>
      <trkpt lat="-33.4321252284733" lon="-70.5341255836712">        <ele>733.048207316919</ele>        <time></time>      </trkpt>
      <trkpt lat="-33.4321084734264" lon="-70.5340757050382">        <ele>733.401539965624</ele>        <time></time>      </trkpt>
      <trkpt lat="-33.4320871842554" lon="-70.534028262907">        <ele>733.87499943405</ele>        <time></time>      </trkpt>
      <trkpt lat="-33.4320658950656" lon="-70.5339808207984">        <ele>734.391807734774</ele>        <time></time>      </trkpt>
      <trkpt lat="-33.4320469890708" lon="-70.5339325722678">        <ele>734.922137778449</ele>        <time></time>      </trkpt>
      <trkpt lat="-33.4320442159382" lon="-70.5338788646169">        <ele>735.16035631695</ele>        <time></time>      </trkpt>
      <trkpt lat="-33.4320355665762" lon="-70.5338269892166">        <ele>735.360384828733</ele>        <time></time>      </trkpt>
      <trkpt lat="-33.4320159454028" lon="-70.5337785349237">        <ele>735.532555597679</ele>        <time></time>      </trkpt>
      <trkpt lat="-33.4319963242098" lon="-70.533730080652">        <ele>735.592733370592</ele>        <time></time>      </trkpt>
      <trkpt lat="-33.4319767029972" lon="-70.5336816264016">        <ele>735.475233436553</ele>        <time></time>      </trkpt>
      <trkpt lat="-33.4319570817649" lon="-70.5336331721724">        <ele>735.250026659235</ele>        <time></time>      </trkpt>
      <trkpt lat="-33.4319519812777" lon="-70.5335800546876">        <ele>734.66210698936</ele>        <time></time>      </trkpt>
      <trkpt lat="-33.4319485497806" lon="-70.5335264012112">        <ele>734.01778468641</ele>        <time></time>      </trkpt>
      <trkpt lat="-33.4319401388652" lon="-70.5334740255346">        <ele>733.78485401217</ele>        <time></time>      </trkpt>
      <trkpt lat="-33.4319247646005" lon="-70.5334234367782">        <ele>733.980260221484</ele>        <time></time>      </trkpt>
      <trkpt lat="-33.4319093903147" lon="-70.533372848039">        <ele>734.260411987392</ele>        <time></time>      </trkpt>
      <trkpt lat="-33.4318864069307" lon="-70.5333265932342">        <ele>734.586651766723</ele>        <time></time>      </trkpt>
      <trkpt lat="-33.4318606760249" lon="-70.5332835078413">        <ele>734.719179368767</ele>        <time></time>      </trkpt>
      <trkpt lat="-33.4318212387751" lon="-70.5332573714686">        <ele>735.3450644513</ele>        <time></time>      </trkpt>
      <trkpt lat="-33.4317900498778" lon="-70.533221620087">        <ele>735.81586167691</ele>        <time></time>      </trkpt>
      <trkpt lat="-33.4317690433268" lon="-70.5331739992467">        <ele>736.48906096945</ele>        <time></time>      </trkpt>
      <trkpt lat="-33.4317480367567" lon="-70.5331263784289">        <ele>736.998078247331</ele>        <time></time>      </trkpt>
      <trkpt lat="-33.4317307055241" lon="-70.5330767985229">        <ele>737.5192445229</ele>        <time></time>      </trkpt>
      <trkpt lat="-33.4317149690573" lon="-70.5330263685506">        <ele>737.948094220861</ele>        <time></time>      </trkpt>
      <trkpt lat="-33.4316992325695" lon="-70.5329759385958">        <ele>738.389999965779</ele>        <time></time>      </trkpt>
      <trkpt lat="-33.4316829588154" lon="-70.5329257524533">        <ele>738.899701819073</ele>        <time></time>      </trkpt>
      <trkpt lat="-33.4316666080008" lon="-70.5328756012884">        <ele>739.413736033591</ele>        <time></time>      </trkpt>
      <trkpt lat="-33.4316494272325" lon="-70.5328258896164">        <ele>739.980103151776</ele>        <time></time>      </trkpt>
      <trkpt lat="-33.4316292023427" lon="-70.5327777899097">        <ele>740.399144378319</ele>        <time></time>      </trkpt>
      <trkpt lat="-33.4316089774334" lon="-70.5327296902248">        <ele>740.688422164083</ele>        <time></time>      </trkpt>
      <trkpt lat="-33.4315944287621" lon="-70.5326794326026">        <ele>740.845149251929</ele>        <time></time>      </trkpt>
      <trkpt lat="-33.4315875832176" lon="-70.5326262464638">        <ele>740.747391348125</ele>        <time></time>      </trkpt>
      <trkpt lat="-33.4315805166296" lon="-70.5325731354968">        <ele>740.423476512805</ele>        <time></time>      </trkpt>
      <trkpt lat="-33.4315628133953" lon="-70.5325236418294">        <ele>740.499937310471</ele>        <time></time>      </trkpt>
      <trkpt lat="-33.4315451101405" lon="-70.5324741481814">        <ele>740.476363104667</ele>        <time></time>      </trkpt>
      <trkpt lat="-33.4315337993062" lon="-70.5324221189693">        <ele>740.206956375288</ele>        <time></time>      </trkpt>
      <trkpt lat="-33.4315231223466" lon="-70.532369838332">        <ele>739.961212584711</ele>        <time></time>      </trkpt>
      <trkpt lat="-33.4315120262035" lon="-70.5323176902176">        <ele>739.900970666002</ele>        <time></time>      </trkpt>
      <trkpt lat="-33.4314995883729" lon="-70.5322659662622">        <ele>740.312342026827</ele>        <time></time>      </trkpt>
      <trkpt lat="-33.4314871505203" lon="-70.5322142423208">        <ele>740.814503368087</ele>        <time></time>      </trkpt>
      <trkpt lat="-33.4314738978979" lon="-70.5321628881977">        <ele>741.613999316668</ele>        <time></time>      </trkpt>
      <trkpt lat="-33.4314543553588" lon="-70.5321143890014">        <ele>742.122230572853</ele>        <time></time>      </trkpt>
      <trkpt lat="-33.4314348128001" lon="-70.5320658898263">        <ele>742.5210384903</ele>        <time></time>      </trkpt>
      <trkpt lat="-33.431414083297" lon="-70.5320182223029">        <ele>743.228872838616</ele>        <time></time>      </trkpt>
      <trkpt lat="-33.4313880773368" lon="-70.5319742517926">        <ele>744.015884986616</ele>        <time></time>      </trkpt>
      <trkpt lat="-33.4313620713602" lon="-70.5319302813082">        <ele>744.960024107735</ele>        <time></time>      </trkpt>
      <trkpt lat="-33.4313350348289" lon="-70.5318872332665">        <ele>745.856973270348</ele>        <time></time>      </trkpt>
      <trkpt lat="-33.4313069012539" lon="-70.5318451671823">        <ele>746.57159548527</ele>        <time></time>      </trkpt>
      <trkpt lat="-33.4312787676638" lon="-70.531803101125">        <ele>747.156347081819</ele>        <time></time>      </trkpt>
      <trkpt lat="-33.4312469758143" lon="-70.5317653435562">        <ele>747.888996917684</ele>        <time></time>      </trkpt>
      <trkpt lat="-33.431212061777" lon="-70.5317312631278">        <ele>748.439706112709</ele>        <time></time>      </trkpt>
      <trkpt lat="-33.4311771477292" lon="-70.531697182727">        <ele>749.086271310888</ele>        <time></time>      </trkpt>
      <trkpt lat="-33.4311422336712" lon="-70.5316631023536">        <ele>749.547654124665</ele>        <time></time>      </trkpt>
      <trkpt lat="-33.4311085823628" lon="-70.5316273263776">        <ele>749.849751482978</ele>        <time></time>      </trkpt>
      <trkpt lat="-33.4310760862682" lon="-70.531589999196">        <ele>750.167979381</ele>        <time></time>      </trkpt>
      <trkpt lat="-33.4310435901614" lon="-70.5315526720423">        <ele>750.533029954358</ele>        <time></time>      </trkpt>
      <trkpt lat="-33.4310177330085" lon="-70.5315093432097">        <ele>751.01138338214</ele>        <time></time>      </trkpt>
      <trkpt lat="-33.4309963805248" lon="-70.5314619421089">        <ele>751.435386252978</ele>        <time></time>      </trkpt>
      <trkpt lat="-33.4309750280224" lon="-70.5314145410307">        <ele>751.494433967459</ele>        <time></time>      </trkpt>
      <trkpt lat="-33.4309539271476" lon="-70.5313669901764">        <ele>751.557893451725</ele>        <time></time>      </trkpt>
      <trkpt lat="-33.4309350010206" lon="-70.5313181447596">        <ele>751.417082343227</ele>        <time></time>      </trkpt>
      <trkpt lat="-33.4309160748737" lon="-70.5312692993634">        <ele>751.430474160696</ele>        <time></time>      </trkpt>
      <trkpt lat="-33.4308971487068" lon="-70.5312204539879">        <ele>751.442611375557</ele>        <time></time>      </trkpt>
      <trkpt lat="-33.4308812535587" lon="-70.5311706266006">        <ele>751.471757610339</ele>        <time></time>      </trkpt>
      <trkpt lat="-33.4308768559857" lon="-70.5311170740943">        <ele>751.391294342686</ele>        <time></time>      </trkpt>
      <trkpt lat="-33.4308724583895" lon="-70.5310635215925">        <ele>751.319578397795</ele>        <time></time>      </trkpt>
      <trkpt lat="-33.43086806077" lon="-70.5310099690952">        <ele>751.37396976828</ele>        <time></time>      </trkpt>
      <trkpt lat="-33.4308594709376" lon="-70.5309572293599">        <ele>751.488713608802</ele>        <time></time>      </trkpt>
      <trkpt lat="-33.4308494196432" lon="-70.5309047729705">        <ele>751.650530714737</ele>        <time></time>      </trkpt>
      <trkpt lat="-33.4308393683263" lon="-70.5308523165923">        <ele>751.78820382068</ele>        <time></time>      </trkpt>
      <trkpt lat="-33.4308293169868" lon="-70.5307998602253">        <ele>751.838141543323</ele>        <time></time>      </trkpt>
      <trkpt lat="-33.4308192656248" lon="-70.5307474038696">        <ele>751.757613212125</ele>        <time></time>      </trkpt>
      <trkpt lat="-33.4308092142401" lon="-70.5306949475251">        <ele>751.642400351129</ele>        <time></time>      </trkpt>
      <trkpt lat="-33.4308065514423" lon="-70.5306420232475">        <ele>751.29637932948</ele>        <time></time>      </trkpt>
      <trkpt lat="-33.4308118882001" lon="-70.5305885923281">        <ele>750.89940451002</ele>        <time></time>      </trkpt>
      <trkpt lat="-33.4308172249351" lon="-70.5305351614012">        <ele>750.539078134554</ele>        <time></time>      </trkpt>
      <trkpt lat="-33.4308225616472" lon="-70.5304817304669">        <ele>750.1962159242</ele>        <time></time>      </trkpt>
      <trkpt lat="-33.4308249219874" lon="-70.5304280707235">        <ele>749.944313526877</ele>        <time></time>      </trkpt>
      <trkpt lat="-33.4308253808292" lon="-70.5303742648048">        <ele>749.812579273081</ele>        <time></time>      </trkpt>
      <trkpt lat="-33.4308258396476" lon="-70.5303204588847">        <ele>749.807453269171</ele>        <time></time>      </trkpt>
      <trkpt lat="-33.4308262984427" lon="-70.530266652963">        <ele>749.930677063164</ele>        <time></time>      </trkpt>
      <trkpt lat="-33.430810548434" lon="-70.5302169380932">        <ele>750.22969907579</ele>        <time></time>      </trkpt>
      <trkpt lat="-33.430791852562" lon="-70.5301679667652">        <ele>750.528755105427</ele>        <time></time>      </trkpt>
      <trkpt lat="-33.4307731566701" lon="-70.5301189954575">        <ele>750.954400922604</ele>        <time></time>      </trkpt>
      <trkpt lat="-33.4307490960077" lon="-70.5300737254485">        <ele>751.384335371406</ele>        <time></time>      </trkpt>
      <trkpt lat="-33.4307228219086" lon="-70.5300299825596">        <ele>751.840787380344</ele>        <time></time>      </trkpt>
      <trkpt lat="-33.4306965477932" lon="-70.5299862396968">        <ele>752.315476034211</ele>        <time></time>      </trkpt>
      <trkpt lat="-33.4306702736615" lon="-70.5299424968601">        <ele>752.837175777927</ele>        <time></time>      </trkpt>
      <trkpt lat="-33.4306439995136" lon="-70.5298987540494">        <ele>753.460937169624</ele>        <time></time>      </trkpt>
      <trkpt lat="-33.4306176076909" lon="-70.5298551123011">        <ele>754.220672719305</ele>        <time></time>      </trkpt>
      <trkpt lat="-33.430591157119" lon="-70.5298115210147">        <ele>755.081701657099</ele>        <time></time>      </trkpt>
      <trkpt lat="-33.4305647065308" lon="-70.5297679297543">        <ele>755.926918277879</ele>        <time></time>      </trkpt>
      <trkpt lat="-33.4305382559265" lon="-70.5297243385202">        <ele>756.695732721706</ele>        <time></time>      </trkpt>
      <trkpt lat="-33.4305118650472" lon="-70.5296806965212">        <ele>757.347932178427</ele>        <time></time>      </trkpt>
      <trkpt lat="-33.4304859392704" lon="-70.5296366591119">        <ele>757.878812959521</ele>        <time></time>      </trkpt>
      <trkpt lat="-33.4304600134772" lon="-70.5295926217285">        <ele>758.314439522235</ele>        <time></time>      </trkpt>
      <trkpt lat="-33.4304340876675" lon="-70.5295485843709">        <ele>758.677019678562</ele>        <time></time>      </trkpt>
      <trkpt lat="-33.4304081618412" lon="-70.5295045470393">        <ele>758.934048509859</ele>        <time></time>      </trkpt>
      <trkpt lat="-33.4303842013795" lon="-70.5294589834054">        <ele>759.059342056832</ele>        <time></time>      </trkpt>
      <trkpt lat="-33.4303609190551" lon="-70.5294128931362">        <ele>759.421171669434</ele>        <time></time>      </trkpt>
      <trkpt lat="-33.4303376367128" lon="-70.5293668028911">        <ele>759.818322906157</ele>        <time></time>      </trkpt>
      <trkpt lat="-33.4303210560088" lon="-70.5293169516975">        <ele>760.085097841528</ele>        <time></time>      </trkpt>
      <trkpt lat="-33.4303061207805" lon="-70.5292661770678">        <ele>760.305023002826</ele>        <time></time>      </trkpt>
      <trkpt lat="-33.4302911855308" lon="-70.5292154024548">        <ele>760.818621665433</ele>        <time></time>      </trkpt>
      <trkpt lat="-33.4302801291955" lon="-70.5291636041827">        <ele>761.291828379195</ele>        <time></time>      </trkpt>
      <trkpt lat="-33.4302757085503" lon="-70.5291100547124">        <ele>761.841133109185</ele>        <time></time>      </trkpt>
      <trkpt lat="-33.4302712878818" lon="-70.5290565052466">        <ele>762.222691974767</ele>        <time></time>      </trkpt>
      <trkpt lat="-33.43026686719" lon="-70.5290029557854">        <ele>762.778985727719</ele>        <time></time>      </trkpt>
      <trkpt lat="-33.430263246883" lon="-70.5289493654514">        <ele>763.279501125916</ele>        <time></time>      </trkpt>
      <trkpt lat="-33.4302638131199" lon="-70.5288955613087">        <ele>763.636243661431</ele>        <time></time>      </trkpt>
      <trkpt lat="-33.4302643793335" lon="-70.5288417571643">        <ele>764.00145777935</ele>        <time></time>      </trkpt>
      <trkpt lat="-33.4302649455237" lon="-70.5287879530183">        <ele>764.336582823864</ele>        <time></time>      </trkpt>
      <trkpt lat="-33.4302655116906" lon="-70.5287341488706">        <ele>764.579725014759</ele>        <time></time>      </trkpt>
      <trkpt lat="-33.4302589473838" lon="-70.5286818613455">        <ele>764.698849289762</ele>        <time></time>      </trkpt>
      <trkpt lat="-33.43024282103" lon="-70.5286316076452">        <ele>764.934881595341</ele>        <time></time>      </trkpt>
      <trkpt lat="-33.4302266946552" lon="-70.5285813539628">        <ele>765.080079518546</ele>        <time></time>      </trkpt>
      <trkpt lat="-33.4302105682596" lon="-70.5285311002983">        <ele>765.195959135951</ele>        <time></time>      </trkpt>
      <trkpt lat="-33.4301944418429" lon="-70.5284808466517">        <ele>765.319382526721</ele>        <time></time>      </trkpt>
      <trkpt lat="-33.4301783154054" lon="-70.528430593023">        <ele>765.431542777291</ele>        <time></time>      </trkpt>
      <trkpt lat="-33.4301674943096" lon="-70.5283789408068">        <ele>765.47918570011</ele>        <time></time>      </trkpt>
      <trkpt lat="-33.4301643584228" lon="-70.528325262609">        <ele>765.462490736423</ele>        <time></time>      </trkpt>
      <trkpt lat="-33.4301612225126" lon="-70.5282715844141">        <ele>765.526134734636</ele>        <time></time>      </trkpt>
      <trkpt lat="-33.430158086579" lon="-70.5282179062222">        <ele>765.620449565974</ele>        <time></time>      </trkpt>
      <trkpt lat="-33.4301549506222" lon="-70.5281642280332">        <ele>765.881509997052</ele>        <time></time>      </trkpt>
      <trkpt lat="-33.4301500762408" lon="-70.5281108071005">        <ele>766.17981737668</ele>        <time></time>      </trkpt>
      <trkpt lat="-33.4301421173368" lon="-70.5280578426274">        <ele>766.564061733661</ele>        <time></time>      </trkpt>
      <trkpt lat="-33.4301341584099" lon="-70.5280048781632">        <ele>766.863825435856</ele>        <time></time>      </trkpt>
      <trkpt lat="-33.43012619946" lon="-70.5279519137077">        <ele>767.195157594879</ele>        <time></time>      </trkpt>
      <trkpt lat="-33.4301182404873" lon="-70.527898949261">        <ele>767.534550342035</ele>        <time></time>      </trkpt>
      <trkpt lat="-33.4301102814917" lon="-70.5278459848231">        <ele>767.914246414839</ele>        <time></time>      </trkpt>
      <trkpt lat="-33.4301023224731" lon="-70.527793020394">        <ele>768.333949962664</ele>        <time></time>      </trkpt>
      <trkpt lat="-33.430082262937" lon="-70.5277449214748">        <ele>768.811721491745</ele>        <time></time>      </trkpt>
      <trkpt lat="-33.4300617089003" lon="-70.527697021404">        <ele>769.221465387632</ele>        <time></time>      </trkpt>
      <trkpt lat="-33.4300411548444" lon="-70.5276491213552">        <ele>769.431868508292</ele>        <time></time>      </trkpt>
      <trkpt lat="-33.4300206007693" lon="-70.5276012213285">        <ele>769.495229895575</ele>        <time></time>      </trkpt>
      <trkpt lat="-33.4300109163234" lon="-70.5275503802362">        <ele>769.456093643109</ele>        <time></time>      </trkpt>
      <trkpt lat="-33.4300121263332" lon="-70.5274965913416">        <ele>769.493836730393</ele>        <time></time>      </trkpt>
      <trkpt lat="-33.4300133363198" lon="-70.5274428024447">        <ele>769.660346499154</ele>        <time></time>      </trkpt>
      <trkpt lat="-33.430014546283" lon="-70.5273890135453">        <ele>769.858783513528</ele>        <time></time>      </trkpt>
      <trkpt lat="-33.4300157562229" lon="-70.5273352246434">        <ele>769.972931151477</ele>        <time></time>      </trkpt>
      <trkpt lat="-33.4300169661396" lon="-70.5272814357392">        <ele>769.954927707514</ele>        <time></time>      </trkpt>
      <trkpt lat="-33.4300181760329" lon="-70.5272276468325">        <ele>769.924798666885</ele>        <time></time>      </trkpt>
      <trkpt lat="-33.4300209300238" lon="-70.5271739538002">        <ele>770.010055308829</ele>        <time></time>      </trkpt>
      <trkpt lat="-33.4300244101018" lon="-70.5271203058485">        <ele>770.144239980253</ele>        <time></time>      </trkpt>
      <trkpt lat="-33.4300278901568" lon="-70.5270666578917">        <ele>770.496479125202</ele>        <time></time>      </trkpt>
      <trkpt lat="-33.4300313701886" lon="-70.5270130099295">        <ele>770.761817418777</ele>        <time></time>      </trkpt>
      <trkpt lat="-33.4300348501973" lon="-70.5269593619622">        <ele>770.834045586668</ele>        <time></time>      </trkpt>
      <trkpt lat="-33.430038330183" lon="-70.5269057139897">        <ele>770.645980623507</ele>        <time></time>      </trkpt>
      <trkpt lat="-33.4300418101455" lon="-70.5268520660119">        <ele>770.452389709811</ele>        <time></time>      </trkpt>
      <trkpt lat="-33.4300434033571" lon="-70.5267985016689">        <ele>770.236321758618</ele>        <time></time>      </trkpt>
      <trkpt lat="-33.4300365936076" lon="-70.5267453098362">        <ele>770.151377009867</ele>        <time></time>      </trkpt>
      <trkpt lat="-33.4300297838351" lon="-70.5266921180109">        <ele>769.956935891415</ele>        <time></time>      </trkpt>
      <trkpt lat="-33.4300229740394" lon="-70.526638926193">        <ele>769.855795802177</ele>        <time></time>      </trkpt>
      <trkpt lat="-33.4300161642207" lon="-70.5265857343826">        <ele>769.705318403531</ele>        <time></time>      </trkpt>
      <trkpt lat="-33.430009354379" lon="-70.5265325425795">        <ele>769.557480290073</ele>        <time></time>      </trkpt>
      <trkpt lat="-33.429990653114" lon="-70.5264837719087">        <ele>769.626116457375</ele>        <time></time>      </trkpt>
      <trkpt lat="-33.4299709124475" lon="-70.5264353876924">        <ele>769.884155745625</ele>        <time></time>      </trkpt>
      <trkpt lat="-33.4299511717614" lon="-70.5263870034973">        <ele>770.465239047213</ele>        <time></time>      </trkpt>
      <trkpt lat="-33.4299314310558" lon="-70.5263386193236">        <ele>770.923878168672</ele>        <time></time>      </trkpt>
      <trkpt lat="-33.4299116903306" lon="-70.5262902351713">        <ele>771.369322077342</ele>        <time></time>      </trkpt>
      <trkpt lat="-33.4298965922312" lon="-70.5262406781345">        <ele>771.702086878153</ele>        <time></time>      </trkpt>
      <trkpt lat="-33.4298981880134" lon="-70.5261869036008">        <ele>772.015217800098</ele>        <time></time>      </trkpt>
      <trkpt lat="-33.4298997837722" lon="-70.5261331290641">        <ele>772.434962036574</ele>        <time></time>      </trkpt>
      <trkpt lat="-33.4299013795078" lon="-70.5260793545245">        <ele>772.997021967473</ele>        <time></time>      </trkpt>
      <trkpt lat="-33.4299029752201" lon="-70.526025579982">        <ele>773.561255822583</ele>        <time></time>      </trkpt>
      <trkpt lat="-33.4299045709091" lon="-70.5259718054366">        <ele>774.167405913044</ele>        <time></time>      </trkpt>
      <trkpt lat="-33.4299061665749" lon="-70.5259180308883">        <ele>774.668898822108</ele>        <time></time>      </trkpt>
      <trkpt lat="-33.4299087411126" lon="-70.5258643371657">        <ele>775.010324712293</ele>        <time></time>      </trkpt>
      <trkpt lat="-33.429913374278" lon="-70.5258108134231">        <ele>775.196273565946</ele>        <time></time>      </trkpt>
      <trkpt lat="-33.4299180074205" lon="-70.5257572896739">        <ele>775.182117330158</ele>        <time></time>      </trkpt>
      <trkpt lat="-33.4299226405401" lon="-70.5257037659182">        <ele>775.15041827838</ele>        <time></time>      </trkpt>
      <trkpt lat="-33.4299272736367" lon="-70.5256502421558">        <ele>775.098625188172</ele>        <time></time>      </trkpt>
      <trkpt lat="-33.4299319067104" lon="-70.5255967183868">        <ele>775.267438255057</ele>        <time></time>      </trkpt>
      <trkpt lat="-33.4299365397611" lon="-70.5255431946112">        <ele>775.512555426046</ele>        <time></time>      </trkpt>
      <trkpt lat="-33.4299413366881" lon="-70.5254897087368">        <ele>775.853820854692</ele>        <time></time>      </trkpt>
      <trkpt lat="-33.4299538151046" lon="-70.5254379994871">        <ele>775.984712592842</ele>        <time></time>      </trkpt>
      <trkpt lat="-33.4299662935" lon="-70.5253862902217">        <ele>775.882637271411</ele>        <time></time>      </trkpt>
      <trkpt lat="-33.4299787718741" lon="-70.5253345809408">        <ele>775.807956264888</ele>        <time></time>      </trkpt>
      <trkpt lat="-33.4299912502271" lon="-70.5252828716443">        <ele>775.799930392241</ele>        <time></time>      </trkpt>
      <trkpt lat="-33.4300037285589" lon="-70.5252311623322">        <ele>775.947746422524</ele>        <time></time>      </trkpt>
      <trkpt lat="-33.4300162068695" lon="-70.5251794530045">        <ele>776.163383653108</ele>        <time></time>      </trkpt>
      <trkpt lat="-33.430028685159" lon="-70.5251277436611">        <ele>776.341424806245</ele>        <time></time>      </trkpt>
      <trkpt lat="-33.4300337081562" lon="-70.5250743328296">        <ele>776.481852067095</ele>        <time></time>      </trkpt>
      <trkpt lat="-33.4300381189816" lon="-70.5250207822843">        <ele>776.713132139508</ele>        <time></time>      </trkpt>
      <trkpt lat="-33.4300425297841" lon="-70.5249672317326">        <ele>776.980118102638</ele>        <time></time>      </trkpt>
      <trkpt lat="-33.4300469405635" lon="-70.5249136811745">        <ele>777.430681099098</ele>        <time></time>      </trkpt>
      <trkpt lat="-33.43005135132" lon="-70.5248601306101">        <ele>777.994310023569</ele>        <time></time>      </trkpt>
      <trkpt lat="-33.4300557620535" lon="-70.5248065800394">        <ele>778.603525173086</ele>        <time></time>      </trkpt>
      <trkpt lat="-33.430060172764" lon="-70.5247530294623">        <ele>779.288490477166</ele>        <time></time>      </trkpt>
      <trkpt lat="-33.4300645834516" lon="-70.5246994788789">        <ele>779.913411634314</ele>        <time></time>      </trkpt>
      <trkpt lat="-33.4300698104844" lon="-70.5246460343469">        <ele>780.574599623945</ele>        <time></time>      </trkpt>
      <trkpt lat="-33.4300751706553" lon="-70.524592607107">        <ele>781.142579735108</ele>        <time></time>      </trkpt>
      <trkpt lat="-33.4300805308034" lon="-70.5245391798597">        <ele>781.77648138638</ele>        <time></time>      </trkpt>
      <trkpt lat="-33.4300830992576" lon="-70.524485461919">        <ele>782.380605127005</ele>        <time></time>      </trkpt>
      <trkpt lat="-33.4300855833437" lon="-70.5244317351917">        <ele>782.887753966516</ele>        <time></time>      </trkpt>
      <trkpt lat="-33.4300891323132" lon="-70.5243781190057">        <ele>783.337134686289</ele>        <time></time>      </trkpt>
      <trkpt lat="-33.4300944687019" lon="-70.5243246883631">        <ele>783.675620244664</ele>        <time></time>      </trkpt>
      <trkpt lat="-33.4300998050677" lon="-70.524271257713">        <ele>783.915913925601</ele>        <time></time>      </trkpt>
      <trkpt lat="-33.4301051414107" lon="-70.5242178270555">        <ele>784.117157940876</ele>        <time></time>      </trkpt>
      <trkpt lat="-33.4301104777309" lon="-70.5241643963905">        <ele>784.260686868969</ele>        <time></time>      </trkpt>
      <trkpt lat="-33.4301158140273" lon="-70.5241109657179">        <ele>784.406869272215</ele>        <time></time>      </trkpt>
      <trkpt lat="-33.4301209801892" lon="-70.5240575112626">        <ele>784.817657138519</ele>        <time></time>      </trkpt>
      <trkpt lat="-33.4301261463283" lon="-70.5240040568001">        <ele>785.267610661967</ele>        <time></time>      </trkpt>
      <trkpt lat="-33.4301313124445" lon="-70.5239506023303">        <ele>785.866616555379</ele>        <time></time>      </trkpt>
      <trkpt lat="-33.4301364785379" lon="-70.5238971478533">        <ele>786.178197380996</ele>        <time></time>      </trkpt>
      <trkpt lat="-33.4301416446083" lon="-70.523843693369">        <ele>786.411262662077</ele>        <time></time>      </trkpt>
      <trkpt lat="-33.4301450531337" lon="-70.5237901022232">        <ele>786.491789621567</ele>        <time></time>      </trkpt>
      <trkpt lat="-33.4301457501773" lon="-70.5237363002474">        <ele>786.531394857083</ele>        <time></time>      </trkpt>
      <trkpt lat="-33.4301464471975" lon="-70.5236824982697">        <ele>786.631615356884</ele>        <time></time>      </trkpt>
      <trkpt lat="-33.4301471441944" lon="-70.5236286962903">        <ele>786.810241574604</ele>        <time></time>      </trkpt>
      <trkpt lat="-33.4301478411681" lon="-70.523574894309">        <ele>787.045089026176</ele>        <time></time>      </trkpt>
      <trkpt lat="-33.4301483634003" lon="-70.5235210900696">        <ele>787.320214793838</ele>        <time></time>      </trkpt>
      <trkpt lat="-33.4301486434805" lon="-70.5234672827018">        <ele>787.622870755734</ele>        <time></time>      </trkpt>
      <trkpt lat="-33.4301489235374" lon="-70.5234134753326">        <ele>787.932220965888</ele>        <time></time>      </trkpt>
      <trkpt lat="-33.4301492035709" lon="-70.5233596679622">        <ele>788.232844895893</ele>        <time></time>      </trkpt>
      <trkpt lat="-33.430151817534" lon="-70.5233060924972">        <ele>788.52368906427</ele>        <time></time>      </trkpt>
      <trkpt lat="-33.4301590070697" lon="-70.5232529716666">        <ele>788.683174554509</ele>        <time></time>      </trkpt>
      <trkpt lat="-33.430166196583" lon="-70.5231998508263">        <ele>788.884085602519</ele>        <time></time>      </trkpt>
      <trkpt lat="-33.4301733860737" lon="-70.5231467299763">        <ele>789.101266267536</ele>        <time></time>      </trkpt>
      <trkpt lat="-33.4301784056047" lon="-70.5230933685348">        <ele>789.429690430011</ele>        <time></time>      </trkpt>
      <trkpt lat="-33.430179549545" lon="-70.5230395774026">        <ele>789.682814423192</ele>        <time></time>      </trkpt>
      <trkpt lat="-33.430180693462" lon="-70.5229857862681">        <ele>789.854327045187</ele>        <time></time>      </trkpt>
      <trkpt lat="-33.4301818373557" lon="-70.5229319951312">        <ele>789.987871820391</ele>        <time></time>      </trkpt>
      <trkpt lat="-33.4301835756446" lon="-70.5228782632919">        <ele>790.148803217668</ele>        <time></time>      </trkpt>
      <trkpt lat="-33.4301899406563" lon="-70.5228249930168">        <ele>790.361787891577</ele>        <time></time>      </trkpt>
      <trkpt lat="-33.4301963056453" lon="-70.5227717227329">        <ele>790.638096220901</ele>        <time></time>      </trkpt>
      <trkpt lat="-33.4302026706116" lon="-70.5227184524403">        <ele>790.860675539851</ele>        <time></time>      </trkpt>
      <trkpt lat="-33.4302090355552" lon="-70.5226651821391">        <ele>790.949442904223</ele>        <time></time>      </trkpt>
      <trkpt lat="-33.4302154004761" lon="-70.5226119118292">        <ele>790.929379688432</ele>        <time></time>      </trkpt>
      <trkpt lat="-33.4302217653744" lon="-70.5225586415105">        <ele>790.918266489175</ele>        <time></time>      </trkpt>
      <trkpt lat="-33.4302334542255" lon="-70.5225073123902">        <ele>791.114351003266</ele>        <time></time>      </trkpt>
      <trkpt lat="-33.4302531536233" lon="-70.5224589040326">        <ele>791.550163068882</ele>        <time></time>      </trkpt>
      <trkpt lat="-33.4302728530028" lon="-70.5224104956527">        <ele>791.901994246615</ele>        <time></time>      </trkpt>
      <trkpt lat="-33.4302925523639" lon="-70.5223620872502">        <ele>791.976651081365</ele>        <time></time>      </trkpt>
      <trkpt lat="-33.4303018049159" lon="-70.5223094913105">        <ele>791.853631397328</ele>        <time></time>      </trkpt>
      <trkpt lat="-33.4303106189037" lon="-70.522256719573">        <ele>791.709223068888</ele>        <time></time>      </trkpt>
      <trkpt lat="-33.4303194328694" lon="-70.5222039478239">        <ele>791.75141481514</ele>        <time></time>      </trkpt>
      <trkpt lat="-33.4303282468129" lon="-70.5221511760632">        <ele>792.079832531673</ele>        <time></time>      </trkpt>
      <trkpt lat="-33.4303389444697" lon="-70.5220990881413">        <ele>792.710514686592</ele>        <time></time>      </trkpt>
      <trkpt lat="-33.4303562783009" lon="-70.5220494093325">        <ele>793.48146316566</ele>        <time></time>      </trkpt>
      <trkpt lat="-33.4303736121127" lon="-70.5219997305033">        <ele>794.195402142828</ele>        <time></time>      </trkpt>
      <trkpt lat="-33.4303946083904" lon="-70.5219529115575">        <ele>795.078339614841</ele>        <time></time>      </trkpt>
      <trkpt lat="-33.4304258553948" lon="-70.521914097024">        <ele>795.607569136053</ele>        <time></time>      </trkpt>
      <trkpt lat="-33.4304571023877" lon="-70.5218752824627">        <ele>796.312557615042</ele>        <time></time>      </trkpt>
      <trkpt lat="-33.4304893294581" lon="-70.5218376723039">        <ele>796.90902760068</ele>        <time></time>      </trkpt>
      <trkpt lat="-33.430522795238" lon="-70.5218015843792">        <ele>797.855490055572</ele>        <time></time>      </trkpt>
      <trkpt lat="-33.4305562610079" lon="-70.5217654964268">        <ele>798.661388380771</ele>        <time></time>      </trkpt>
      <trkpt lat="-33.430589726768" lon="-70.5217294084469">        <ele>799.741808463619</ele>        <time></time>      </trkpt>
      <trkpt lat="-33.4306289830541" lon="-70.5217037163345">        <ele>800.268056682398</ele>        <time></time>      </trkpt>
      <trkpt lat="-33.4306698484023" lon="-70.5216809129983">        <ele>800.7137829252</ele>        <time></time>      </trkpt>
      <trkpt lat="-33.4307107137466" lon="-70.5216581096413">        <ele>801.375220302615</ele>        <time></time>      </trkpt>
      <trkpt lat="-33.4307539910957" lon="-70.5216444703933">        <ele>801.62787358708</ele>        <time></time>      </trkpt>
      <trkpt lat="-33.4307984523357" lon="-70.5216353291877">        <ele>801.852732057646</ele>        <time></time>      </trkpt>
      <trkpt lat="-33.430842913575" lon="-70.5216261879736">        <ele>801.984189923283</ele>        <time></time>      </trkpt>
      <trkpt lat="-33.4308872879393" lon="-70.5216164757239">        <ele>802.030827088914</ele>        <time></time>      </trkpt>
      <trkpt lat="-33.4309316077017" lon="-70.5216064045696">        <ele>802.09542469374</ele>        <time></time>      </trkpt>
      <trkpt lat="-33.4309759274631" lon="-70.5215963334059">        <ele>802.277742299966</ele>        <time></time>      </trkpt>
      <trkpt lat="-33.4310201155985" lon="-70.5215854993998">        <ele>802.594622451016</ele>        <time></time>      </trkpt>
      <trkpt lat="-33.4310641683523" lon="-70.5215738807873">        <ele>802.950411560757</ele>        <time></time>      </trkpt>
      <trkpt lat="-33.4311082211051" lon="-70.5215622621639">        <ele>803.240085661873</ele>        <time></time>      </trkpt>
      <trkpt lat="-33.431149989353" lon="-70.5215427479612">        <ele>803.505475044335</ele>        <time></time>      </trkpt>
      <trkpt lat="-33.4311906747788" lon="-70.5215194913654">        <ele>803.712481432724</ele>        <time></time>      </trkpt>
      <trkpt lat="-33.431235196663" lon="-70.5215115738424">        <ele>803.902348861436</ele>        <time></time>      </trkpt>
      <trkpt lat="-33.4312793390705" lon="-70.5215007666601">        <ele>804.222261372952</ele>        <time></time>      </trkpt>
      <trkpt lat="-33.4313207905009" lon="-70.5214840364506">        <ele>804.77265645629</ele>        <time></time>      </trkpt>
      <trkpt lat="-33.4313457607711" lon="-70.5214392199279">        <ele>805.4401173508</ele>        <time></time>      </trkpt>
      <trkpt lat="-33.4313688732779" lon="-70.5213933464023">        <ele>806.136193929171</ele>        <time></time>      </trkpt>
      <trkpt lat="-33.4313823669854" lon="-70.5213420001928">        <ele>806.829609983064</ele>        <time></time>      </trkpt>
      <trkpt lat="-33.4313830413911" lon="-70.5212903202723">        <ele>807.419614986891</ele>        <time></time>      </trkpt>
      <trkpt lat="-33.4313496062508" lon="-70.5212579098702">        <ele>807.778848130358</ele>        <time></time>      </trkpt>
      <trkpt lat="-33.4313112621048" lon="-70.5212330819668">        <ele>808.190785224851</ele>        <time></time>      </trkpt>
      <trkpt lat="-33.4312824235047" lon="-70.5211918486803">        <ele>809.003948745682</ele>        <time></time>      </trkpt>
      <trkpt lat="-33.4312687796445" lon="-70.5211428409404">        <ele>809.914380517456</ele>        <time></time>      </trkpt>
      <trkpt lat="-33.4312726891555" lon="-70.5210892341996">        <ele>810.928227983722</ele>        <time></time>      </trkpt>
      <trkpt lat="-33.4312829602523" lon="-70.5210369631237">        <ele>812.090592729931</ele>        <time></time>      </trkpt>
      <trkpt lat="-33.4312957263117" lon="-70.5209854172347">        <ele>813.389033726845</ele>        <time></time>      </trkpt>
      <trkpt lat="-33.4313123432045" lon="-70.5209353906123">        <ele>814.760954511245</ele>        <time></time>      </trkpt>
      <trkpt lat="-33.4313277737558" lon="-70.5208848645947">        <ele>815.925912665685</ele>        <time></time>      </trkpt>
      <trkpt lat="-33.4313411674722" lon="-70.5208334811741">        <ele>817.534611639099</ele>        <time></time>      </trkpt>
      <trkpt lat="-33.4313569491483" lon="-70.5207830920631">        <ele>819.085030388309</ele>        <time></time>      </trkpt>
      <trkpt lat="-33.4313732803137" lon="-70.5207329317417">        <ele>820.672813867626</ele>        <time></time>      </trkpt>
      <trkpt lat="-33.4313894882616" lon="-70.5206827166487">        <ele>821.636781442278</ele>        <time></time>      </trkpt>
      <trkpt lat="-33.4314046620648" lon="-70.5206320419453">        <ele>822.611748464079</ele>        <time></time>      </trkpt>
      <trkpt lat="-33.4314198358477" lon="-70.5205813672235">        <ele>823.339901294263</ele>        <time></time>      </trkpt>
      <trkpt lat="-33.4314331482698" lon="-70.5205300515509">        <ele>823.592765300395</ele>        <time></time>      </trkpt>
      <trkpt lat="-33.4314429562019" lon="-70.5204775291379">        <ele>824.004704976539</ele>        <time></time>      </trkpt>
      <trkpt lat="-33.431452764112" lon="-70.5204250067123">        <ele>824.809411930989</ele>        <time></time>      </trkpt>
      <trkpt lat="-33.4314618041218" lon="-70.5203722905514">        <ele>825.850497134703</ele>        <time></time>      </trkpt>
      <trkpt lat="-33.4314706691657" lon="-70.5203195302434">        <ele>826.961954164431</ele>        <time></time>      </trkpt>
      <trkpt lat="-33.4314806938264" lon="-70.5202670662995">        <ele>828.004953010615</ele>        <time></time>      </trkpt>
      <trkpt lat="-33.4314907342213" lon="-70.5202146063695">        <ele>828.993889398141</ele>        <time></time>      </trkpt>
      <trkpt lat="-33.4315007745943" lon="-70.5201621464265">        <ele>830.056735036474</ele>        <time></time>      </trkpt>
      <trkpt lat="-33.4315108128917" lon="-70.5201096859118">        <ele>831.324530957578</ele>        <time></time>      </trkpt>
      <trkpt lat="-33.4315208426513" lon="-70.5200572230671">        <ele>832.799151614554</ele>        <time></time>      </trkpt>
      <trkpt lat="-33.431530872389" lon="-70.5200047602095">        <ele>834.423532769974</ele>        <time></time>      </trkpt>
      <trkpt lat="-33.4315431693694" lon="-70.5199533110719">        <ele>835.730367438092</ele>        <time></time>      </trkpt>
      <trkpt lat="-33.4315645288169" lon="-70.5199059139083">        <ele>837.17246248982</ele>        <time></time>      </trkpt>
      <trkpt lat="-33.4315858882469" lon="-70.519858516721">        <ele>837.920255535564</ele>        <time></time>      </trkpt>
      <trkpt lat="-33.4316037695102" lon="-70.5198096379762">        <ele>839.201609567582</ele>        <time></time>      </trkpt>
      <trkpt lat="-33.4316124179474" lon="-70.5197568264596">        <ele>840.527457821144</ele>        <time></time>      </trkpt>
      <trkpt lat="-33.4316210663624" lon="-70.5197040149316">        <ele>841.862923321582</ele>        <time></time>      </trkpt>
      <trkpt lat="-33.4316266644886" lon="-70.5196512139792">        <ele>842.772396289843</ele>        <time></time>      </trkpt>
      <trkpt lat="-33.4316177585194" lon="-70.519598463369">        <ele>843.944048473384</ele>        <time></time>      </trkpt>
      <trkpt lat="-33.4316249028645" lon="-70.5195476892989">        <ele>844.850604748861</ele>        <time></time>      </trkpt>
      <trkpt lat="-33.4316426582304" lon="-70.5194982219184">        <ele>845.501207416793</ele>        <time></time>      </trkpt>
      <trkpt lat="-33.4316604135772" lon="-70.5194487545171">        <ele>846.208655972207</ele>        <time></time>      </trkpt>
      <trkpt lat="-33.4316688746133" lon="-70.5193970057818">        <ele>847.234064850943</ele>        <time></time>      </trkpt>
      <trkpt lat="-33.4316689404736" lon="-70.5193431964238">        <ele>848.717814609091</ele>        <time></time>      </trkpt>
      <trkpt lat="-33.4316676825038" lon="-70.5192895970175">        <ele>850.321359189628</ele>        <time></time>      </trkpt>
      <trkpt lat="-33.4316558283104" lon="-70.5192376781515">        <ele>852.367636266803</ele>        <time></time>      </trkpt>
      <trkpt lat="-33.4316439740948" lon="-70.5191857592987">        <ele>854.705897022442</ele>        <time></time>      </trkpt>
      <trkpt lat="-33.4316226140966" lon="-70.5191391150894">        <ele>856.468215641392</ele>        <time></time>      </trkpt>
      <trkpt lat="-33.4316038431043" lon="-70.5190932897383">        <ele>857.924517543122</ele>        <time></time>      </trkpt>
      <trkpt lat="-33.4316140347044" lon="-70.519040871204">        <ele>858.502038142007</ele>        <time></time>      </trkpt>
      <trkpt lat="-33.4316242262826" lon="-70.5189884526567">        <ele>858.829526623228</ele>        <time></time>      </trkpt>
      <trkpt lat="-33.4316344178391" lon="-70.5189360340963">        <ele>859.072631859652</ele>        <time></time>      </trkpt>
      <trkpt lat="-33.4316446093736" lon="-70.5188836155227">        <ele>859.315181629153</ele>        <time></time>      </trkpt>
      <trkpt lat="-33.4316527061055" lon="-70.5188310070972">        <ele>859.467362360925</ele>        <time></time>      </trkpt>
      <trkpt lat="-33.4316492725062" lon="-70.5187773537373">        <ele>859.898745707787</ele>        <time></time>      </trkpt>
      <trkpt lat="-33.4316237997046" lon="-70.5187828793849">        <ele>860.465268123178</ele>        <time></time>      </trkpt>
      <trkpt lat="-33.4316077331308" lon="-70.5188331612836">        <ele>860.40235897339</ele>        <time></time>      </trkpt>
      <trkpt lat="-33.4315916665371" lon="-70.5188834431631">        <ele>860.25808302035</ele>        <time></time>      </trkpt>
      <trkpt lat="-33.4315755999235" lon="-70.5189337250233">        <ele>860.141272370136</ele>        <time></time>      </trkpt>
      <trkpt lat="-33.43155953329" lon="-70.5189840068643">        <ele>860.023800934499</ele>        <time></time>      </trkpt>
      <trkpt lat="-33.4315434666366" lon="-70.5190342886861">        <ele>859.980921936499</ele>        <time></time>      </trkpt>
      <trkpt lat="-33.4315153050685" lon="-70.5190700317633">        <ele>859.954645443012</ele>        <time></time>      </trkpt>
      <trkpt lat="-33.4314748993442" lon="-70.5190934058673">        <ele>860.135618357773</ele>        <time></time>      </trkpt>
      <trkpt lat="-33.4314364111734" lon="-70.5191214830906">        <ele>859.878929532055</ele>        <time></time>      </trkpt>
      <trkpt lat="-33.4313968690743" lon="-70.5191472080413">        <ele>859.248084439353</ele>        <time></time>      </trkpt>
      <trkpt lat="-33.4313559078081" lon="-70.5191697655424">        <ele>858.56948114207</ele>        <time></time>      </trkpt>
      <trkpt lat="-33.431314946538" lon="-70.5191923230229">        <ele>857.880293726415</ele>        <time></time>      </trkpt>
      <trkpt lat="-33.4312739852642" lon="-70.5192148804828">        <ele>857.124639141378</ele>        <time></time>      </trkpt>
      <trkpt lat="-33.4312336429137" lon="-70.5192388876228">        <ele>856.345516615216</ele>        <time></time>      </trkpt>
      <trkpt lat="-33.4311943711981" lon="-70.5192652865352">        <ele>855.828744796893</ele>        <time></time>      </trkpt>
      <trkpt lat="-33.4311674180112" lon="-70.5193084381861">        <ele>854.980095120985</ele>        <time></time>      </trkpt>
      <trkpt lat="-33.4311404648098" lon="-70.51935158981">        <ele>854.060805307589</ele>        <time></time>      </trkpt>
      <trkpt lat="-33.4311135115941" lon="-70.5193947414069">        <ele>853.08486451746</ele>        <time></time>      </trkpt>
      <trkpt lat="-33.431086558364" lon="-70.5194378929769">        <ele>852.089607070738</ele>        <time></time>      </trkpt>
      <trkpt lat="-33.4310596051196" lon="-70.5194810445199">        <ele>850.936929713174</ele>        <time></time>      </trkpt>
      <trkpt lat="-33.4310303212629" lon="-70.5195216800029">        <ele>850.392236002708</ele>        <time></time>      </trkpt>
      <trkpt lat="-33.4309969952293" lon="-70.5195579516756">        <ele>849.978851208781</ele>        <time></time>      </trkpt>
      <trkpt lat="-33.4309636691857" lon="-70.5195942233208">        <ele>850.046617466882</ele>        <time></time>      </trkpt>
      <trkpt lat="-33.4309296306834" lon="-70.5196293668083">        <ele>850.192812013493</ele>        <time></time>      </trkpt>
      <trkpt lat="-33.430891199531" lon="-70.5196575547207">        <ele>850.75142864904</ele>        <time></time>      </trkpt>
      <trkpt lat="-33.4308527683726" lon="-70.5196857426087">        <ele>851.076007567404</ele>        <time></time>      </trkpt>
      <trkpt lat="-33.4308140484879" lon="-70.5197129281814">        <ele>851.331063270334</ele>        <time></time>      </trkpt>
      <trkpt lat="-33.4307692064635" lon="-70.519718860778">        <ele>851.648674899397</ele>        <time></time>      </trkpt>
      <trkpt lat="-33.4307243644387" lon="-70.5197247933693">        <ele>851.934154255604</ele>        <time></time>      </trkpt>
      <trkpt lat="-33.4307022943344" lon="-70.5197699168827">        <ele>851.825996735817</ele>        <time></time>      </trkpt>
      <trkpt lat="-33.4306818910521" lon="-70.5198179090372">        <ele>851.652452251543</ele>        <time></time>      </trkpt>
      <trkpt lat="-33.4306438932263" lon="-70.5198378424622">        <ele>851.58281130354</ele>        <time></time>      </trkpt>
      <trkpt lat="-33.4306208888532" lon="-70.5198097831592">        <ele>851.808819644741</ele>        <time></time>      </trkpt>
      <trkpt lat="-33.4306019710535" lon="-70.5197609331175">        <ele>852.239890625984</ele>        <time></time>      </trkpt>
      <trkpt lat="-33.4305794555102" lon="-70.5197194795038">        <ele>852.635941253848</ele>        <time></time>      </trkpt>
      <trkpt lat="-33.4305344575043" lon="-70.5197233157061">        <ele>852.592066656823</ele>        <time></time>      </trkpt>
      <trkpt lat="-33.43049659728" lon="-70.519741302139">        <ele>852.382267007559</ele>        <time></time>      </trkpt>
      <trkpt lat="-33.4304571471568" lon="-70.5197336778563">        <ele>852.538598579348</ele>        <time></time>      </trkpt>
      <trkpt lat="-33.4304149537822" lon="-70.5197505461003">        <ele>852.329819799337</ele>        <time></time>      </trkpt>
      <trkpt lat="-33.4303831643107" lon="-70.5197835503593">        <ele>851.879899357861</ele>        <time></time>      </trkpt>
      <trkpt lat="-33.4303419456922" lon="-70.5197715271074">        <ele>851.98374595902</ele>        <time></time>      </trkpt>
      <trkpt lat="-33.430296938474" lon="-70.5197712593611">        <ele>851.948649366617</ele>        <time></time>      </trkpt>
      <trkpt lat="-33.4302522393559" lon="-70.5197785365577">        <ele>852.056277515504</ele>        <time></time>      </trkpt>
      <trkpt lat="-33.4302092932991" lon="-70.5197913780514">        <ele>852.011777181624</ele>        <time></time>      </trkpt>
      <trkpt lat="-33.4301649438282" lon="-70.5197821327451">        <ele>852.764126689652</ele>        <time></time>      </trkpt>
      <trkpt lat="-33.4301212156339" lon="-70.5197700542797">        <ele>853.742517600957</ele>        <time></time>      </trkpt>
      <trkpt lat="-33.4300771959313" lon="-70.5197587848185">        <ele>854.786065799377</ele>        <time></time>      </trkpt>
      <trkpt lat="-33.4300347616315" lon="-70.5197427332483">        <ele>855.615042908481</ele>        <time></time>      </trkpt>
      <trkpt lat="-33.4299935623211" lon="-70.5197214972863">        <ele>856.650773600314</ele>        <time></time>      </trkpt>
      <trkpt lat="-33.4299530766422" lon="-70.5196981019679">        <ele>857.696256867602</ele>        <time></time>      </trkpt>
      <trkpt lat="-33.4299169647016" lon="-70.5196666300104">        <ele>858.457794869267</ele>        <time></time>      </trkpt>
      <trkpt lat="-33.4298847361956" lon="-70.5196293583786">        <ele>859.56200785362</ele>        <time></time>      </trkpt>
      <trkpt lat="-33.42985422994" lon="-70.5195898133607">        <ele>860.638364043375</ele>        <time></time>      </trkpt>
      <trkpt lat="-33.4298498828208" lon="-70.5195395858945">        <ele>861.428321947898</ele>        <time></time>      </trkpt>
      <trkpt lat="-33.4298780492129" lon="-70.5194991181259">        <ele>861.662442073711</ele>        <time></time>      </trkpt>
      <trkpt lat="-33.4299198458114" lon="-70.5194822081428">        <ele>861.469005274652</ele>        <time></time>      </trkpt>
      <trkpt lat="-33.4299614689551" lon="-70.5194675373849">        <ele>861.297000573543</ele>        <time></time>      </trkpt>
      <trkpt lat="-33.4299977646786" lon="-70.5194377380997">        <ele>861.633174880815</ele>        <time></time>      </trkpt>
      <trkpt lat="-33.4300354366538" lon="-70.5194090292836">        <ele>862.076319814877</ele>        <time></time>      </trkpt>
      <trkpt lat="-33.4300711423006" lon="-70.5193787077887">        <ele>862.374543597083</ele>        <time></time>      </trkpt>
      <trkpt lat="-33.4301127980637" lon="-70.5193596956016">        <ele>862.64900823972</ele>        <time></time>      </trkpt>
      <trkpt lat="-33.4301504785404" lon="-70.5193323327052">        <ele>863.212416409591</ele>        <time></time>      </trkpt>
      <trkpt lat="-33.4301900545791" lon="-70.5193123335209">        <ele>863.409177857899</ele>        <time></time>      </trkpt>
      <trkpt lat="-33.4302298446331" lon="-70.51929012916">        <ele>863.463474889977</ele>        <time></time>      </trkpt>
      <trkpt lat="-33.4302704407269" lon="-70.5192673176768">        <ele>863.582792525642</ele>        <time></time>      </trkpt>
      <trkpt lat="-33.4303115897154" lon="-70.5192470107803">        <ele>863.719641031262</ele>        <time></time>      </trkpt>
      <trkpt lat="-33.4303489330524" lon="-70.5192178151483">        <ele>864.325263055677</ele>        <time></time>      </trkpt>
      <trkpt lat="-33.4303893830899" lon="-70.5191956700184">        <ele>864.803343136487</ele>        <time></time>      </trkpt>
      <trkpt lat="-33.4304279852144" lon="-70.5191692745134">        <ele>865.349905694517</ele>        <time></time>      </trkpt>
      <trkpt lat="-33.4304651810011" lon="-70.5191391784756">        <ele>866.100992114807</ele>        <time></time>      </trkpt>
      <trkpt lat="-33.430503307571" lon="-70.5191125280998">        <ele>866.686095112984</ele>        <time></time>      </trkpt>
      <trkpt lat="-33.430542634478" lon="-70.5190887353301">        <ele>866.923265482219</ele>        <time></time>      </trkpt>
      <trkpt lat="-33.4305658880482" lon="-70.5190918066382">        <ele>866.76391068395</ele>        <time></time>      </trkpt>
      <trkpt lat="-33.4305930856695" lon="-70.5190520881311">        <ele>867.414356601164</ele>        <time></time>      </trkpt>
      <trkpt lat="-33.4306034334685" lon="-70.519005798522">        <ele>868.269851988481</ele>        <time></time>      </trkpt>
      <trkpt lat="-33.430576228536" lon="-70.5189641878729">        <ele>869.209580840776</ele>        <time></time>      </trkpt>
      <trkpt lat="-33.4305401058275" lon="-70.5189319941896">        <ele>869.855536769625</ele>        <time></time>      </trkpt>
      <trkpt lat="-33.4305048597778" lon="-70.5188989434262">        <ele>870.536594887415</ele>        <time></time>      </trkpt>
      <trkpt lat="-33.4304712603925" lon="-70.518864045006">        <ele>871.381363123112</ele>        <time></time>      </trkpt>
      <trkpt lat="-33.4304402084817" lon="-70.5188250723487">        <ele>872.410125114122</ele>        <time></time>      </trkpt>
      <trkpt lat="-33.4304065074769" lon="-70.5187895204073">        <ele>873.773673038857</ele>        <time></time>      </trkpt>
      <trkpt lat="-33.4303752652311" lon="-70.5187530535225">        <ele>874.806212045659</ele>        <time></time>      </trkpt>
      <trkpt lat="-33.4303452971378" lon="-70.5187130149341">        <ele>876.022610313877</ele>        <time></time>      </trkpt>
      <trkpt lat="-33.4303122585925" lon="-70.518676661729">        <ele>876.976198662585</ele>        <time></time>      </trkpt>
      <trkpt lat="-33.4302767365069" lon="-70.5186435568843">        <ele>878.020335505511</ele>        <time></time>      </trkpt>
      <trkpt lat="-33.4302402512623" lon="-70.5186184768613">        <ele>878.782476023115</ele>        <time></time>      </trkpt>
      <trkpt lat="-33.4302002712955" lon="-70.5185938874811">        <ele>879.785290451331</ele>        <time></time>      </trkpt>
      <trkpt lat="-33.4301588120617" lon="-70.5185729156802">        <ele>880.091960786674</ele>        <time></time>      </trkpt>
      <trkpt lat="-33.4301188176737" lon="-70.5185487628136">        <ele>880.808419987328</ele>        <time></time>      </trkpt>
      <trkpt lat="-33.4300791741728" lon="-70.5185240635441">        <ele>881.225563241964</ele>        <time></time>      </trkpt>
      <trkpt lat="-33.4300405636899" lon="-70.5184964342308">        <ele>881.577025962797</ele>        <time></time>      </trkpt>
      <trkpt lat="-33.430002407174" lon="-70.5184685426155">        <ele>882.030416365262</ele>        <time></time>      </trkpt>
      <trkpt lat="-33.4299670859075" lon="-70.5184352735184">        <ele>882.458377843395</ele>        <time></time>      </trkpt>
      <trkpt lat="-33.4299303234154" lon="-70.5184060492472">        <ele>882.907764106253</ele>        <time></time>      </trkpt>
      <trkpt lat="-33.4298887296232" lon="-70.5183856432973">        <ele>882.902891150072</ele>        <time></time>      </trkpt>
      <trkpt lat="-33.42984672537" lon="-70.5183682394146">        <ele>883.22009873919</ele>        <time></time>      </trkpt>
      <trkpt lat="-33.4298037065717" lon="-70.5183535976807">        <ele>883.329455269287</ele>        <time></time>      </trkpt>
      <trkpt lat="-33.4297622302523" lon="-70.5183359146165">        <ele>883.780382185493</ele>        <time></time>      </trkpt>
      <trkpt lat="-33.4297217743032" lon="-70.5183121463408">        <ele>884.347778943364</ele>        <time></time>      </trkpt>
      <trkpt lat="-33.4296885304098" lon="-70.5182760995702">        <ele>885.369734388047</ele>        <time></time>      </trkpt>
      <trkpt lat="-33.4296577340336" lon="-70.5182368523692">        <ele>886.977917872166</ele>        <time></time>      </trkpt>
      <trkpt lat="-33.4296520910255" lon="-70.5181880497674">        <ele>888.640439968505</ele>        <time></time>      </trkpt>
      <trkpt lat="-33.429696374822" lon="-70.5181843684961">        <ele>888.743702059242</ele>        <time></time>      </trkpt>
      <trkpt lat="-33.4297377155214" lon="-70.5181682235954">        <ele>888.950524174087</ele>        <time></time>      </trkpt>
      <trkpt lat="-33.4297763805419" lon="-70.518141787824">        <ele>889.845006510693</ele>        <time></time>      </trkpt>
      <trkpt lat="-33.4298167218242" lon="-70.5181204466521">        <ele>890.154699286949</ele>        <time></time>      </trkpt>
      <trkpt lat="-33.4298492000317" lon="-70.5180836365688">        <ele>890.535468512642</ele>        <time></time>      </trkpt>
      <trkpt lat="-33.4298794212074" lon="-70.5180438806307">        <ele>891.16983303929</ele>        <time></time>      </trkpt>
      <trkpt lat="-33.4299157869275" lon="-70.518013903758">        <ele>891.411639520157</ele>        <time></time>      </trkpt>
      <trkpt lat="-33.4299489358517" lon="-70.5179774792112">        <ele>891.741269104962</ele>        <time></time>      </trkpt>
      <trkpt lat="-33.4299821292185" lon="-70.5179421040863">        <ele>892.470917038461</ele>        <time></time>      </trkpt>
      <trkpt lat="-33.430013128062" lon="-70.5179032327626">        <ele>892.900762196913</ele>        <time></time>      </trkpt>
      <trkpt lat="-33.4300458328706" lon="-70.5178662225051">        <ele>893.555247497591</ele>        <time></time>      </trkpt>
      <trkpt lat="-33.4300751029172" lon="-70.5178261018212">        <ele>894.159543185232</ele>        <time></time>      </trkpt>
      <trkpt lat="-33.430104529156" lon="-70.5177860107881">        <ele>894.695276798783</ele>        <time></time>      </trkpt>
      <trkpt lat="-33.4301300257145" lon="-70.5177429873934">        <ele>895.339387274853</ele>        <time></time>      </trkpt>
      <trkpt lat="-33.4301598036271" lon="-70.5177046872991">        <ele>895.685119434139</ele>        <time></time>      </trkpt>
      <trkpt lat="-33.4301842246478" lon="-70.5176597472809">        <ele>896.372871133846</ele>        <time></time>      </trkpt>
      <trkpt lat="-33.4302068411065" lon="-70.517613485105">        <ele>897.331768707591</ele>        <time></time>      </trkpt>
      <trkpt lat="-33.430218306278" lon="-70.517562327296">        <ele>898.828602049558</ele>        <time></time>      </trkpt>
      <trkpt lat="-33.4302132649974" lon="-70.5175093648493">        <ele>900.523959939664</ele>        <time></time>      </trkpt>
      <trkpt lat="-33.4301793566747" lon="-70.5174843263659">        <ele>902.233748428406</ele>        <time></time>      </trkpt>
      <trkpt lat="-33.4301349122494" lon="-70.5174758155584">        <ele>902.854036855062</ele>        <time></time>      </trkpt>
      <trkpt lat="-33.4300900417055" lon="-70.5174812984393">        <ele>903.468452513448</ele>        <time></time>      </trkpt>
      <trkpt lat="-33.4300458502065" lon="-70.5174908856967">        <ele>903.652262840236</ele>        <time></time>      </trkpt>
      <trkpt lat="-33.4300018134673" lon="-70.5174937755765">        <ele>904.229640748613</ele>        <time></time>      </trkpt>
      <trkpt lat="-33.4299582907999" lon="-70.5174931191196">        <ele>904.788181679468</ele>        <time></time>      </trkpt>
      <trkpt lat="-33.4299199271833" lon="-70.5174673960942">        <ele>905.947850694072</ele>        <time></time>      </trkpt>
      <trkpt lat="-33.4298993177739" lon="-70.5174790031352">        <ele>905.793884402507</ele>        <time></time>      </trkpt>
      <trkpt lat="-33.4298731055593" lon="-70.5174352076218">        <ele>907.497372938</ele>        <time></time>      </trkpt>
      <trkpt lat="-33.42983125" lon="-70.517415999">        <ele>908.273545832354</ele>        <time></time>      </trkpt>
      <trkpt lat="-33.42983125" lon="-70.517415999">        <ele>908.427576199293</ele>        <time></time>      </trkpt>
      <trkpt lat="-33.4297904277924" lon="-70.5173935227467">        <ele>909.471680823259</ele>        <time></time>      </trkpt>
      <trkpt lat="-33.4297454691872" lon="-70.5173931403217">        <ele>909.827481950132</ele>        <time></time>      </trkpt>
      <trkpt lat="-33.4297004783681" lon="-70.5173951590686">        <ele>910.189627995209</ele>        <time></time>      </trkpt>
      <trkpt lat="-33.4296578020283" lon="-70.5173796733062">        <ele>910.801334474273</ele>        <time></time>      </trkpt>
      <trkpt lat="-33.4296142803723" lon="-70.5173705383242">        <ele>911.458926294395</ele>        <time></time>      </trkpt>
      <trkpt lat="-33.4295727821099" lon="-70.5173492045772">        <ele>912.356451949964</ele>        <time></time>      </trkpt>
      <trkpt lat="-33.429529364196" lon="-70.5173403184944">        <ele>912.887974523873</ele>        <time></time>      </trkpt>
      <trkpt lat="-33.4294846671872" lon="-70.5173393210465">        <ele>913.11156749987</ele>        <time></time>      </trkpt>
      <trkpt lat="-33.4294402447156" lon="-70.5173356159802">        <ele>913.396195566651</ele>        <time></time>      </trkpt>
      <trkpt lat="-33.4293965989341" lon="-70.5173227071053">        <ele>913.984730118078</ele>        <time></time>      </trkpt>
      <trkpt lat="-33.4293530937173" lon="-70.5173091370616">        <ele>914.808128621744</ele>        <time></time>      </trkpt>
      <trkpt lat="-33.4293113301986" lon="-70.5172891737553">        <ele>916.105138178039</ele>        <time></time>      </trkpt>
      <trkpt lat="-33.429287596465" lon="-70.5172936647924">        <ele>916.531738062652</ele>        <time></time>      </trkpt>
      <trkpt lat="-33.4292551208181" lon="-70.5172564278093">        <ele>917.89101659444</ele>        <time></time>      </trkpt>
      <trkpt lat="-33.4292155727429" lon="-70.5172321435501">        <ele>919.220436382627</ele>        <time></time>      </trkpt>
      <trkpt lat="-33.4291729866684" lon="-70.5172159263941">        <ele>920.440415394596</ele>        <time></time>      </trkpt>
      <trkpt lat="-33.4291291134575" lon="-70.5172055863585">        <ele>921.076911464565</ele>        <time></time>      </trkpt>
      <trkpt lat="-33.4290856718288" lon="-70.5172144795741">        <ele>921.711141152271</ele>        <time></time>      </trkpt>
      <trkpt lat="-33.42904244898" lon="-70.5172132639175">        <ele>922.355629656338</ele>        <time></time>      </trkpt>
      <trkpt lat="-33.4289977999189" lon="-70.517211244117">        <ele>923.013497617398</ele>        <time></time>      </trkpt>
      <trkpt lat="-33.4289546412832" lon="-70.5172079485976">        <ele>923.687344132828</ele>        <time></time>      </trkpt>
      <trkpt lat="-33.4289159692449" lon="-70.5171846718386">        <ele>925.011199384293</ele>        <time></time>      </trkpt>
      <trkpt lat="-33.428897038752" lon="-70.5171952416861">        <ele>924.907166119313</ele>        <time></time>      </trkpt>
      <trkpt lat="-33.4288650058574" lon="-70.5171590348497">        <ele>926.663156743678</ele>        <time></time>      </trkpt>
      <trkpt lat="-33.428820482345" lon="-70.5171654916711">        <ele>927.179234745825</ele>        <time></time>      </trkpt>
      <trkpt lat="-33.428775547523" lon="-70.5171613930164">        <ele>927.667330794947</ele>        <time></time>      </trkpt>
      <trkpt lat="-33.4287317631485" lon="-70.5171505227384">        <ele>928.355063257884</ele>        <time></time>      </trkpt>
      <trkpt lat="-33.428692571162" lon="-70.5171291176387">        <ele>929.313646979682</ele>        <time></time>      </trkpt>
      <trkpt lat="-33.4286619234929" lon="-70.5170895079382">        <ele>930.952140699271</ele>        <time></time>      </trkpt>
      <trkpt lat="-33.4286524964747" lon="-70.5170501858335">        <ele>932.215089655756</ele>        <time></time>      </trkpt>
      <trkpt lat="-33.4286973026657" lon="-70.517045378999">        <ele>932.241731747664</ele>        <time></time>      </trkpt>
      <trkpt lat="-33.4287407624965" lon="-70.5170395080247">        <ele>932.021126194968</ele>        <time></time>      </trkpt>
      <trkpt lat="-33.4287838347743" lon="-70.5170234629282">        <ele>932.418020070879</ele>        <time></time>      </trkpt>
      <trkpt lat="-33.4288198373219" lon="-70.5169941003312">        <ele>933.083099818791</ele>        <time></time>      </trkpt>
      <trkpt lat="-33.4288633160409" lon="-70.5169806228252">        <ele>932.808779724654</ele>        <time></time>      </trkpt>
      <trkpt lat="-33.4289039875033" lon="-70.5169574003731">        <ele>932.970734099283</ele>        <time></time>      </trkpt>
      <trkpt lat="-33.4289413246906" lon="-70.5169281150543">        <ele>933.415710641971</ele>        <time></time>      </trkpt>
      <trkpt lat="-33.4289818896821" lon="-70.5169057131441">        <ele>933.677909483857</ele>        <time></time>      </trkpt>
      <trkpt lat="-33.4290210045911" lon="-70.516878986554">        <ele>934.332440852767</ele>        <time></time>      </trkpt>
      <trkpt lat="-33.4290624511325" lon="-70.5168577770971">        <ele>934.444799926177</ele>        <time></time>      </trkpt>
      <trkpt lat="-33.4291043068849" lon="-70.516837727057">        <ele>934.548764637685</ele>        <time></time>      </trkpt>
      <trkpt lat="-33.4291447274543" lon="-70.516823556491">        <ele>934.457502938787</ele>        <time></time>      </trkpt>
      <trkpt lat="-33.4291846884653" lon="-70.5168030965931">        <ele>934.832423997154</ele>        <time></time>      </trkpt>
      <trkpt lat="-33.429228725325" lon="-70.5167914678793">        <ele>934.681875030416</ele>        <time></time>      </trkpt>
      <trkpt lat="-33.4292704960145" lon="-70.516775188843">        <ele>934.861464405481</ele>        <time></time>      </trkpt>
      <trkpt lat="-33.4293137395775" lon="-70.5167643135538">        <ele>934.487633775469</ele>        <time></time>      </trkpt>
      <trkpt lat="-33.4293581883351" lon="-70.5167549266138">        <ele>934.201909541296</ele>        <time></time>      </trkpt>
      <trkpt lat="-33.4294006837613" lon="-70.5167385847531">        <ele>934.290658448917</ele>        <time></time>      </trkpt>
      <trkpt lat="-33.4294418735299" lon="-70.5167168300649">        <ele>935.089542784979</ele>        <time></time>      </trkpt>
      <trkpt lat="-33.4294810863302" lon="-70.5166938581036">        <ele>936.719143343322</ele>        <time></time>      </trkpt>
      <trkpt lat="-33.429512568603" lon="-70.5166588104527">        <ele>938.450810079439</ele>        <time></time>      </trkpt>
      <trkpt lat="-33.4295282936202" lon="-70.5166097306148">        <ele>941.312237882187</ele>        <time></time>      </trkpt>
      <trkpt lat="-33.4295008452341" lon="-70.516573550379">        <ele>943.078643670112</ele>        <time></time>      </trkpt>
      <trkpt lat="-33.4294567524115" lon="-70.5165646734128">        <ele>943.722273715036</ele>        <time></time>      </trkpt>
      <trkpt lat="-33.4294120020404" lon="-70.5165721338149">        <ele>943.142569856667</ele>        <time></time>      </trkpt>
      <trkpt lat="-33.4293670437424" lon="-70.5165776353881">        <ele>942.556903615141</ele>        <time></time>      </trkpt>
      <trkpt lat="-33.4293228025979" lon="-70.5165875452622">        <ele>942.074327906272</ele>        <time></time>      </trkpt>
      <trkpt lat="-33.4292813134092" lon="-70.5165906173749">        <ele>942.174716846724</ele>        <time></time>      </trkpt>
      <trkpt lat="-33.4292401769764" lon="-70.5165687351507">        <ele>943.097656717139</ele>        <time></time>      </trkpt>
      <trkpt lat="-33.4292009673178" lon="-70.5165434696341">        <ele>943.9527806796</ele>        <time></time>      </trkpt>
      <trkpt lat="-33.4291683016585" lon="-70.5165063605918">        <ele>945.682851425219</ele>        <time></time>      </trkpt>
      <trkpt lat="-33.4291471287789" lon="-70.5164588997765">        <ele>947.392018577595</ele>        <time></time>      </trkpt>
      <trkpt lat="-33.4291618655505" lon="-70.5164241852512">        <ele>948.563809344987</ele>        <time></time>      </trkpt>
      <trkpt lat="-33.4291998812594" lon="-70.5164005002343">        <ele>949.393901717809</ele>        <time></time>      </trkpt>
      <trkpt lat="-33.4292447169952" lon="-70.5163940839132">        <ele>949.978546323329</ele>        <time></time>      </trkpt>
      <trkpt lat="-33.4292847113676" lon="-70.516370221661">        <ele>951.142830396343</ele>        <time></time>      </trkpt>
      <trkpt lat="-33.4293220085484" lon="-70.5163408501151">        <ele>952.60591305338</ele>        <time></time>      </trkpt>
      <trkpt lat="-33.4293453401976" lon="-70.5162958999359">        <ele>954.289571489964</ele>        <time></time>      </trkpt>
      <trkpt lat="-33.429378363701" lon="-70.5162598725623">        <ele>955.806083691089</ele>        <time></time>      </trkpt>
      <trkpt lat="-33.4294136897819" lon="-70.5162268671892">        <ele>956.728951294432</ele>        <time></time>      </trkpt>
      <trkpt lat="-33.4294489714706" lon="-70.516193667118">        <ele>957.247053054408</ele>        <time></time>      </trkpt>
      <trkpt lat="-33.4294835757681" lon="-70.5161602798646">        <ele>957.360898256909</ele>        <time></time>      </trkpt>
      <trkpt lat="-33.4295200696712" lon="-70.5161305134743">        <ele>957.340597617047</ele>        <time></time>      </trkpt>
      <trkpt lat="-33.4295544165462" lon="-70.5160972279641">        <ele>957.413008234395</ele>        <time></time>      </trkpt>
      <trkpt lat="-33.4295863299973" lon="-70.5160598225168">        <ele>957.583373715298</ele>        <time></time>      </trkpt>
      <trkpt lat="-33.4296184068648" lon="-70.5160225965032">        <ele>957.784701866658</ele>        <time></time>      </trkpt>
      <trkpt lat="-33.4296474948645" lon="-70.5159820933332">        <ele>958.213593978947</ele>        <time></time>      </trkpt>
      <trkpt lat="-33.4296917216193" lon="-70.5159720385929">        <ele>958.318677954529</ele>        <time></time>      </trkpt>
      <trkpt lat="-33.4297350374052" lon="-70.5159570825221">        <ele>958.53617470472</ele>        <time></time>      </trkpt>
      <trkpt lat="-33.4297718284262" lon="-70.5159263307693">        <ele>958.803238770688</ele>        <time></time>      </trkpt>
      <trkpt lat="-33.4298068188358" lon="-70.5158930016282">        <ele>959.521098226765</ele>        <time></time>      </trkpt>
      <trkpt lat="-33.42984366184" lon="-70.5158622245443">        <ele>959.771486758804</ele>        <time></time>      </trkpt>
      <trkpt lat="-33.4298639771563" lon="-70.5158183848756">        <ele>960.277910499784</ele>        <time></time>      </trkpt>
      <trkpt lat="-33.4298411734279" lon="-70.515773681722">        <ele>961.350481347908</ele>        <time></time>      </trkpt>
      <trkpt lat="-33.4298035461044" lon="-70.5157443648713">        <ele>962.250240144731</ele>        <time></time>      </trkpt>
      <trkpt lat="-33.4297646694835" lon="-70.5157179544735">        <ele>963.118729632492</ele>        <time></time>      </trkpt>
      <trkpt lat="-33.4297274137058" lon="-70.5156883667191">        <ele>963.67109736236</ele>        <time></time>      </trkpt>
      <trkpt lat="-33.4296889498233" lon="-70.5156608657981">        <ele>963.993889830359</ele>        <time></time>      </trkpt>
      <trkpt lat="-33.4296473626898" lon="-70.5156430981559">        <ele>964.356701850609</ele>        <time></time>      </trkpt>
      <trkpt lat="-33.4296087394137" lon="-70.5156167356762">        <ele>964.902188543999</ele>        <time></time>      </trkpt>
      <trkpt lat="-33.4295798280677" lon="-70.5155764903433">        <ele>966.102452127174</ele>        <time></time>      </trkpt>
      <trkpt lat="-33.4295427822881" lon="-70.5155468766527">        <ele>966.797856445152</ele>        <time></time>      </trkpt>
      <trkpt lat="-33.4295070489446" lon="-70.5155149985426">        <ele>967.789826719958</ele>        <time></time>      </trkpt>
      <trkpt lat="-33.4294682545951" lon="-70.5154914379378">        <ele>968.466880444701</ele>        <time></time>      </trkpt>
      <trkpt lat="-33.4294269917779" lon="-70.5154734140217">        <ele>969.227301983389</ele>        <time></time>      </trkpt>
      <trkpt lat="-33.4293882714606" lon="-70.5154459036204">        <ele>970.607842746614</ele>        <time></time>      </trkpt>
      <trkpt lat="-33.42935321071" lon="-70.5154127411544">        <ele>972.113210382142</ele>        <time></time>      </trkpt>
      <trkpt lat="-33.4293153873406" lon="-70.51538393105">        <ele>973.189982231779</ele>        <time></time>      </trkpt>
      <trkpt lat="-33.4292754797033" lon="-70.5153596329622">        <ele>974.178332701381</ele>        <time></time>      </trkpt>
      <trkpt lat="-33.4292339435843" lon="-70.515344549219">        <ele>975.07952315295</ele>        <time></time>      </trkpt>
      <trkpt lat="-33.4291954775365" lon="-70.5153190480123">        <ele>975.815924044083</ele>        <time></time>      </trkpt>
      <trkpt lat="-33.4291553542639" lon="-70.5152959140251">        <ele>976.449148788039</ele>        <time></time>      </trkpt>
      <trkpt lat="-33.4291143526987" lon="-70.5152755988663">        <ele>976.936734043783</ele>        <time></time>      </trkpt>
      <trkpt lat="-33.4290782356365" lon="-70.51524432766">        <ele>977.528959850257</ele>        <time></time>      </trkpt>
      <trkpt lat="-33.4290404401338" lon="-70.5152164097728">        <ele>977.889255778658</ele>        <time></time>      </trkpt>
      <trkpt lat="-33.4290016756966" lon="-70.5151889861901">        <ele>978.622496963992</ele>        <time></time>      </trkpt>
      <trkpt lat="-33.4289639748447" lon="-70.5151609425992">        <ele>979.206943778835</ele>        <time></time>      </trkpt>
      <trkpt lat="-33.4289250823118" lon="-70.5151380603969">        <ele>979.890172141765</ele>        <time></time>      </trkpt>
      <trkpt lat="-33.4288848075979" lon="-70.5151162436753">        <ele>980.593726340108</ele>        <time></time>      </trkpt>
      <trkpt lat="-33.4288476917259" lon="-70.5150863209174">        <ele>981.621149742525</ele>        <time></time>      </trkpt>
      <trkpt lat="-33.4288081233622" lon="-70.5150613340798">        <ele>982.219367040486</ele>        <time></time>      </trkpt>
      <trkpt lat="-33.428770865548" lon="-70.5150313237612">        <ele>983.087913060921</ele>        <time></time>      </trkpt>
      <trkpt lat="-33.4287399876152" lon="-70.5149926819582">        <ele>984.211500829469</ele>        <time></time>      </trkpt>
      <trkpt lat="-33.4287076975147" lon="-70.5149551542399">        <ele>985.143364624245</ele>        <time></time>      </trkpt>
      <trkpt lat="-33.4286799546865" lon="-70.5149128168281">        <ele>986.520393852295</ele>        <time></time>      </trkpt>
      <trkpt lat="-33.4286607871252" lon="-70.5148647277928">        <ele>987.950999831931</ele>        <time></time>      </trkpt>
      <trkpt lat="-33.4286644017209" lon="-70.5148127036922">        <ele>989.467764687333</ele>        <time></time>      </trkpt>
      <trkpt lat="-33.4286998557585" lon="-70.5147913891173">        <ele>989.796867613045</ele>        <time></time>      </trkpt>
      <trkpt lat="-33.428741223595" lon="-70.5147788862902">        <ele>990.005866890605</ele>        <time></time>      </trkpt>
      <trkpt lat="-33.4287760996158" lon="-70.5147495290416">        <ele>990.748739587276</ele>        <time></time>      </trkpt>
      <trkpt lat="-33.42879878354" lon="-70.5147574492247">        <ele>990.858311515252</ele>        <time></time>      </trkpt>
      <trkpt lat="-33.4288034783958" lon="-70.5147052114222">        <ele>991.616983903177</ele>        <time></time>      </trkpt>
      <trkpt lat="-33.4288415296896" lon="-70.5146786083314">        <ele>992.304616811772</ele>        <time></time>      </trkpt>
      <trkpt lat="-33.4288858418381" lon="-70.5146733680593">        <ele>992.723559264069</ele>        <time></time>      </trkpt>
      <trkpt lat="-33.4289272041124" lon="-70.514658059251">        <ele>993.23034427045</ele>        <time></time>      </trkpt>
      <trkpt lat="-33.4289667695471" lon="-70.514632323654">        <ele>994.011599722622</ele>        <time></time>      </trkpt>
      <trkpt lat="-33.4290076241193" lon="-70.5146100998928">        <ele>995.447134606406</ele>        <time></time>      </trkpt>
      <trkpt lat="-33.4290479883374" lon="-70.5145906230807">        <ele>996.349148413291</ele>        <time></time>      </trkpt>
      <trkpt lat="-33.4290871428872" lon="-70.5145663246018">        <ele>998.089649254513</ele>        <time></time>      </trkpt>
      <trkpt lat="-33.4291209248657" lon="-70.5145386354109">        <ele>999.077164438827</ele>        <time></time>      </trkpt>
      <trkpt lat="-33.4291587894281" lon="-70.5145097282753">        <ele>1000.2526955799</ele>        <time></time>      </trkpt>
      <trkpt lat="-33.4291974694225" lon="-70.5144828324357">        <ele>1000.83913898693</ele>        <time></time>      </trkpt>
      <trkpt lat="-33.4292366292029" lon="-70.5144563408347">        <ele>1000.60893495843</ele>        <time></time>      </trkpt>
      <trkpt lat="-33.42927646042" lon="-70.5144310799806">        <ele>1000.25016612084</ele>        <time></time>      </trkpt>
      <trkpt lat="-33.4293102813467" lon="-70.5143960422448">        <ele>999.675908716614</ele>        <time></time>      </trkpt>
      <trkpt lat="-33.4293389770754" lon="-70.5143547991155">        <ele>999.661931177113</ele>        <time></time>      </trkpt>
      <trkpt lat="-33.4293610238138" lon="-70.5143080477849">        <ele>999.66902295518</ele>        <time></time>      </trkpt>
      <trkpt lat="-33.429368174602" lon="-70.5142551099032">        <ele>1000.63691797564</ele>        <time></time>      </trkpt>
      <trkpt lat="-33.429361496344" lon="-70.5142027143386">        <ele>1001.56499616736</ele>        <time></time>      </trkpt>
      <trkpt lat="-33.4293348727232" lon="-70.5141599767031">        <ele>1002.58580264806</ele>        <time></time>      </trkpt>
      <trkpt lat="-33.4292997097264" lon="-70.5141294405531">        <ele>1003.37917214137</ele>        <time></time>      </trkpt>
      <trkpt lat="-33.4292558156979" lon="-70.5141341366691">        <ele>1004.25755129544</ele>        <time></time>      </trkpt>
      <trkpt lat="-33.4292166630366" lon="-70.5141183609953">        <ele>1005.3494660939</ele>        <time></time>      </trkpt>
      <trkpt lat="-33.4291780339645" lon="-70.5140904282581">        <ele>1006.24325168824</ele>        <time></time>      </trkpt>
      <trkpt lat="-33.4291402702634" lon="-70.5140611348189">        <ele>1007.07015025144</ele>        <time></time>      </trkpt>
      <trkpt lat="-33.4291057589423" lon="-70.5140291699063">        <ele>1007.71952619383</ele>        <time></time>      </trkpt>
      <trkpt lat="-33.4290681590098" lon="-70.5140044019667">        <ele>1008.27445939227</ele>        <time></time>      </trkpt>
      <trkpt lat="-33.4290353031671" lon="-70.5139971968211">        <ele>1008.82512655094</ele>        <time></time>      </trkpt>
      <trkpt lat="-33.4290117701498" lon="-70.5139542622874">        <ele>1009.25293027258</ele>        <time></time>      </trkpt>
      <trkpt lat="-33.4289934390887" lon="-70.51390552168">        <ele>1009.64956558948</ele>        <time></time>      </trkpt>
      <trkpt lat="-33.4289755077772" lon="-70.5138560444839">        <ele>1010.11967025569</ele>        <time></time>      </trkpt>
      <trkpt lat="-33.4289589494141" lon="-70.5138058939744">        <ele>1010.57619198371</ele>        <time></time>      </trkpt>
      <trkpt lat="-33.4289453588907" lon="-70.5137545559563">        <ele>1011.03560322375</ele>        <time></time>      </trkpt>
      <trkpt lat="-33.4289331597551" lon="-70.5137027467798">        <ele>1011.72864263525</ele>        <time></time>      </trkpt>
      <trkpt lat="-33.4289190611778" lon="-70.5136515737444">        <ele>1012.54170372452</ele>        <time></time>      </trkpt>
      <trkpt lat="-33.4289064521888" lon="-70.513599813488">        <ele>1013.48078877323</ele>        <time></time>      </trkpt>
      <trkpt lat="-33.4288944922925" lon="-70.5135478333771">        <ele>1014.53216335246</ele>        <time></time>      </trkpt>
      <trkpt lat="-33.4288822668466" lon="-70.5134959412791">        <ele>1015.61248477619</ele>        <time></time>      </trkpt>
      <trkpt lat="-33.4288708313739" lon="-70.5134438023685">        <ele>1016.37566982038</ele>        <time></time>      </trkpt>
      <trkpt lat="-33.4288585510715" lon="-70.5133919286465">        <ele>1016.89240697478</ele>        <time></time>      </trkpt>
      <trkpt lat="-33.4288436578672" lon="-70.5133410605553">        <ele>1017.26157265648</ele>        <time></time>      </trkpt>
      <trkpt lat="-33.4288201321684" lon="-70.5132955081334">        <ele>1017.70052637479</ele>        <time></time>      </trkpt>
      <trkpt lat="-33.4287977308709" lon="-70.513248990372">        <ele>1017.99980898631</ele>        <time></time>      </trkpt>
      <trkpt lat="-33.4287720089947" lon="-70.513205017756">        <ele>1018.28772716461</ele>        <time></time>      </trkpt>
      <trkpt lat="-33.4287434665029" lon="-70.5131632250897">        <ele>1018.53786104801</ele>        <time></time>      </trkpt>
      <trkpt lat="-33.4287149239962" lon="-70.5131214324506">        <ele>1018.79851699744</ele>        <time></time>      </trkpt>
      <trkpt lat="-33.4286899477651" lon="-70.5130765980574">        <ele>1019.11108102875</ele>        <time></time>      </trkpt>
      <trkpt lat="-33.428666011458" lon="-70.5130308766964">        <ele>1019.50121327212</ele>        <time></time>      </trkpt>
      <trkpt lat="-33.4286420751332" lon="-70.5129851553601">        <ele>1019.97460647581</ele>        <time></time>      </trkpt>
      <trkpt lat="-33.4286182672366" lon="-70.5129393387846">        <ele>1020.52067629885</ele>        <time></time>      </trkpt>
      <trkpt lat="-33.4285944685301" lon="-70.5128935154047">        <ele>1021.34587408688</ele>        <time></time>      </trkpt>
      <trkpt lat="-33.428570461779" lon="-70.5128478477002">        <ele>1022.06821027522</ele>        <time></time>      </trkpt>
      <trkpt lat="-33.4285462228584" lon="-70.5128023537222">        <ele>1022.82505043762</ele>        <time></time>      </trkpt>
      <trkpt lat="-33.4285219839202" lon="-70.5127568597691">        <ele>1023.59050808284</ele>        <time></time>      </trkpt>
      <trkpt lat="-33.4285054925244" lon="-70.5127077644909">        <ele>1024.38151248209</ele>        <time></time>      </trkpt>
      <trkpt lat="-33.4284975238833" lon="-70.5126547075269">        <ele>1025.06540402954</ele>        <time></time>      </trkpt>
      <trkpt lat="-33.4284895552191" lon="-70.5126016505716">        <ele>1025.6687667036</ele>        <time></time>      </trkpt>
      <trkpt lat="-33.428490159041" lon="-70.5125477572301">        <ele>1026.23792823713</ele>        <time></time>      </trkpt>
      <trkpt lat="-33.4284907911384" lon="-70.5124938611257">        <ele>1026.83323608948</ele>        <time></time>      </trkpt>
      <trkpt lat="-33.4284914232124" lon="-70.5124399650198">        <ele>1027.46810626236</ele>        <time></time>      </trkpt>
      <trkpt lat="-33.4284920552631" lon="-70.512386068912">        <ele>1028.13952057254</ele>        <time></time>      </trkpt>
      <trkpt lat="-33.4284926872903" lon="-70.5123321728026">        <ele>1028.82880187841</ele>        <time></time>      </trkpt>
      <trkpt lat="-33.4284933192941" lon="-70.5122782766914">        <ele>1029.47632190959</ele>        <time></time>      </trkpt>
      <trkpt lat="-33.4284934892493" lon="-70.512224376504">        <ele>1030.00230667614</ele>        <time></time>      </trkpt>
      <trkpt lat="-33.4284935256425" lon="-70.5121704751378">        <ele>1030.4044672896</ele>        <time></time>      </trkpt>
      <trkpt lat="-33.4284935620123" lon="-70.5121165737707">        <ele>1030.67426609762</ele>        <time></time>      </trkpt>
      <trkpt lat="-33.4284935983587" lon="-70.5120626724026">        <ele>1030.92683923105</ele>        <time></time>      </trkpt>
      <trkpt lat="-33.4284936346817" lon="-70.5120087710335">        <ele>1031.23513753181</ele>        <time></time>      </trkpt>
      <trkpt lat="-33.4284936709812" lon="-70.5119548696634">        <ele>1031.5772052543</ele>        <time></time>      </trkpt>
      <trkpt lat="-33.4284937072573" lon="-70.5119009682924">        <ele>1031.8831396243</ele>        <time></time>      </trkpt>
      <trkpt lat="-33.428495206864" lon="-70.5118471182957">        <ele>1032.07696740332</ele>        <time></time>      </trkpt>
      <trkpt lat="-33.4284978292957" lon="-70.5117933077164">        <ele>1032.14606215588</ele>        <time></time>      </trkpt>
      <trkpt lat="-33.428500451704" lon="-70.511739497133">        <ele>1032.1003370667</ele>        <time></time>      </trkpt>
      <trkpt lat="-33.4285030740892" lon="-70.5116856865454">        <ele>1032.06266309159</ele>        <time></time>      </trkpt>
      <trkpt lat="-33.4285020496709" lon="-70.5116319479768">        <ele>1032.04137449793</ele>        <time></time>      </trkpt>
      <trkpt lat="-33.4284979347866" lon="-70.5115782704462">        <ele>1032.10777039884</ele>        <time></time>      </trkpt>
      <trkpt lat="-33.428493819879" lon="-70.5115245929197">        <ele>1032.12122600696</ele>        <time></time>      </trkpt>
      <trkpt lat="-33.4284897049479" lon="-70.5114709153974">        <ele>1032.19792155906</ele>        <time></time>      </trkpt>
      <trkpt lat="-33.4284818146644" lon="-70.511417860485">        <ele>1032.25139828388</ele>        <time></time>      </trkpt>
      <trkpt lat="-33.4284735613587" lon="-70.5113648654453">        <ele>1032.29160394709</ele>        <time></time>      </trkpt>
      <trkpt lat="-33.4284653080301" lon="-70.5113118704148">        <ele>1032.35290473116</ele>        <time></time>      </trkpt>
      <trkpt lat="-33.4284570546785" lon="-70.5112588753934">        <ele>1032.51038248842</ele>        <time></time>      </trkpt>
      <trkpt lat="-33.428448801304" lon="-70.5112058803812">        <ele>1032.8207182632</ele>        <time></time>      </trkpt>
      <trkpt lat="-33.4284405479066" lon="-70.5111528853782">        <ele>1033.30085459614</ele>        <time></time>      </trkpt>
      <trkpt lat="-33.4284557007619" lon="-70.5111043010896">        <ele>1033.56241076379</ele>        <time></time>      </trkpt>
      <trkpt lat="-33.4284772523807" lon="-70.5110569225744">        <ele>1033.84737590621</ele>        <time></time>      </trkpt>
      <trkpt lat="-33.4284988039819" lon="-70.5110095440352">        <ele>1034.28011980551</ele>        <time></time>      </trkpt>
      <trkpt lat="-33.4285203555656" lon="-70.5109621654721">        <ele>1034.41705582312</ele>        <time></time>      </trkpt>
      <trkpt lat="-33.4285376102168" lon="-70.5109124144419">        <ele>1034.60799737022</ele>        <time></time>      </trkpt>
      <trkpt lat="-33.4285539572135" lon="-70.510862162262">        <ele>1034.68893082783</ele>        <time></time>      </trkpt>
      <trkpt lat="-33.4285703041903" lon="-70.5108119100625">        <ele>1034.4934784546</ele>        <time></time>      </trkpt>
      <trkpt lat="-33.4285866511472" lon="-70.5107616578435">        <ele>1034.04298726962</ele>        <time></time>      </trkpt>
      <trkpt lat="-33.4286029980843" lon="-70.5107114056049">        <ele>1033.579656695</ele>        <time></time>      </trkpt>
      <trkpt lat="-33.4286193450015" lon="-70.5106611533468">        <ele>1033.19053621081</ele>        <time></time>      </trkpt>
      <trkpt lat="-33.4286356918987" lon="-70.5106109010692">        <ele>1033.00561481774</ele>        <time></time>      </trkpt>
      <trkpt lat="-33.4286564156962" lon="-70.5105632490411">        <ele>1032.99064913552</ele>        <time></time>      </trkpt>
      <trkpt lat="-33.428680201798" lon="-70.5105174162725">        <ele>1032.87095548437</ele>        <time></time>      </trkpt>
      <trkpt lat="-33.4287039878834" lon="-70.5104715834784">        <ele>1032.59260710953</ele>        <time></time>      </trkpt>
      <trkpt lat="-33.4287277739525" lon="-70.5104257506589">        <ele>1032.3310326263</ele>        <time></time>      </trkpt>
      <trkpt lat="-33.4287515600053" lon="-70.510379917814">        <ele>1032.11683827504</ele>        <time></time>      </trkpt>
      <trkpt lat="-33.4287629554643" lon="-70.5103286711511">        <ele>1031.99805577359</ele>        <time></time>      </trkpt>
      <trkpt lat="-33.4287696253872" lon="-70.5102753597664">        <ele>1031.7901423467</ele>        <time></time>      </trkpt>
      <trkpt lat="-33.4287762952874" lon="-70.5102220483726">        <ele>1031.38770416848</ele>        <time></time>      </trkpt>
      <trkpt lat="-33.4287829651648" lon="-70.5101687369698">        <ele>1031.02371874455</ele>        <time></time>      </trkpt>
      <trkpt lat="-33.4287896350196" lon="-70.510115425558">        <ele>1030.67521612661</ele>        <time></time>      </trkpt>
      <trkpt lat="-33.4287963048517" lon="-70.5100621141371">        <ele>1030.37237383208</ele>        <time></time>      </trkpt>
      <trkpt lat="-33.428802974661" lon="-70.5100088027071">        <ele>1029.97501332569</ele>        <time></time>      </trkpt>
      <trkpt lat="-33.4288096444477" lon="-70.5099554912681">        <ele>1029.55101132862</ele>        <time></time>      </trkpt>
      <trkpt lat="-33.4288163142117" lon="-70.5099021798201">        <ele>1029.2284859123</ele>        <time></time>      </trkpt>
      <trkpt lat="-33.428822983953" lon="-70.5098488683629">        <ele>1028.89940093054</ele>        <time></time>      </trkpt>
      <trkpt lat="-33.4288296536715" lon="-70.5097955568968">        <ele>1028.65468904014</ele>        <time></time>      </trkpt>
      <trkpt lat="-33.4288359487679" lon="-70.5097421811191">        <ele>1028.48399655435</ele>        <time></time>      </trkpt>
      <trkpt lat="-33.4288421564784" lon="-70.5096887903363">        <ele>1028.20202459732</ele>        <time></time>      </trkpt>
      <trkpt lat="-33.4288483641661" lon="-70.509635399545">        <ele>1027.71682726044</ele>        <time></time>      </trkpt>
      <trkpt lat="-33.428854571831" lon="-70.5095820087452">        <ele>1027.03549801869</ele>        <time></time>      </trkpt>
      <trkpt lat="-33.4288607794731" lon="-70.509528617937">        <ele>1026.27602556875</ele>        <time></time>      </trkpt>
      <trkpt lat="-33.4288669870924" lon="-70.5094752271202">        <ele>1025.63105592064</ele>        <time></time>      </trkpt>
      <trkpt lat="-33.428873194689" lon="-70.5094218362949">        <ele>1025.19440274791</ele>        <time></time>      </trkpt>
      <trkpt lat="-33.4288794022627" lon="-70.5093684454611">        <ele>1024.93663585305</ele>        <time></time>      </trkpt>
      <trkpt lat="-33.4288846526447" lon="-70.509314942857">        <ele>1024.8237275901</ele>        <time></time>      </trkpt>
      <trkpt lat="-33.42888724561" lon="-70.5092611299623">        <ele>1024.73255503701</ele>        <time></time>      </trkpt>
      <trkpt lat="-33.4288898385522" lon="-70.5092073170635">        <ele>1024.53553932476</ele>        <time></time>      </trkpt>
      <trkpt lat="-33.428892431471" lon="-70.5091535041606">        <ele>1024.06848688625</ele>        <time></time>      </trkpt>
      <trkpt lat="-33.4288950243666" lon="-70.5090996912535">        <ele>1023.22855795991</ele>        <time></time>      </trkpt>
      <trkpt lat="-33.4288976172389" lon="-70.5090458783422">        <ele>1022.20545667816</ele>        <time></time>      </trkpt>
      <trkpt lat="-33.4289052843466" lon="-70.5089928906785">        <ele>1021.2259608807</ele>        <time></time>      </trkpt>
      <trkpt lat="-33.4289148676922" lon="-70.5089402146542">        <ele>1020.44063026063</ele>        <time></time>      </trkpt>
      <trkpt lat="-33.4289244510157" lon="-70.5088875386174">        <ele>1019.83160721981</ele>        <time></time>      </trkpt>
      <trkpt lat="-33.4289340343171" lon="-70.5088348625683">        <ele>1019.36384854962</ele>        <time></time>      </trkpt>
      <trkpt lat="-33.4289469003467" lon="-70.5087837787531">        <ele>1018.78560431966</ele>        <time></time>      </trkpt>
      <trkpt lat="-33.4289708644518" lon="-70.5087380778738">        <ele>1018.06892730056</ele>        <time></time>      </trkpt>
      <trkpt lat="-33.4289948285408" lon="-70.5086923769689">        <ele>1017.574788765</ele>        <time></time>      </trkpt>
      <trkpt lat="-33.4290162880751" lon="-70.5086452121349">        <ele>1017.3060894963</ele>        <time></time>      </trkpt>
      <trkpt lat="-33.429031892497" lon="-70.5085946249752">        <ele>1017.45169864841</ele>        <time></time>      </trkpt>
      <trkpt lat="-33.4290474968988" lon="-70.5085440377967">        <ele>1017.68739183303</ele>        <time></time>      </trkpt>
      <trkpt lat="-33.4290631012804" lon="-70.5084934505994">        <ele>1017.89866069174</ele>        <time></time>      </trkpt>
      <trkpt lat="-33.4290787056419" lon="-70.5084428633833">        <ele>1018.37782281318</ele>        <time></time>      </trkpt>
      <trkpt lat="-33.4290943099831" lon="-70.5083922761483">        <ele>1018.87392249601</ele>        <time></time>      </trkpt>
      <trkpt lat="-33.4291099143042" lon="-70.5083416888945">        <ele>1019.65826174718</ele>        <time></time>      </trkpt>
      <trkpt lat="-33.429119417011" lon="-70.5082893298477">        <ele>1020.52260656591</ele>        <time></time>      </trkpt>
      <trkpt lat="-33.429125058433" lon="-70.5082358495618">        <ele>1021.94395329361</ele>        <time></time>      </trkpt>
      <trkpt lat="-33.429130699832" lon="-70.5081823692681">        <ele>1023.39241537587</ele>        <time></time>      </trkpt>
      <trkpt lat="-33.4291363412082" lon="-70.5081288889665">        <ele>1024.98445372694</ele>        <time></time>      </trkpt>
      <trkpt lat="-33.4291419825614" lon="-70.5080754086572">        <ele>1026.35653067127</ele>        <time></time>      </trkpt>
      <trkpt lat="-33.4291451361397" lon="-70.5080216952915">        <ele>1027.69952283439</ele>        <time></time>      </trkpt>
      <trkpt lat="-33.4291465653592" lon="-70.5079678203892">        <ele>1028.79860886147</ele>        <time></time>      </trkpt>
      <trkpt lat="-33.4291479945553" lon="-70.5079139454842">        <ele>1029.57108807494</ele>        <time></time>      </trkpt>
      <trkpt lat="-33.4291494237281" lon="-70.5078600705764">        <ele>1029.97183712074</ele>        <time></time>      </trkpt>
      <trkpt lat="-33.4291541098763" lon="-70.507806505578">        <ele>1029.96741153335</ele>        <time></time>      </trkpt>
      <trkpt lat="-33.4291598614335" lon="-70.5077530419508">        <ele>1029.92761232561</ele>        <time></time>      </trkpt>
      <trkpt lat="-33.4291669892733" lon="-70.5076998331749">        <ele>1029.67628785001</ele>        <time></time>      </trkpt>
      <trkpt lat="-33.4291751016372" lon="-70.5076468067035">        <ele>1029.38835662533</ele>        <time></time>      </trkpt>
      <trkpt lat="-33.4291832139787" lon="-70.5075937802214">        <ele>1029.10137026196</ele>        <time></time>      </trkpt>
      <trkpt lat="-33.4291934640972" lon="-70.5075413512682">        <ele>1028.77880168859</ele>        <time></time>      </trkpt>
      <trkpt lat="-33.4292059521696" lon="-70.5074895478407">        <ele>1028.42522206559</ele>        <time></time>      </trkpt>
      <trkpt lat="-33.4292184402207" lon="-70.5074377443976">        <ele>1028.09543201078</ele>        <time></time>      </trkpt>
      <trkpt lat="-33.4292309282506" lon="-70.5073859409389">        <ele>1027.83355143807</ele>        <time></time>      </trkpt>
      <trkpt lat="-33.4292434162593" lon="-70.5073341374645">        <ele>1027.71531000734</ele>        <time></time>      </trkpt>
      <trkpt lat="-33.4292559042467" lon="-70.5072823339745">        <ele>1027.72827536874</ele>        <time></time>      </trkpt>
      <trkpt lat="-33.429257410003" lon="-70.5072290437914">        <ele>1027.95524095507</ele>        <time></time>      </trkpt>
      <trkpt lat="-33.4292549749583" lon="-70.5071752201393">        <ele>1028.60178175324</ele>        <time></time>      </trkpt>
      <trkpt lat="-33.4292525398902" lon="-70.5071213964893">        <ele>1029.33232525614</ele>        <time></time>      </trkpt>
      <trkpt lat="-33.4292501047986" lon="-70.5070675728413">        <ele>1030.18403123309</ele>        <time></time>      </trkpt>
      <trkpt lat="-33.4292476696835" lon="-70.5070137491954">        <ele>1030.97800556281</ele>        <time></time>      </trkpt>
      <trkpt lat="-33.4292384256039" lon="-70.5069612121054">        <ele>1031.611875573</ele>        <time></time>      </trkpt>
      <trkpt lat="-33.4292267914698" lon="-70.5069091266252">        <ele>1031.96011671083</ele>        <time></time>      </trkpt>
      <trkpt lat="-33.4292151573133" lon="-70.506857041158">        <ele>1031.8870606594</ele>        <time></time>      </trkpt>
      <trkpt lat="-33.4292035231346" lon="-70.506804955704">        <ele>1031.70217004712</ele>        <time></time>      </trkpt>
      <trkpt lat="-33.4291921827378" lon="-70.506752780208">        <ele>1031.4948511861</ele>        <time></time>      </trkpt>
      <trkpt lat="-33.4291813176701" lon="-70.5067004590227">        <ele>1031.17292546894</ele>        <time></time>      </trkpt>
      <trkpt lat="-33.42917045258" lon="-70.5066481378496">        <ele>1030.95437479966</ele>        <time></time>      </trkpt>
      <trkpt lat="-33.4291595874674" lon="-70.5065958166888">        <ele>1030.60438274957</ele>        <time></time>      </trkpt>
      <trkpt lat="-33.4291487223324" lon="-70.5065434955402">        <ele>1030.05565551412</ele>        <time></time>      </trkpt>
      <trkpt lat="-33.4291425501787" lon="-70.5064907730349">        <ele>1029.42096493075</ele>        <time></time>      </trkpt>
      <trkpt lat="-33.4291470443202" lon="-70.5064371382936">        <ele>1029.10683104817</ele>        <time></time>      </trkpt>
      <trkpt lat="-33.4291515384386" lon="-70.5063835035458">        <ele>1029.26388018521</ele>        <time></time>      </trkpt>
      <trkpt lat="-33.429156032534" lon="-70.5063298687916">        <ele>1029.54874012811</ele>        <time></time>      </trkpt>
      <trkpt lat="-33.4291636019392" lon="-70.506276769211">        <ele>1030.06298790568</ele>        <time></time>      </trkpt>
      <trkpt lat="-33.429172694828" lon="-70.5062240110745">        <ele>1030.33125485444</ele>        <time></time>      </trkpt>
      <trkpt lat="-33.4291870511129" lon="-70.5061729007661">        <ele>1030.31580487201</ele>        <time></time>      </trkpt>
      <trkpt lat="-33.4292049196122" lon="-70.5061238186248">        <ele>1030.1455127703</ele>        <time></time>      </trkpt>
      <trkpt lat="-33.4292286953651" lon="-70.5060780583775">        <ele>1030.08989007792</ele>        <time></time>      </trkpt>
      <trkpt lat="-33.4292482836394" lon="-70.506029482052">        <ele>1030.12851029309</ele>        <time></time>      </trkpt>
      <trkpt lat="-33.4292642959662" lon="-70.5059791361139">        <ele>1030.3473289968</ele>        <time></time>      </trkpt>
      <trkpt lat="-33.4292791796421" lon="-70.505928245874">        <ele>1030.67205603797</ele>        <time></time>      </trkpt>
      <trkpt lat="-33.4292912623511" lon="-70.5058763058101">        <ele>1031.06516200279</ele>        <time></time>      </trkpt>
      <trkpt lat="-33.4292979605557" lon="-70.5058231997493">        <ele>1031.53243435741</ele>        <time></time>      </trkpt>
      <trkpt lat="-33.429299552255" lon="-70.5057695119745">        <ele>1032.1526297286</ele>        <time></time>      </trkpt>
      <trkpt lat="-33.4292954648728" lon="-70.5057158308621">        <ele>1032.95071208932</ele>        <time></time>      </trkpt>
      <trkpt lat="-33.4293029105496" lon="-70.5056628320565">        <ele>1033.90181214002</ele>        <time></time>      </trkpt>
      <trkpt lat="-33.4293097808304" lon="-70.5056097979145">        <ele>1034.92947497563</ele>        <time></time>      </trkpt>
      <trkpt lat="-33.4293057520707" lon="-70.50555611049">        <ele>1035.86523671676</ele>        <time></time>      </trkpt>
      <trkpt lat="-33.4293063267846" lon="-70.5055023188129">        <ele>1036.57597078583</ele>        <time></time>      </trkpt>
      <trkpt lat="-33.4293086436267" lon="-70.505448487678">        <ele>1037.05635412527</ele>        <time></time>      </trkpt>
      <trkpt lat="-33.4293109606024" lon="-70.505394656549">        <ele>1037.33846842196</ele>        <time></time>      </trkpt>
      <trkpt lat="-33.4293122853912" lon="-70.5053408469063">        <ele>1037.45205444579</ele>        <time></time>      </trkpt>
      <trkpt lat="-33.4293083310651" lon="-70.5052871516048">        <ele>1037.44758561308</ele>        <time></time>      </trkpt>
      <trkpt lat="-33.4292930113646" lon="-70.5052370897812">        <ele>1037.52476710314</ele>        <time></time>      </trkpt>
      <trkpt lat="-33.4292722425715" lon="-70.5051893569874">        <ele>1037.65126765986</ele>        <time></time>      </trkpt>
      <trkpt lat="-33.4292471707894" lon="-70.5051445090834">        <ele>1037.72556689019</ele>        <time></time>      </trkpt>
      <trkpt lat="-33.4292310503504" lon="-70.5050947431355">        <ele>1037.86417473875</ele>        <time></time>      </trkpt>
      <trkpt lat="-33.4292186862404" lon="-70.5050428975469">        <ele>1038.14589416818</ele>        <time></time>      </trkpt>
      <trkpt lat="-33.4292061670891" lon="-70.5049911047376">        <ele>1038.48120863005</ele>        <time></time>      </trkpt>
      <trkpt lat="-33.4291802781958" lon="-70.5049469604519">        <ele>1039.1881110982</ele>        <time></time>      </trkpt>
      <trkpt lat="-33.429160446858" lon="-70.5048993455254">        <ele>1039.81374117882</ele>        <time></time>      </trkpt>
      <trkpt lat="-33.4291478774198" lon="-70.5048475700748">        <ele>1040.26957515666</ele>        <time></time>      </trkpt>
      <trkpt lat="-33.4291353081545" lon="-70.504795794571">        <ele>1040.45935728538</ele>        <time></time>      </trkpt>
      <trkpt lat="-33.4291174807332" lon="-70.5047464235595">        <ele>1040.63892210171</ele>        <time></time>      </trkpt>
      <trkpt lat="-33.4290978481867" lon="-70.5046978728089">        <ele>1040.91334301518</ele>        <time></time>      </trkpt>
      <trkpt lat="-33.4290783389579" lon="-70.5046492513156">        <ele>1041.1998047495</ele>        <time></time>      </trkpt>
      <trkpt lat="-33.4290588300689" lon="-70.5046006296381">        <ele>1041.48762210401</ele>        <time></time>      </trkpt>
      <trkpt lat="-33.4290397285783" lon="-70.504551786978">        <ele>1041.79740682596</ele>        <time></time>      </trkpt>
      <trkpt lat="-33.4290218205896" lon="-70.5045022969215">        <ele>1042.02722873443</ele>        <time></time>      </trkpt>
      <trkpt lat="-33.4290072362461" lon="-70.5044514295432">        <ele>1042.33905428028</ele>        <time></time>      </trkpt>
      <trkpt lat="-33.4289955545606" lon="-70.5043993592965">        <ele>1042.71150849432</ele>        <time></time>      </trkpt>
      <trkpt lat="-33.4289732787863" lon="-70.5043526960072">        <ele>1042.96688404948</ele>        <time></time>      </trkpt>
      <trkpt lat="-33.4289504088514" lon="-70.5043063096006">        <ele>1043.18680674011</ele>        <time></time>      </trkpt>
      <trkpt lat="-33.4289362625464" lon="-70.5042551161853">        <ele>1043.44267747261</ele>        <time></time>      </trkpt>
      <trkpt lat="-33.4289104132534" lon="-70.5042114639189">        <ele>1043.61088683689</ele>        <time></time>      </trkpt>
      <trkpt lat="-33.4288822627593" lon="-70.5041692945118">        <ele>1043.80294657419</ele>        <time></time>      </trkpt>
      <trkpt lat="-33.4288556726643" lon="-70.5041257174222">        <ele>1043.95751105339</ele>        <time></time>      </trkpt>
      <trkpt lat="-33.4288318086559" lon="-70.504080309783">        <ele>1043.95837315507</ele>        <time></time>      </trkpt>
      <trkpt lat="-33.4288152104241" lon="-70.5040301745894">        <ele>1043.99046127085</ele>        <time></time>      </trkpt>
      <trkpt lat="-33.428799677467" lon="-70.5039796219735">        <ele>1043.97458250049</ele>        <time></time>      </trkpt>
      <trkpt lat="-33.4287881084633" lon="-70.5039275160715">        <ele>1044.05064733221</ele>        <time></time>      </trkpt>
      <trkpt lat="-33.4287790635314" lon="-70.5038748485601">        <ele>1044.20141336911</ele>        <time></time>      </trkpt>
      <trkpt lat="-33.4287741002766" lon="-70.5038212728596">        <ele>1044.5032671778</ele>        <time></time>      </trkpt>
      <trkpt lat="-33.4287691344294" lon="-70.5037676975031">        <ele>1045.1170867281</ele>        <time></time>      </trkpt>
      <trkpt lat="-33.4287641640424" lon="-70.5037141227473">        <ele>1045.6528269808</ele>        <time></time>      </trkpt>
      <trkpt lat="-33.4287591924662" lon="-70.5036605481505">        <ele>1046.12502435603</ele>        <time></time>      </trkpt>
      <trkpt lat="-33.4287514600193" lon="-70.5036075421465">        <ele>1046.53833684844</ele>        <time></time>      </trkpt>
      <trkpt lat="-33.428741078416" lon="-70.5035550817329">        <ele>1046.453616336</ele>        <time></time>      </trkpt>
      <trkpt lat="-33.4287306648382" lon="-70.5035026303879">        <ele>1046.54887340141</ele>        <time></time>      </trkpt>
      <trkpt lat="-33.4287201449304" lon="-70.503450209188">        <ele>1046.7428427017</ele>        <time></time>      </trkpt>
      <trkpt lat="-33.428709625" lon="-70.503397788">        <ele>1047.0873838529</ele>        <time></time>      </trkpt>
      <trkpt lat="-33.428709625" lon="-70.503397788">        <ele>1047.09624924468</ele>        <time></time>      </trkpt>
      <trkpt lat="-33.4286931156382" lon="-70.5033477443136">        <ele>1047.21974337017</ele>        <time></time>      </trkpt>
      <trkpt lat="-33.4286766062557" lon="-70.5032977006454">        <ele>1047.6378150328</ele>        <time></time>      </trkpt>
      <trkpt lat="-33.4286642996293" lon="-70.5032460124387">        <ele>1048.23652087918</ele>        <time></time>      </trkpt>
      <trkpt lat="-33.4286527409435" lon="-70.5031940315658">        <ele>1048.8399890512</ele>        <time></time>      </trkpt>
      <trkpt lat="-33.4286400142141" lon="-70.5031424420287">        <ele>1049.55793595717</ele>        <time></time>      </trkpt>
      <trkpt lat="-33.4286266926233" lon="-70.5030910715921">        <ele>1049.86596791069</ele>        <time></time>      </trkpt>
      <trkpt lat="-33.4286124593453" lon="-70.5030400432502">        <ele>1050.11462912132</ele>        <time></time>      </trkpt>
      <trkpt lat="-33.4285853942637" lon="-70.5029970429876">        <ele>1050.0785684414</ele>        <time></time>      </trkpt>
      <trkpt lat="-33.4285610665271" lon="-70.5029520934693">        <ele>1050.34971628499</ele>        <time></time>      </trkpt>
      <trkpt lat="-33.4285422857787" lon="-70.5029032022465">        <ele>1050.68710906995</ele>        <time></time>      </trkpt>
      <trkpt lat="-33.4285208804759" lon="-70.5028559953276">        <ele>1051.02472793114</ele>        <time></time>      </trkpt>
      <trkpt lat="-33.4284970150145" lon="-70.5028103672167">        <ele>1051.18071194025</ele>        <time></time>      </trkpt>
      <trkpt lat="-33.4284743281589" lon="-70.5027639168609">        <ele>1051.61114637456</ele>        <time></time>      </trkpt>
      <trkpt lat="-33.4284526754999" lon="-70.5027167450057">        <ele>1051.87635716306</ele>        <time></time>      </trkpt>
      <trkpt lat="-33.4284293298642" lon="-70.5026709159961">        <ele>1052.69677646308</ele>        <time></time>      </trkpt>
      <trkpt lat="-33.4284012247958" lon="-70.502628862092">        <ele>1052.68596279922</ele>        <time></time>      </trkpt>
      <trkpt lat="-33.4283754434323" lon="-70.5025848165853">        <ele>1053.04369542757</ele>        <time></time>      </trkpt>
      <trkpt lat="-33.4283509833228" lon="-70.5025396386602">        <ele>1052.95479869741</ele>        <time></time>      </trkpt>
      <trkpt lat="-33.4283240596893" lon="-70.5024965713809">        <ele>1052.73479995394</ele>        <time></time>      </trkpt>
      <trkpt lat="-33.428295739727" lon="-70.5024547241231">        <ele>1052.51917871125</ele>        <time></time>      </trkpt>
      <trkpt lat="-33.4282672557581" lon="-70.5024130344504">        <ele>1051.91054791597</ele>        <time></time>      </trkpt>
      <trkpt lat="-33.4282403455721" lon="-70.5023699708435">        <ele>1051.98298474353</ele>        <time></time>      </trkpt>
      <trkpt lat="-33.4282156314134" lon="-70.5023249900663">        <ele>1052.70489682719</ele>        <time></time>      </trkpt>
      <trkpt lat="-33.4281918098339" lon="-70.5022793507747">        <ele>1052.65501325328</ele>        <time></time>      </trkpt>
      <trkpt lat="-33.428169094758" lon="-70.5022328951383">        <ele>1052.28197923448</ele>        <time></time>      </trkpt>
      <trkpt lat="-33.4281436016403" lon="-70.502189536969">        <ele>1051.65199034176</ele>        <time></time>      </trkpt>
      <trkpt lat="-33.4281062635517" lon="-70.5021593857287">        <ele>1050.40086357739</ele>        <time></time>      </trkpt>
      <trkpt lat="-33.4280827874199" lon="-70.5021165281208">        <ele>1050.14382708419</ele>        <time></time>      </trkpt>
      <trkpt lat="-33.4280692647997" lon="-70.5020653709374">        <ele>1050.03572219621</ele>        <time></time>      </trkpt>
      <trkpt lat="-33.4280633377682" lon="-70.5020120601711">        <ele>1050.56680375621</ele>        <time></time>      </trkpt>
      <trkpt lat="-33.4280583149171" lon="-70.5019587865623">        <ele>1051.55398499177</ele>        <time></time>      </trkpt>
      <trkpt lat="-33.4280673042738" lon="-70.5019060886713">        <ele>1052.9773460171</ele>        <time></time>      </trkpt>
      <trkpt lat="-33.4280749407399" lon="-70.5018531727835">        <ele>1053.98694280323</ele>        <time></time>      </trkpt>
      <trkpt lat="-33.4280779994333" lon="-70.5017995192845">        <ele>1055.31570359924</ele>        <time></time>      </trkpt>
      <trkpt lat="-33.4280748071398" lon="-70.5017460943512">        <ele>1055.91747527413</ele>        <time></time>      </trkpt>
      <trkpt lat="-33.4280693372923" lon="-70.501692753867">        <ele>1056.54875847957</ele>        <time></time>      </trkpt>
      <trkpt lat="-33.4280726548541" lon="-70.5016391222515">        <ele>1057.82302281076</ele>        <time></time>      </trkpt>
      <trkpt lat="-33.4280711489817" lon="-70.5015856428083">        <ele>1058.56068687663</ele>        <time></time>      </trkpt>
      <trkpt lat="-33.4280654584519" lon="-70.5015322953927">        <ele>1059.69806363331</ele>        <time></time>      </trkpt>
      <trkpt lat="-33.4280529159669" lon="-70.5014806878728">        <ele>1060.38203957298</ele>        <time></time>      </trkpt>
      <trkpt lat="-33.4280389185306" lon="-70.5014297138288">        <ele>1061.22481094147</ele>        <time></time>      </trkpt>
      <trkpt lat="-33.428015851676" lon="-70.5013835054578">        <ele>1061.94112854271</ele>        <time></time>      </trkpt>
      <trkpt lat="-33.4279927848034" lon="-70.5013372971109">        <ele>1062.4859802347</ele>        <time></time>      </trkpt>
      <trkpt lat="-33.4279836047683" lon="-70.5012853552028">        <ele>1063.86292083184</ele>        <time></time>      </trkpt>
      <trkpt lat="-33.4279777781724" lon="-70.5012320287302">        <ele>1065.40889984138</ele>        <time></time>      </trkpt>
      <trkpt lat="-33.4279594725433" lon="-70.5011838616655">        <ele>1066.12532372102</ele>        <time></time>      </trkpt>
      <trkpt lat="-33.4279363727379" lon="-70.5011376767496">        <ele>1066.54406318893</ele>        <time></time>      </trkpt>
      <trkpt lat="-33.4279132212398" lon="-70.5010915287554">        <ele>1067.07656839434</ele>        <time></time>      </trkpt>
      <trkpt lat="-33.4278899947765" lon="-70.5010454343002">        <ele>1067.46723852992</ele>        <time></time>      </trkpt>
      <trkpt lat="-33.4278661703981" lon="-70.5009998593388">        <ele>1067.66127207404</ele>        <time></time>      </trkpt>
      <trkpt lat="-33.4278365019006" lon="-70.5009593619223">        <ele>1067.88933900683</ele>        <time></time>      </trkpt>
      <trkpt lat="-33.4278068333888" lon="-70.5009188645332">        <ele>1067.9386058041</ele>        <time></time>      </trkpt>
      <trkpt lat="-33.4277859788921" lon="-70.5008714650447">        <ele>1068.07846589004</ele>        <time></time>      </trkpt>
      <trkpt lat="-33.427766612433" lon="-70.5008229003039">        <ele>1068.06259827792</ele>        <time></time>      </trkpt>
      <trkpt lat="-33.4277519913725" lon="-70.5007721066067">        <ele>1068.03700338414</ele>        <time></time>      </trkpt>
      <trkpt lat="-33.4277384186789" lon="-70.5007208267266">        <ele>1068.14910621433</ele>        <time></time>      </trkpt>
      <trkpt lat="-33.4277321954388" lon="-70.5006675641715">        <ele>1068.72794902495</ele>        <time></time>      </trkpt>
      <trkpt lat="-33.42772426295" lon="-70.5006147937144">        <ele>1069.41892196174</ele>        <time></time>      </trkpt>
      <trkpt lat="-33.427709425503" lon="-70.5005640112229">        <ele>1070.05283846436</ele>        <time></time>      </trkpt>
      <trkpt lat="-33.4276945880346" lon="-70.5005132287479">        <ele>1070.95223872032</ele>        <time></time>      </trkpt>
      <trkpt lat="-33.427679750545" lon="-70.5004624462894">        <ele>1071.88074242822</ele>        <time></time>      </trkpt>
      <trkpt lat="-33.4276730636211" lon="-70.5004093147862">        <ele>1072.7936506853</ele>        <time></time>      </trkpt>
      <trkpt lat="-33.4276668188624" lon="-70.5003560558478">        <ele>1073.76164235261</ele>        <time></time>      </trkpt>
      <trkpt lat="-33.4276603716327" lon="-70.5003028315099">        <ele>1074.70930335726</ele>        <time></time>      </trkpt>
      <trkpt lat="-33.4276534936469" lon="-70.5002497004021">        <ele>1075.49964567831</ele>        <time></time>      </trkpt>
      <trkpt lat="-33.4276429792816" lon="-70.5001974056581">        <ele>1075.91913577638</ele>        <time></time>      </trkpt>
      <trkpt lat="-33.4276324648938" lon="-70.5001451109259">        <ele>1076.20023339807</ele>        <time></time>      </trkpt>
      <trkpt lat="-33.4276219504837" lon="-70.5000928162055">        <ele>1076.29724394631</ele>        <time></time>      </trkpt>
      <trkpt lat="-33.4276132635209" lon="-70.5000400985334">        <ele>1076.33834732106</ele>        <time></time>      </trkpt>
      <trkpt lat="-33.4276066129335" lon="-70.4999869095503">        <ele>1076.4189596181</ele>        <time></time>      </trkpt>
      <trkpt lat="-33.427599962323" lon="-70.4999337205744">        <ele>1076.60407895486</ele>        <time></time>      </trkpt>
      <trkpt lat="-33.4276003382591" lon="-70.4998804542891">        <ele>1077.00062244871</ele>        <time></time>      </trkpt>
      <trkpt lat="-33.4276061648526" lon="-70.4998271280225">        <ele>1077.64661505038</ele>        <time></time>      </trkpt>
      <trkpt lat="-33.4276146139554" lon="-70.4997746104051">        <ele>1078.25978388125</ele>        <time></time>      </trkpt>
      <trkpt lat="-33.4276311905371" lon="-70.4997245988848">        <ele>1079.15107020403</ele>        <time></time>      </trkpt>
      <trkpt lat="-33.4276525824494" lon="-70.4996782602168">        <ele>1080.4535558575</ele>        <time></time>      </trkpt>
      <trkpt lat="-33.4276836982465" lon="-70.4996393383542">        <ele>1081.50207595357</ele>        <time></time>      </trkpt>
      <trkpt lat="-33.4277035928696" lon="-70.4995911206983">        <ele>1082.8536498402</ele>        <time></time>      </trkpt>
      <trkpt lat="-33.427730976894" lon="-70.4995496552101">        <ele>1084.22334616671</ele>        <time></time>      </trkpt>
      <trkpt lat="-33.4277598780702" lon="-70.4995083761512">        <ele>1085.53324636469</ele>        <time></time>      </trkpt>
      <trkpt lat="-33.4277887105804" lon="-70.499467028873">        <ele>1086.663475112</ele>        <time></time>      </trkpt>
      <trkpt lat="-33.4278254088342" lon="-70.4994373851713">        <ele>1087.47677478452</ele>        <time></time>      </trkpt>
      <trkpt lat="-33.4278614974751" lon="-70.4994068479314">        <ele>1088.16009011376</ele>        <time></time>      </trkpt>
      <trkpt lat="-33.4278905017234" lon="-70.4993656720611">        <ele>1088.60921876516</ele>        <time></time>      </trkpt>
      <trkpt lat="-33.4279224058385" lon="-70.4993284181513">        <ele>1089.03040688845</ele>        <time></time>      </trkpt>
      <trkpt lat="-33.4279617105092" lon="-70.4993023739846">        <ele>1089.34907670659</ele>        <time></time>      </trkpt>
      <trkpt lat="-33.4279951493403" lon="-70.4992663622254">        <ele>1089.79599778699</ele>        <time></time>      </trkpt>
      <trkpt lat="-33.4280310001126" lon="-70.4992380905845">        <ele>1090.20590694148</ele>        <time></time>      </trkpt>
      <trkpt lat="-33.4280713427921" lon="-70.4992165155919">        <ele>1090.72362684344</ele>        <time></time>      </trkpt>
      <trkpt lat="-33.4281074728875" lon="-70.4992191466402">        <ele>1091.30936212143</ele>        <time></time>      </trkpt>
      <trkpt lat="-33.4281427836621" lon="-70.4991859432961">        <ele>1092.05796184548</ele>        <time></time>      </trkpt>
      <trkpt lat="-33.4281763912965" lon="-70.4991500889233">        <ele>1092.87511193382</ele>        <time></time>      </trkpt>
      <trkpt lat="-33.4282115545335" lon="-70.4991166369233">        <ele>1093.68043104743</ele>        <time></time>      </trkpt>
      <trkpt lat="-33.4282392308014" lon="-70.4990744595103">        <ele>1094.25867049367</ele>        <time></time>      </trkpt>
      <trkpt lat="-33.4282588956041" lon="-70.4990262362631">        <ele>1094.59294479901</ele>        <time></time>      </trkpt>
      <trkpt lat="-33.4282769510094" lon="-70.4989771024312">        <ele>1094.94178574572</ele>        <time></time>      </trkpt>
      <trkpt lat="-33.4283032323144" lon="-70.4989335000512">        <ele>1095.60204761861</ele>        <time></time>      </trkpt>
      <trkpt lat="-33.4283334354107" lon="-70.4988943159811">        <ele>1096.53683525043</ele>        <time></time>      </trkpt>
      <trkpt lat="-33.428373994669" lon="-70.4988709680516">        <ele>1097.70501583289</ele>        <time></time>      </trkpt>
      <trkpt lat="-33.4284169644523" lon="-70.4988560843502">        <ele>1099.13980854386</ele>        <time></time>      </trkpt>
      <trkpt lat="-33.4284589218687" lon="-70.4988372924428">        <ele>1100.63229502532</ele>        <time></time>      </trkpt>
      <trkpt lat="-33.4284989522301" lon="-70.4988165121127">        <ele>1101.69592066134</ele>        <time></time>      </trkpt>
      <trkpt lat="-33.4285427612334" lon="-70.498804057155">        <ele>1102.68630927661</ele>        <time></time>      </trkpt>
      <trkpt lat="-33.4285851601731" lon="-70.4987863413505">        <ele>1103.40921871607</ele>        <time></time>      </trkpt>
      <trkpt lat="-33.4286294599924" lon="-70.4987766455973">        <ele>1104.05703588578</ele>        <time></time>      </trkpt>
      <trkpt lat="-33.428672615122" lon="-70.4987611466467">        <ele>1104.54366463809</ele>        <time></time>      </trkpt>
      <trkpt lat="-33.4287157300242" lon="-70.4987483410923">        <ele>1105.42538676388</ele>        <time></time>      </trkpt>
      <trkpt lat="-33.4287539493353" lon="-70.4987298484642">        <ele>1106.15835336569</ele>        <time></time>      </trkpt>
      <trkpt lat="-33.4287884100823" lon="-70.4986957067443">        <ele>1106.89057053098</ele>        <time></time>      </trkpt>
      <trkpt lat="-33.4288281654235" lon="-70.4986703461609">        <ele>1108.13701402789</ele>        <time></time>      </trkpt>
      <trkpt lat="-33.4288665273538" lon="-70.4986421076439">        <ele>1109.21524398515</ele>        <time></time>      </trkpt>
      <trkpt lat="-33.4289023126812" lon="-70.4986098487732">        <ele>1110.4753561228</ele>        <time></time>      </trkpt>
      <trkpt lat="-33.4289378772119" lon="-70.498576987581">        <ele>1111.94273422511</ele>        <time></time>      </trkpt>
      <trkpt lat="-33.4289748220727" lon="-70.4985461662805">        <ele>1113.6949963751</ele>        <time></time>      </trkpt>
      <trkpt lat="-33.4290122506647" lon="-70.4985162264931">        <ele>1115.69466102935</ele>        <time></time>      </trkpt>
      <trkpt lat="-33.4290479288873" lon="-70.4984838194374">        <ele>1117.76245535583</ele>        <time></time>      </trkpt>
      <trkpt lat="-33.4290862201784" lon="-70.4984592282007">        <ele>1119.7305429403</ele>        <time></time>      </trkpt>
      <trkpt lat="-33.4291278876848" lon="-70.4984394081263">        <ele>1121.2676155823</ele>        <time></time>      </trkpt>
      <trkpt lat="-33.4291701226152" lon="-70.4984214474198">        <ele>1122.70970461353</ele>        <time></time>      </trkpt>
      <trkpt lat="-33.4292100274192" lon="-70.4983967688419">        <ele>1123.79519217205</ele>        <time></time>      </trkpt>
      <trkpt lat="-33.4292512782317" lon="-70.4983750562297">        <ele>1124.55710145953</ele>        <time></time>      </trkpt>
      <trkpt lat="-33.4292936898094" lon="-70.4983570292261">        <ele>1125.59703555519</ele>        <time></time>      </trkpt>
      <trkpt lat="-33.4293371913391" lon="-70.4983430123342">        <ele>1126.51129598481</ele>        <time></time>      </trkpt>
      <trkpt lat="-33.4293810046752" lon="-70.4983302959849">        <ele>1127.25115768169</ele>        <time></time>      </trkpt>
      <trkpt lat="-33.4294229852125" lon="-70.4983130642046">        <ele>1128.06766405941</ele>        <time></time>      </trkpt>
      <trkpt lat="-33.4294673575675" lon="-70.4983035274163">        <ele>1128.94767671923</ele>        <time></time>      </trkpt>
      <trkpt lat="-33.4295104742169" lon="-70.4982877840266">        <ele>1129.77832820408</ele>        <time></time>      </trkpt>
      <trkpt lat="-33.4295521828031" lon="-70.4982674532668">        <ele>1130.62535620401</ele>        <time></time>      </trkpt>
      <trkpt lat="-33.4295944664603" lon="-70.498249077474">        <ele>1132.21511017161</ele>        <time></time>      </trkpt>
      <trkpt lat="-33.4296317940714" lon="-70.4982202942265">        <ele>1133.68337406317</ele>        <time></time>      </trkpt>
      <trkpt lat="-33.4296656745208" lon="-70.4981850674811">        <ele>1135.01391021364</ele>        <time></time>      </trkpt>
      <trkpt lat="-33.4297023182731" lon="-70.4981537330461">        <ele>1136.91016929801</ele>        <time></time>      </trkpt>
      <trkpt lat="-33.4297373133482" lon="-70.4981199034088">        <ele>1138.91481624148</ele>        <time></time>      </trkpt>
      <trkpt lat="-33.429770137043" lon="-70.4980831587586">        <ele>1140.2631955398</ele>        <time></time>      </trkpt>
      <trkpt lat="-33.4298076805765" lon="-70.4980536809461">        <ele>1141.97115919081</ele>        <time></time>      </trkpt>
      <trkpt lat="-33.4298479954094" lon="-70.4980296934526">        <ele>1144.18945520971</ele>        <time></time>      </trkpt>
      <trkpt lat="-33.4298910283803" lon="-70.4980180988793">        <ele>1146.24789344733</ele>        <time></time>      </trkpt>
      <trkpt lat="-33.4299310617394" lon="-70.4979964021133">        <ele>1147.5926211547</ele>        <time></time>      </trkpt>
      <trkpt lat="-33.4299668737523" lon="-70.4979639270769">        <ele>1148.36277711621</ele>        <time></time>      </trkpt>
      <trkpt lat="-33.4300002461568" lon="-70.4979278391562">        <ele>1148.56628560136</ele>        <time></time>      </trkpt>
      <trkpt lat="-33.4300341223755" lon="-70.4978924376625">        <ele>1148.86385059297</ele>        <time></time>      </trkpt>
      <trkpt lat="-33.4300718256115" lon="-70.4978712738641">        <ele>1149.74749381245</ele>        <time></time>      </trkpt>
      <trkpt lat="-33.4301064293061" lon="-70.4978392977816">        <ele>1150.83069173568</ele>        <time></time>      </trkpt>
      <trkpt lat="-33.4301503148947" lon="-70.4978269762667">        <ele>1152.65939916293</ele>        <time></time>      </trkpt>
      <trkpt lat="-33.4301946917855" lon="-70.497826734185">        <ele>1154.59159299646</ele>        <time></time>      </trkpt>
      <trkpt lat="-33.4302224363035" lon="-70.4978640648282">        <ele>1156.13044368705</ele>        <time></time>      </trkpt>
      <trkpt lat="-33.4302518792448" lon="-70.497894524515">        <ele>1157.37585021228</ele>        <time></time>      </trkpt>
      <trkpt lat="-33.430296971372" lon="-70.497894525">        <ele>1158.66348632112</ele>        <time></time>      </trkpt>
      <trkpt lat="-33.4303408854002" lon="-70.4979046215414">        <ele>1159.81598723901</ele>        <time></time>      </trkpt>
      <trkpt lat="-33.4303856399227" lon="-70.4979100158967">        <ele>1160.94050030063</ele>        <time></time>      </trkpt>
      <trkpt lat="-33.4304307082945" lon="-70.4979117154333">        <ele>1162.27515719145</ele>        <time></time>      </trkpt>
      <trkpt lat="-33.4304757555308" lon="-70.4979137910683">        <ele>1163.85544636231</ele>        <time></time>      </trkpt>
      <trkpt lat="-33.4305196188568" lon="-70.4979033232412">        <ele>1165.55524973386</ele>        <time></time>      </trkpt>
      <trkpt lat="-33.4305632477209" lon="-70.497901729776">        <ele>1167.25242591896</ele>        <time></time>      </trkpt>
      <trkpt lat="-33.4306018813657" lon="-70.4978739961553">        <ele>1168.57352383542</ele>        <time></time>      </trkpt>
      <trkpt lat="-33.4306431083467" lon="-70.4978525028231">        <ele>1170.31460349448</ele>        <time></time>      </trkpt>
      <trkpt lat="-33.4306867790058" lon="-70.4978395085238">        <ele>1172.16955683489</ele>        <time></time>      </trkpt>
      <trkpt lat="-33.4307276359518" lon="-70.4978552389863">        <ele>1173.81625358274</ele>        <time></time>      </trkpt>
      <trkpt lat="-33.4307663691758" lon="-70.4978636405766">        <ele>1175.42839827216</ele>        <time></time>      </trkpt>
      <trkpt lat="-33.4308103982628" lon="-70.4978520360285">        <ele>1177.11884830195</ele>        <time></time>      </trkpt>
      <trkpt lat="-33.4308308073432" lon="-70.4978634655357">        <ele>1178.09258964908</ele>        <time></time>      </trkpt>
      <trkpt lat="-33.43086723099" lon="-70.4978317621686">        <ele>1179.06080540482</ele>        <time></time>      </trkpt>
      <trkpt lat="-33.4309082089378" lon="-70.4978187111752">        <ele>1179.99049005083</ele>        <time></time>      </trkpt>
      <trkpt lat="-33.4309510277678" lon="-70.4978059138146">        <ele>1181.08551695769</ele>        <time></time>      </trkpt>
      <trkpt lat="-33.4309923728382" lon="-70.4977844509374">        <ele>1181.98075011123</ele>        <time></time>      </trkpt>
      <trkpt lat="-33.431036438282" lon="-70.4977776558367">        <ele>1183.02812721643</ele>        <time></time>      </trkpt>
      <trkpt lat="-33.4310773195249" lon="-70.49775727374">        <ele>1183.92972622394</ele>        <time></time>      </trkpt>
      <trkpt lat="-33.4311188332637" lon="-70.4977696945642">        <ele>1184.35835569906</ele>        <time></time>      </trkpt>
      <trkpt lat="-33.4311433296651" lon="-70.4978148460358">        <ele>1184.35613106227</ele>        <time></time>      </trkpt>
      <trkpt lat="-33.4311663119184" lon="-70.4978606648269">        <ele>1184.09087142651</ele>        <time></time>      </trkpt>
      <trkpt lat="-33.4311723188471" lon="-70.4979139648412">        <ele>1183.87918678419</ele>        <time></time>      </trkpt>
      <trkpt lat="-33.4311790530003" lon="-70.497967096072">        <ele>1183.73017132622</ele>        <time></time>      </trkpt>
      <trkpt lat="-33.4311902434924" lon="-70.498019193017">        <ele>1183.54490466871</ele>        <time></time>      </trkpt>
      <trkpt lat="-33.4312014339623" lon="-70.4980712899746">        <ele>1183.50676523884</ele>        <time></time>      </trkpt>
      <trkpt lat="-33.4312225601445" lon="-70.4981180140645">        <ele>1183.30630492166</ele>        <time></time>      </trkpt>
      <trkpt lat="-33.4312478452106" lon="-70.4981622341772">        <ele>1182.81280263435</ele>        <time></time>      </trkpt>
      <trkpt lat="-33.43126288824" lon="-70.4982127996534">        <ele>1182.42991600237</ele>        <time></time>      </trkpt>
      <trkpt lat="-33.4312994709561" lon="-70.4982416302579">        <ele>1181.41475475098</ele>        <time></time>      </trkpt>
      <trkpt lat="-33.43133849654" lon="-70.4982672908832">        <ele>1180.15887618155</ele>        <time></time>      </trkpt>
      <trkpt lat="-33.4313824727091" lon="-70.4982703412177">        <ele>1178.47186536515</ele>        <time></time>      </trkpt>
      <trkpt lat="-33.4314253959814" lon="-70.4982769213671">        <ele>1176.52148177002</ele>        <time></time>      </trkpt>
      <trkpt lat="-33.4314682648076" lon="-70.4982670093193">        <ele>1174.02848592894</ele>        <time></time>      </trkpt>
      <trkpt lat="-33.4315045556554" lon="-70.4982569970051">        <ele>1172.72123670611</ele>        <time></time>      </trkpt>
      <trkpt lat="-33.4315385908659" lon="-70.4982232406893">        <ele>1172.02466132863</ele>        <time></time>      </trkpt>
      <trkpt lat="-33.4315718117682" lon="-70.4982210086295">        <ele>1170.56592253755</ele>        <time></time>      </trkpt>
      <trkpt lat="-33.4316039459879" lon="-70.4982017548728">        <ele>1169.23963318377</ele>        <time></time>      </trkpt>
      <trkpt lat="-33.4316275335346" lon="-70.498245419823">        <ele>1168.01032608873</ele>        <time></time>      </trkpt>
      <trkpt lat="-33.4316357695358" lon="-70.4982976168862">        <ele>1166.91101097702</ele>        <time></time>      </trkpt>
      <trkpt lat="-33.4316379341466" lon="-70.4983513335241">        <ele>1165.56664562006</ele>        <time></time>      </trkpt>
      <trkpt lat="-33.4316368452217" lon="-70.4984049557454">        <ele>1164.41296081221</ele>        <time></time>      </trkpt>
      <trkpt lat="-33.4316268785408" lon="-70.4984569835885">        <ele>1163.83546435492</ele>        <time></time>      </trkpt>
      <trkpt lat="-33.431619834104" lon="-70.4985099855918">        <ele>1162.99582580062</ele>        <time></time>      </trkpt>
      <trkpt lat="-33.4316118707266" lon="-70.4985625664594">        <ele>1162.19071327218</ele>        <time></time>      </trkpt>
      <trkpt lat="-33.4316021620209" lon="-70.4986148140083">        <ele>1161.42473290047</ele>        <time></time>      </trkpt>
      <trkpt lat="-33.4316017926031" lon="-70.4986685323588">        <ele>1160.25978021629</ele>        <time></time>      </trkpt>
      <trkpt lat="-33.4315890690528" lon="-70.498713900921">        <ele>1159.83816705713</ele>        <time></time>      </trkpt>
      <trkpt lat="-33.4315936387326" lon="-70.4987672211762">        <ele>1158.87888025066</ele>        <time></time>      </trkpt>
      <trkpt lat="-33.4316060608294" lon="-70.4988189148989">        <ele>1157.15847675838</ele>        <time></time>      </trkpt>
      <trkpt lat="-33.4316168637122" lon="-70.4988707739191">        <ele>1156.00354015795</ele>        <time></time>      </trkpt>
      <trkpt lat="-33.4316193643265" lon="-70.4989244707102">        <ele>1155.39535473652</ele>        <time></time>      </trkpt>
      <trkpt lat="-33.4316133098117" lon="-70.4989765415724">        <ele>1154.84291696006</ele>        <time></time>      </trkpt>
      <trkpt lat="-33.431599327302" lon="-70.4990248801448">        <ele>1155.29326247639</ele>        <time></time>      </trkpt>
      <trkpt lat="-33.4316018036684" lon="-70.4990778071873">        <ele>1154.28475237829</ele>        <time></time>      </trkpt>
      <trkpt lat="-33.4316070514208" lon="-70.4991312213368">        <ele>1153.69906149226</ele>        <time></time>      </trkpt>
      <trkpt lat="-33.4316152946989" lon="-70.4991839318413">        <ele>1152.6422295433</ele>        <time></time>      </trkpt>
      <trkpt lat="-33.4316274215206" lon="-70.4992357301126">        <ele>1151.12392835174</ele>        <time></time>      </trkpt>
      <trkpt lat="-33.4316369311767" lon="-70.4992880998909">        <ele>1150.0819932156</ele>        <time></time>      </trkpt>
      <trkpt lat="-33.4316409787863" lon="-70.4993416623932">        <ele>1149.50955341484</ele>        <time></time>      </trkpt>
      <trkpt lat="-33.4316432032415" lon="-70.4993953700278">        <ele>1148.52115848336</ele>        <time></time>      </trkpt>
      <trkpt lat="-33.4316485410846" lon="-70.4994487135374">        <ele>1147.95464056255</ele>        <time></time>      </trkpt>
      <trkpt lat="-33.431656595538" lon="-70.4995016127238">        <ele>1147.0043069104</ele>        <time></time>      </trkpt>
      <trkpt lat="-33.4316612414367" lon="-70.4995546736711">        <ele>1145.83432461195</ele>        <time></time>      </trkpt>
      <trkpt lat="-33.4316592170227" lon="-70.4996083566694">        <ele>1145.00518654744</ele>        <time></time>      </trkpt>
      <trkpt lat="-33.431666251235" lon="-70.4996573881192">        <ele>1143.64153090097</ele>        <time></time>      </trkpt>
      <trkpt lat="-33.4316688591939" lon="-70.4997107100458">        <ele>1142.6156322793</ele>        <time></time>      </trkpt>
      <trkpt lat="-33.4316672179994" lon="-70.4997644496591">        <ele>1141.50477307783</ele>        <time></time>      </trkpt>
      <trkpt lat="-33.4316648696041" lon="-70.4998181557968">        <ele>1140.29116097927</ele>        <time></time>      </trkpt>
      <trkpt lat="-33.4316628742482" lon="-70.499871881113">        <ele>1139.33517808188</ele>        <time></time>      </trkpt>
      <trkpt lat="-33.4316595120336" lon="-70.4999254729562">        <ele>1137.84139253604</ele>        <time></time>      </trkpt>
      <trkpt lat="-33.4316527262007" lon="-70.499978640073">        <ele>1136.62994835189</ele>        <time></time>      </trkpt>
      <trkpt lat="-33.4316437541475" lon="-70.5000311243216">        <ele>1135.1225267658</ele>        <time></time>      </trkpt>
      <trkpt lat="-33.4316277181177" lon="-70.5000813829372">        <ele>1134.5708665398</ele>        <time></time>      </trkpt>
      <trkpt lat="-33.4316130953737" lon="-70.5001321312282">        <ele>1133.69343386365</ele>        <time></time>      </trkpt>
      <trkpt lat="-33.4316055971957" lon="-70.5001848313333">        <ele>1132.36301113282</ele>        <time></time>      </trkpt>
      <trkpt lat="-33.4315910171605" lon="-70.5002357081126">        <ele>1131.31729886845</ele>        <time></time>      </trkpt>
      <trkpt lat="-33.4315762863422" lon="-70.5002864051375">        <ele>1130.16783096838</ele>        <time></time>      </trkpt>
      <trkpt lat="-33.4315604005762" lon="-70.5003367304264">        <ele>1129.23172693747</ele>        <time></time>      </trkpt>
      <trkpt lat="-33.4315434179895" lon="-70.5003865349001">        <ele>1128.35453121299</ele>        <time></time>      </trkpt>
      <trkpt lat="-33.4315229419913" lon="-70.5004344497015">        <ele>1127.99318699687</ele>        <time></time>      </trkpt>
      <trkpt lat="-33.431500373163" lon="-70.5004808517875">        <ele>1127.93273169982</ele>        <time></time>      </trkpt>
      <trkpt lat="-33.4314751112073" lon="-70.5005253535415">        <ele>1127.85643681306</ele>        <time></time>      </trkpt>
      <trkpt lat="-33.4314567254744" lon="-70.5005744252251">        <ele>1127.64874869413</ele>        <time></time>      </trkpt>
      <trkpt lat="-33.4314358473613" lon="-70.5006218244135">        <ele>1127.87610997246</ele>        <time></time>      </trkpt>
      <trkpt lat="-33.4314191506241" lon="-70.5006717317158">        <ele>1127.4597749811</ele>        <time></time>      </trkpt>
      <trkpt lat="-33.4314010129318" lon="-70.5007209456569">        <ele>1127.43657335339</ele>        <time></time>      </trkpt>
      <trkpt lat="-33.4313847968933" lon="-70.5007711271662">        <ele>1127.03402734599</ele>        <time></time>      </trkpt>
      <trkpt lat="-33.4313726207789" lon="-70.5008229038239">        <ele>1126.11195802372</ele>        <time></time>      </trkpt>
      <trkpt lat="-33.4313555987359" lon="-70.5008680954507">        <ele>1125.58582066104</ele>        <time></time>      </trkpt>
      <trkpt lat="-33.4313254707266" lon="-70.5009054056995">        <ele>1125.73870065096</ele>        <time></time>      </trkpt>
      <trkpt lat="-33.431308132166" lon="-70.5009549251">        <ele>1125.0219736932</ele>        <time></time>      </trkpt>
      <trkpt lat="-33.431291705653" lon="-70.5010049935434">        <ele>1124.40602613829</ele>        <time></time>      </trkpt>
      <trkpt lat="-33.4312773860606" lon="-70.50105579399">        <ele>1123.7813762311</ele>        <time></time>      </trkpt>
      <trkpt lat="-33.4312677633394" lon="-70.5011083345058">        <ele>1123.02772084926</ele>        <time></time>      </trkpt>
      <trkpt lat="-33.431258030488" lon="-70.5011608368304">        <ele>1121.92212862359</ele>        <time></time>      </trkpt>
      <trkpt lat="-33.431242534539" lon="-70.5012113408565">        <ele>1120.71800210803</ele>        <time></time>      </trkpt>
      <trkpt lat="-33.4312270385698" lon="-70.5012618448639">        <ele>1119.78075121134</ele>        <time></time>      </trkpt>
      <trkpt lat="-33.4312254865606" lon="-70.5013138209418">        <ele>1117.96680723212</ele>        <time></time>      </trkpt>
      <trkpt lat="-33.4312349776261" lon="-70.5013662761588">        <ele>1115.70358017597</ele>        <time></time>      </trkpt>
      <trkpt lat="-33.4312553857836" lon="-70.5014122948523">        <ele>1113.45791810386</ele>        <time></time>      </trkpt>
      <trkpt lat="-33.4312853142812" lon="-70.5014523116798">        <ele>1110.90756974402</ele>        <time></time>      </trkpt>
      <trkpt lat="-33.4313063216074" lon="-70.5014983490895">        <ele>1108.41594330459</ele>        <time></time>      </trkpt>
      <trkpt lat="-33.4313345040602" lon="-70.501539299789">        <ele>1106.32257570108</ele>        <time></time>      </trkpt>
      <trkpt lat="-33.4313689187943" lon="-70.5015481994186">        <ele>1104.55763355841</ele>        <time></time>      </trkpt>
      <trkpt lat="-33.431400269439" lon="-70.5015864571134">        <ele>1102.20309841083</ele>        <time></time>      </trkpt>
      <trkpt lat="-33.4314341521368" lon="-70.5016203215281">        <ele>1100.64484965449</ele>        <time></time>      </trkpt>
      <trkpt lat="-33.4314716607382" lon="-70.5016486572572">        <ele>1098.52716227391</ele>        <time></time>      </trkpt>
      <trkpt lat="-33.4315063320928" lon="-70.5016795850016">        <ele>1097.21446249722</ele>        <time></time>      </trkpt>
      <trkpt lat="-33.4315463298741" lon="-70.5017028515025">        <ele>1096.00813625435</ele>        <time></time>      </trkpt>
      <trkpt lat="-33.4315906763726" lon="-70.5017124053007">        <ele>1094.56253071522</ele>        <time></time>      </trkpt>
      <trkpt lat="-33.4316335552601" lon="-70.5017282595405">        <ele>1093.24120757055</ele>        <time></time>      </trkpt>
      <trkpt lat="-33.4316775297382" lon="-70.5017380132793">        <ele>1092.08106783432</ele>        <time></time>      </trkpt>
      <trkpt lat="-33.431716899012" lon="-70.5017577291597">        <ele>1091.28738631904</ele>        <time></time>      </trkpt>
      <trkpt lat="-33.431751739634" lon="-70.501787430584">        <ele>1090.53626358064</ele>        <time></time>      </trkpt>
      <trkpt lat="-33.4317861105589" lon="-70.5018159578559">        <ele>1089.79619961784</ele>        <time></time>      </trkpt>
      <trkpt lat="-33.4318305661138" lon="-70.5018243627898">        <ele>1088.93522922725</ele>        <time></time>      </trkpt>
      <trkpt lat="-33.4318746654693" lon="-70.5018175658008">        <ele>1088.2394654563</ele>        <time></time>      </trkpt>
      <trkpt lat="-33.4319110902642" lon="-70.5018341088639">        <ele>1087.14326596595</ele>        <time></time>      </trkpt>
      <trkpt lat="-33.4319482609084" lon="-70.5018551911872">        <ele>1085.79601358109</ele>        <time></time>      </trkpt>
      <trkpt lat="-33.4319446656563" lon="-70.5018015826516">        <ele>1087.01724490479</ele>        <time></time>      </trkpt>
      <trkpt lat="-33.431979512848" lon="-70.5017793512178">        <ele>1086.39527216428</ele>        <time></time>      </trkpt>
      <trkpt lat="-33.4320138486039" lon="-70.5017472241736">        <ele>1085.88595133265</ele>        <time></time>      </trkpt>
      <trkpt lat="-33.4320396097115" lon="-70.5017031037368">        <ele>1085.81833999429</ele>        <time></time>      </trkpt>
      <trkpt lat="-33.4320655070981" lon="-70.5016591002728">        <ele>1085.9880078205</ele>        <time></time>      </trkpt>
      <trkpt lat="-33.4320951075752" lon="-70.5016193099063">        <ele>1085.8527779416</ele>        <time></time>      </trkpt>
      <trkpt lat="-33.4321283935542" lon="-70.5015834762149">        <ele>1085.86776639015</ele>        <time></time>      </trkpt>
      <trkpt lat="-33.4321602309985" lon="-70.5015459474642">        <ele>1085.39731407086</ele>        <time></time>      </trkpt>
      <trkpt lat="-33.4321944602478" lon="-70.5015218271475">        <ele>1084.86712653781</ele>        <time></time>      </trkpt>
      <trkpt lat="-33.4322125987341" lon="-70.5014742219911">        <ele>1085.07288171973</ele>        <time></time>      </trkpt>
      <trkpt lat="-33.4322449689352" lon="-70.5014369689968">        <ele>1084.94246255398</ele>        <time></time>      </trkpt>
      <trkpt lat="-33.4322672545839" lon="-70.5013907870726">        <ele>1084.64181620408</ele>        <time></time>      </trkpt>
      <trkpt lat="-33.432285410799" lon="-70.5013416040697">        <ele>1084.7776970788</ele>        <time></time>      </trkpt>
      <trkpt lat="-33.4323100525352" lon="-70.5012969283028">        <ele>1084.10248071325</ele>        <time></time>      </trkpt>
      <trkpt lat="-33.4323361741066" lon="-70.5012536415961">        <ele>1083.17047368429</ele>        <time></time>      </trkpt>
      <trkpt lat="-33.4323651180977" lon="-70.501213733457">        <ele>1082.11438769771</ele>        <time></time>      </trkpt>
      <trkpt lat="-33.4323960447154" lon="-70.5011756612445">        <ele>1080.63519203693</ele>        <time></time>      </trkpt>
      <trkpt lat="-33.4324180687692" lon="-70.5011312455075">        <ele>1079.927758379</ele>        <time></time>      </trkpt>
      <trkpt lat="-33.4324503369536" lon="-70.5010938541216">        <ele>1078.72996142019</ele>        <time></time>      </trkpt>
      <trkpt lat="-33.4324784159899" lon="-70.5010519789336">        <ele>1077.54074954123</ele>        <time></time>      </trkpt>
      <trkpt lat="-33.4325080644036" lon="-70.5010130407991">        <ele>1076.04490981139</ele>        <time></time>      </trkpt>
      <trkpt lat="-33.4325448448908" lon="-70.5009905312404">        <ele>1074.6798057752</ele>        <time></time>      </trkpt>
      <trkpt lat="-33.4325569868571" lon="-70.5009388409271">        <ele>1074.53153846551</ele>        <time></time>      </trkpt>
      <trkpt lat="-33.432576045252" lon="-70.5008902712485">        <ele>1074.07781703076</ele>        <time></time>      </trkpt>
      <trkpt lat="-33.4326112550364" lon="-70.5008597430397">        <ele>1072.70067996465</ele>        <time></time>      </trkpt>
      <trkpt lat="-33.432616971798" lon="-70.500806396819">        <ele>1072.629973553</ele>        <time></time>      </trkpt>
      <trkpt lat="-33.4326347629992" lon="-70.5007577087033">        <ele>1072.57167732779</ele>        <time></time>      </trkpt>
      <trkpt lat="-33.4326692413008" lon="-70.5007420956433">        <ele>1071.16879716014</ele>        <time></time>      </trkpt>
      <trkpt lat="-33.4326937581585" lon="-70.5007082871529">        <ele>1070.34291320968</ele>        <time></time>      </trkpt>
      <trkpt lat="-33.4327048272994" lon="-70.5006567995905">        <ele>1070.64481804817</ele>        <time></time>      </trkpt>
      <trkpt lat="-33.4327328872232" lon="-70.500615722759">        <ele>1070.07597095109</ele>        <time></time>      </trkpt>
      <trkpt lat="-33.4327498930024" lon="-70.5005671023445">        <ele>1069.92338082584</ele>        <time></time>      </trkpt>
      <trkpt lat="-33.4327746081112" lon="-70.5005223578896">        <ele>1069.27917931788</ele>        <time></time>      </trkpt>
      <trkpt lat="-33.4327953525716" lon="-70.500474846232">        <ele>1069.21756544526</ele>        <time></time>      </trkpt>
      <trkpt lat="-33.4328159777856" lon="-70.5004275941789">        <ele>1068.89598800304</ele>        <time></time>      </trkpt>
      <trkpt lat="-33.4328278215084" lon="-70.5003757021741">        <ele>1069.16416521597</ele>        <time></time>      </trkpt>
      <trkpt lat="-33.4328505870465" lon="-70.5003302957558">        <ele>1067.8915387671</ele>        <time></time>      </trkpt>
      <trkpt lat="-33.4328703957903" lon="-70.5002823644173">        <ele>1066.99495717164</ele>        <time></time>      </trkpt>
      <trkpt lat="-33.4328873442493" lon="-70.500232833448">        <ele>1065.81337917315</ele>        <time></time>      </trkpt>
      <trkpt lat="-33.4329172121278" lon="-70.5001943680292">        <ele>1063.66560860466</ele>        <time></time>      </trkpt>
      <trkpt lat="-33.4329440107339" lon="-70.5001513370059">        <ele>1061.59855052846</ele>        <time></time>      </trkpt>
      <trkpt lat="-33.4329613027075" lon="-70.5001024303716">        <ele>1060.4874442781</ele>        <time></time>      </trkpt>
      <trkpt lat="-33.4329801736554" lon="-70.5000551652442">        <ele>1059.43450263312</ele>        <time></time>      </trkpt>
      <trkpt lat="-33.4329912264782" lon="-70.5000080863446">        <ele>1059.30355238195</ele>        <time></time>      </trkpt>
      <trkpt lat="-33.4330151389172" lon="-70.4999649415799">        <ele>1057.82705614951</ele>        <time></time>      </trkpt>
      <trkpt lat="-33.4330196117659" lon="-70.4999114263742">        <ele>1058.65288543256</ele>        <time></time>      </trkpt>
      <trkpt lat="-33.4330273815985" lon="-70.4998586091036">        <ele>1059.14864442902</ele>        <time></time>      </trkpt>
      <trkpt lat="-33.4330543573558" lon="-70.4998166525529">        <ele>1058.09260934113</ele>        <time></time>      </trkpt>
      <trkpt lat="-33.4330601404797" lon="-70.499763548936">        <ele>1059.88809186483</ele>        <time></time>      </trkpt>
      <trkpt lat="-33.4330655111991" lon="-70.4997101512929">        <ele>1061.1937875655</ele>        <time></time>      </trkpt>
      <trkpt lat="-33.4330903481088" lon="-70.4996669089399">        <ele>1061.50272561048</ele>        <time></time>      </trkpt>
      <trkpt lat="-33.433119702714" lon="-70.4996422313911">        <ele>1060.27456835565</ele>        <time></time>      </trkpt>
      <trkpt lat="-33.4331283560709" lon="-70.4996943078507">        <ele>1057.84562261168</ele>        <time></time>      </trkpt>
      <trkpt lat="-33.4331302625279" lon="-70.4997480402126">        <ele>1055.80265019031</ele>        <time></time>      </trkpt>
      <trkpt lat="-33.4331321981069" lon="-70.4998017710092">        <ele>1053.76572457657</ele>        <time></time>      </trkpt>
      <trkpt lat="-33.43313032485" lon="-70.499855067939">        <ele>1052.05160916872</ele>        <time></time>      </trkpt>
      <trkpt lat="-33.4331323335687" lon="-70.4999087949809">        <ele>1050.87238673999</ele>        <time></time>      </trkpt>
      <trkpt lat="-33.4331343761376" lon="-70.4999625202834">        <ele>1049.60431618401</ele>        <time></time>      </trkpt>
      <trkpt lat="-33.4331365551045" lon="-70.5000162379101">        <ele>1049.30259977715</ele>        <time></time>      </trkpt>
      <trkpt lat="-33.4331247267322" lon="-70.500067621686">        <ele>1049.85312926881</ele>        <time></time>      </trkpt>
      <trkpt lat="-33.4331172532525" lon="-70.5001206535568">        <ele>1050.52385619657</ele>        <time></time>      </trkpt>
      <trkpt lat="-33.4331184664168" lon="-70.5001742089658">        <ele>1050.70684521396</ele>        <time></time>      </trkpt>
      <trkpt lat="-33.4331134730873" lon="-70.5002262871426">        <ele>1050.99773327333</ele>        <time></time>      </trkpt>
      <trkpt lat="-33.4331153470743" lon="-70.5002664611066">        <ele>1051.22849154933</ele>        <time></time>      </trkpt>
      <trkpt lat="-33.4331211380208" lon="-70.5003195359001">        <ele>1051.1638973222</ele>        <time></time>      </trkpt>
      <trkpt lat="-33.4331235730906" lon="-70.5003731885538">        <ele>1051.68061874484</ele>        <time></time>      </trkpt>
      <trkpt lat="-33.4331376254563" lon="-70.5004227569582">        <ele>1051.35379468321</ele>        <time></time>      </trkpt>
      <trkpt lat="-33.4331484909899" lon="-70.5004749527858">        <ele>1051.5144199073</ele>        <time></time>      </trkpt>
      <trkpt lat="-33.4331640037454" lon="-70.5005253457716">        <ele>1051.15830808091</ele>        <time></time>      </trkpt>
      <trkpt lat="-33.4331801193318" lon="-70.500575449606">        <ele>1050.86961237375</ele>        <time></time>      </trkpt>
      <trkpt lat="-33.4332012821849" lon="-70.500622916959">        <ele>1050.42169964349</ele>        <time></time>      </trkpt>
      <trkpt lat="-33.4332256900701" lon="-70.5006632215532">        <ele>1049.56400009452</ele>        <time></time>      </trkpt>
      <trkpt lat="-33.4332482500411" lon="-70.5007092105821">        <ele>1049.01746937373</ele>        <time></time>      </trkpt>
      <trkpt lat="-33.4332703546265" lon="-70.500755880605">        <ele>1048.12469110024</ele>        <time></time>      </trkpt>
      <trkpt lat="-33.4332800928024" lon="-70.5008078292235">        <ele>1047.91922920992</ele>        <time></time>      </trkpt>
      <trkpt lat="-33.4332886418499" lon="-70.500860518339">        <ele>1047.6716824988</ele>        <time></time>      </trkpt>
      <trkpt lat="-33.4332932153233" lon="-70.500913658646">        <ele>1047.25358821251</ele>        <time></time>      </trkpt>
      <trkpt lat="-33.433297861682" lon="-70.5009669450999">        <ele>1046.95012107295</ele>        <time></time>      </trkpt>
      <trkpt lat="-33.4332989984106" lon="-70.501020706629">        <ele>1046.46824154024</ele>        <time></time>      </trkpt>
      <trkpt lat="-33.4333000345749" lon="-70.5010744720913">        <ele>1045.59555221936</ele>        <time></time>      </trkpt>
      <trkpt lat="-33.4333006696394" lon="-70.501128247355">        <ele>1045.06017516281</ele>        <time></time>      </trkpt>
      <trkpt lat="-33.4333023292337" lon="-70.5011819863854">        <ele>1044.48758194946</ele>        <time></time>      </trkpt>
      <trkpt lat="-33.4332971277165" lon="-70.501235099811">        <ele>1044.13958111395</ele>        <time></time>      </trkpt>
      <trkpt lat="-33.4332834206699" lon="-70.5012857900893">        <ele>1043.58672817666</ele>        <time></time>      </trkpt>
      <trkpt lat="-33.4332804264497" lon="-70.5013394491831">        <ele>1042.63594599318</ele>        <time></time>      </trkpt>
      <trkpt lat="-33.433280301812" lon="-70.501393153721">        <ele>1041.63784088608</ele>        <time></time>      </trkpt>
      <trkpt lat="-33.4332817182527" lon="-70.5014469077609">        <ele>1040.67895731107</ele>        <time></time>      </trkpt>
      <trkpt lat="-33.4332752546215" lon="-70.501499705878">        <ele>1040.12998597673</ele>        <time></time>      </trkpt>
      <trkpt lat="-33.4332696450689" lon="-70.5015526213304">        <ele>1039.34641467649</ele>        <time></time>      </trkpt>
      <trkpt lat="-33.4332654156676" lon="-70.5016060513067">        <ele>1039.03127836612</ele>        <time></time>      </trkpt>
      <trkpt lat="-33.43325631279" lon="-70.5016585749464">        <ele>1038.47732146926</ele>        <time></time>      </trkpt>
      <trkpt lat="-33.4332511190183" lon="-70.5017119845656">        <ele>1038.27874372794</ele>        <time></time>      </trkpt>
      <trkpt lat="-33.4332436021295" lon="-70.5017649764131">        <ele>1038.14733021899</ele>        <time></time>      </trkpt>
      <trkpt lat="-33.4332394293576" lon="-70.5018179856429">        <ele>1037.63770890882</ele>        <time></time>      </trkpt>
      <trkpt lat="-33.4332293928696" lon="-70.5018703324751">        <ele>1037.52777521193</ele>        <time></time>      </trkpt>
      <trkpt lat="-33.4332242284836" lon="-70.5019232355159">        <ele>1037.27654609013</ele>        <time></time>      </trkpt>
      <trkpt lat="-33.4332102429179" lon="-70.5019739791913">        <ele>1036.87827933568</ele>        <time></time>      </trkpt>
      <trkpt lat="-33.433199434268" lon="-70.5020261738785">        <ele>1036.52280315192</ele>        <time></time>      </trkpt>
      <trkpt lat="-33.4331904096507" lon="-70.5020788632338">        <ele>1036.34640115599</ele>        <time></time>      </trkpt>
      <trkpt lat="-33.4331805794491" lon="-70.5021313009107">        <ele>1036.42900404213</ele>        <time></time>      </trkpt>
      <trkpt lat="-33.4331667205525" lon="-70.5021824202487">        <ele>1037.44104573286</ele>        <time></time>      </trkpt>
      <trkpt lat="-33.4331549287168" lon="-70.5022343231769">        <ele>1037.91310335878</ele>        <time></time>      </trkpt>
      <trkpt lat="-33.4331431104821" lon="-70.5022862028795">        <ele>1038.53264759247</ele>        <time></time>      </trkpt>
      <trkpt lat="-33.433136723" lon="-70.502339419">        <ele>1039.26517696164</ele>        <time></time>      </trkpt>
      <trkpt lat="-33.433136723" lon="-70.502339419">        <ele>1039.16427289432</ele>        <time></time>      </trkpt>
      <trkpt lat="-33.433130181277" lon="-70.5023927385919">        <ele>1039.82196412345</ele>        <time></time>      </trkpt>
      <trkpt lat="-33.4331236395313" lon="-70.5024460581749">        <ele>1039.48965075853</ele>        <time></time>      </trkpt>
      <trkpt lat="-33.4331170977629" lon="-70.502499377749">        <ele>1039.34600001173</ele>        <time></time>      </trkpt>
      <trkpt lat="-33.4331105559717" lon="-70.5025526973142">        <ele>1038.78481401852</ele>        <time></time>      </trkpt>
      <trkpt lat="-33.4331040141578" lon="-70.5026060168705">        <ele>1037.23544289811</ele>        <time></time>      </trkpt>
      <trkpt lat="-33.4330974723212" lon="-70.5026593364179">        <ele>1036.23955895445</ele>        <time></time>      </trkpt>
      <trkpt lat="-33.433090930462" lon="-70.5027126559564">        <ele>1035.13010993366</ele>        <time></time>      </trkpt>
      <trkpt lat="-33.4330843885799" lon="-70.502765975486">        <ele>1033.29457412044</ele>        <time></time>      </trkpt>
      <trkpt lat="-33.4330778466752" lon="-70.5028192950067">        <ele>1032.19435804951</ele>        <time></time>      </trkpt>
      <trkpt lat="-33.433065775531" lon="-70.502870893101">        <ele>1031.51820332922</ele>        <time></time>      </trkpt>
      <trkpt lat="-33.433051169362" lon="-70.5029218869564">        <ele>1031.26893381024</ele>        <time></time>      </trkpt>
      <trkpt lat="-33.4330365631723" lon="-70.5029728807939">        <ele>1030.59597026262</ele>        <time></time>      </trkpt>
      <trkpt lat="-33.4330219569622" lon="-70.5030238746137">        <ele>1030.77172391765</ele>        <time></time>      </trkpt>
      <trkpt lat="-33.4330073507315" lon="-70.5030748684156">        <ele>1030.74404121519</ele>        <time></time>      </trkpt>
      <trkpt lat="-33.4329935103293" lon="-70.5031261380682">        <ele>1031.48160416492</ele>        <time></time>      </trkpt>
      <trkpt lat="-33.4329820074355" lon="-70.5031782497132">        <ele>1031.93989373914</ele>        <time></time>      </trkpt>
      <trkpt lat="-33.4329666853853" lon="-70.503228799825">        <ele>1033.21808469259</ele>        <time></time>      </trkpt>
      <trkpt lat="-33.4329570518366" lon="-70.5032814479586">        <ele>1033.91731424332</ele>        <time></time>      </trkpt>
      <trkpt lat="-33.4329395054513" lon="-70.503331056053">        <ele>1035.06207275892</ele>        <time></time>      </trkpt>
      <trkpt lat="-33.4329261798638" lon="-70.503382385013">        <ele>1035.36882899138</ele>        <time></time>      </trkpt>
      <trkpt lat="-33.4329135598136" lon="-70.5034341116579">        <ele>1035.33281780008</ele>        <time></time>      </trkpt>
      <trkpt lat="-33.432903594602" lon="-70.5034866487971">        <ele>1034.8949674979</ele>        <time></time>      </trkpt>
      <trkpt lat="-33.4328901259331" lon="-70.5035380120931">        <ele>1034.83875305577</ele>        <time></time>      </trkpt>
      <trkpt lat="-33.4328715976049" lon="-70.5035871263342">        <ele>1034.9762869065</ele>        <time></time>      </trkpt>
      <trkpt lat="-33.4328496569218" lon="-70.5036340973918">        <ele>1034.76102356601</ele>        <time></time>      </trkpt>
      <trkpt lat="-33.432836147629" lon="-70.5036855194413">        <ele>1034.88422910909</ele>        <time></time>      </trkpt>
      <trkpt lat="-33.4328193614641" lon="-70.5037335804691">        <ele>1033.84796486549</ele>        <time></time>      </trkpt>
      <trkpt lat="-33.4327838526496" lon="-70.503764751452">        <ele>1035.89933387989</ele>        <time></time>      </trkpt>
      <trkpt lat="-33.4327574130794" lon="-70.5038084088776">        <ele>1036.58079879585</ele>        <time></time>      </trkpt>
      <trkpt lat="-33.4327353861082" lon="-70.5038554444086">        <ele>1037.07075502391</ele>        <time></time>      </trkpt>
      <trkpt lat="-33.4327005223601" lon="-70.503889375576">        <ele>1037.4306796289</ele>        <time></time>      </trkpt>
      <trkpt lat="-33.432667068639" lon="-70.5039255532231">        <ele>1038.80138578193</ele>        <time></time>      </trkpt>
      <trkpt lat="-33.4326359656574" lon="-70.5039646393142">        <ele>1038.9340236514</ele>        <time></time>      </trkpt>
      <trkpt lat="-33.4326047929869" lon="-70.5040036379136">        <ele>1039.88858935139</ele>        <time></time>      </trkpt>
      <trkpt lat="-33.4325706205168" lon="-70.5040388647393">        <ele>1040.04510190654</ele>        <time></time>      </trkpt>
      <trkpt lat="-33.4325398157378" lon="-70.5040782852836">        <ele>1039.94973723222</ele>        <time></time>      </trkpt>
      <trkpt lat="-33.432516024594" lon="-70.5041240827217">        <ele>1038.66575962297</ele>        <time></time>      </trkpt>
      <trkpt lat="-33.4324963555805" lon="-70.5041724464173">        <ele>1037.35322177231</ele>        <time></time>      </trkpt>
      <trkpt lat="-33.4324781057669" lon="-70.5042209352556">        <ele>1035.39428080009</ele>        <time></time>      </trkpt>
      <trkpt lat="-33.4324520279788" lon="-70.5042613531842">        <ele>1034.07485667376</ele>        <time></time>      </trkpt>
      <trkpt lat="-33.4324300071018" lon="-70.5043083671566">        <ele>1033.2211637165</ele>        <time></time>      </trkpt>
      <trkpt lat="-33.4324071717572" lon="-70.5043544799042">        <ele>1032.27143827998</ele>        <time></time>      </trkpt>
      <trkpt lat="-33.432377457744" lon="-70.5043949381682">        <ele>1032.00971127515</ele>        <time></time>      </trkpt>
      <trkpt lat="-33.4323523550256" lon="-70.504439644871">        <ele>1031.29617571353</ele>        <time></time>      </trkpt>
      <trkpt lat="-33.4323302436161" lon="-70.5044866359985">        <ele>1030.65449379457</ele>        <time></time>      </trkpt>
      <trkpt lat="-33.432307799903" lon="-70.5045334017502">        <ele>1030.13592511785</ele>        <time></time>      </trkpt>
      <trkpt lat="-33.4322840115521" lon="-70.5045791844084">        <ele>1029.94357853423</ele>        <time></time>      </trkpt>
      <trkpt lat="-33.4322589677071" lon="-70.5046240341931">        <ele>1029.18419882922</ele>        <time></time>      </trkpt>
      <trkpt lat="-33.4322325097061" lon="-70.5046677017265">        <ele>1028.89649254256</ele>        <time></time>      </trkpt>
      <trkpt lat="-33.4322022898984" lon="-70.5047074747888">        <ele>1028.9456969635</ele>        <time></time>      </trkpt>
      <trkpt lat="-33.4321748341828" lon="-70.5047499841747">        <ele>1028.46608991547</ele>        <time></time>      </trkpt>
      <trkpt lat="-33.4321497207459" lon="-70.5047946164301">        <ele>1027.56430615801</ele>        <time></time>      </trkpt>
      <trkpt lat="-33.4321257164042" lon="-70.5048402531185">        <ele>1027.14900929484</ele>        <time></time>      </trkpt>
      <trkpt lat="-33.4321030934217" lon="-70.504885030829">        <ele>1026.49198054754</ele>        <time></time>      </trkpt>
      <trkpt lat="-33.432073997084" lon="-70.5049255611226">        <ele>1026.11113944023</ele>        <time></time>      </trkpt>
      <trkpt lat="-33.4320552164054" lon="-70.5049744039556">        <ele>1025.1560387838</ele>        <time></time>      </trkpt>
      <trkpt lat="-33.4320412118853" lon="-70.5050248914135">        <ele>1024.48113057317</ele>        <time></time>      </trkpt>
      <trkpt lat="-33.4320363573453" lon="-70.5050782772923">        <ele>1022.65074240399</ele>        <time></time>      </trkpt>
      <trkpt lat="-33.4320352857357" lon="-70.5051321488194">        <ele>1020.716048663</ele>        <time></time>      </trkpt>
      <trkpt lat="-33.4320147749264" lon="-70.5051744187972">        <ele>1020.14485933719</ele>        <time></time>      </trkpt>
      <trkpt lat="-33.4320089956481" lon="-70.5052274352103">        <ele>1018.40364365135</ele>        <time></time>      </trkpt>
      <trkpt lat="-33.4319967853446" lon="-70.5052788766819">        <ele>1017.62360302066</ele>        <time></time>      </trkpt>
      <trkpt lat="-33.4319771245001" lon="-70.5053270023003">        <ele>1017.36652104987</ele>        <time></time>      </trkpt>
      <trkpt lat="-33.4319533387311" lon="-70.505372342474">        <ele>1017.04624930658</ele>        <time></time>      </trkpt>
      <trkpt lat="-33.4319346934001" lon="-70.5054214037702">        <ele>1016.98747384397</ele>        <time></time>      </trkpt>
      <trkpt lat="-33.4319220679012" lon="-70.5054730988956">        <ele>1016.75949881772</ele>        <time></time>      </trkpt>
      <trkpt lat="-33.4318999546304" lon="-70.5055182355025">        <ele>1016.77595087772</ele>        <time></time>      </trkpt>
      <trkpt lat="-33.4318923359664" lon="-70.5055713014342">        <ele>1016.33697807846</ele>        <time></time>      </trkpt>
      <trkpt lat="-33.4318849860005" lon="-70.5056244344243">        <ele>1015.56540515646</ele>        <time></time>      </trkpt>
      <trkpt lat="-33.431877011312" lon="-70.5056774652023">        <ele>1015.05295206837</ele>        <time></time>      </trkpt>
      <trkpt lat="-33.4318691141287" lon="-70.50573051667">        <ele>1014.40207626167</ele>        <time></time>      </trkpt>
      <trkpt lat="-33.4318646186124" lon="-70.5057839544184">        <ele>1013.55712753179</ele>        <time></time>      </trkpt>
      <trkpt lat="-33.4318603470983" lon="-70.5058373911599">        <ele>1012.27219932346</ele>        <time></time>      </trkpt>
      <trkpt lat="-33.4318566972199" lon="-70.5058908368409">        <ele>1010.89828550479</ele>        <time></time>      </trkpt>
      <trkpt lat="-33.431846572473" lon="-70.5059433529835">        <ele>1009.94091651764</ele>        <time></time>      </trkpt>
      <trkpt lat="-33.4318364477042" lon="-70.5059958691131">        <ele>1009.03724078402</ele>        <time></time>      </trkpt>
      <trkpt lat="-33.4318249711788" lon="-70.5060479873831">        <ele>1008.64976688248</ele>        <time></time>      </trkpt>
      <trkpt lat="-33.4318139386602" lon="-70.506100227699">        <ele>1007.78703957717</ele>        <time></time>      </trkpt>
      <trkpt lat="-33.4318026756088" lon="-70.5061523635668">        <ele>1007.22638048286</ele>        <time></time>      </trkpt>
      <trkpt lat="-33.4317929433415" lon="-70.5062049732063">        <ele>1006.49839801535</ele>        <time></time>      </trkpt>
      <trkpt lat="-33.4317805381924" lon="-70.5062567575176">        <ele>1005.94809257007</ele>        <time></time>      </trkpt>
      <trkpt lat="-33.4317729263013" lon="-70.5063093417642">        <ele>1005.52300781524</ele>        <time></time>      </trkpt>
      <trkpt lat="-33.4317580654701" lon="-70.5063596917584">        <ele>1005.54175899678</ele>        <time></time>      </trkpt>
      <trkpt lat="-33.4317505715725" lon="-70.5064126838148">        <ele>1004.55115806341</ele>        <time></time>      </trkpt>
      <trkpt lat="-33.4317400015668" lon="-70.5064648918866">        <ele>1003.8685663712</ele>        <time></time>      </trkpt>
      <trkpt lat="-33.431716295876" lon="-70.5065096800944">        <ele>1004.3803756191</ele>        <time></time>      </trkpt>
      <trkpt lat="-33.4317024194362" lon="-70.5065600065304">        <ele>1004.04160318443</ele>        <time></time>      </trkpt>
      <trkpt lat="-33.4316886257618" lon="-70.5066102151153">        <ele>1004.10032356931</ele>        <time></time>      </trkpt>
      <trkpt lat="-33.4316699714216" lon="-70.5066592889705">        <ele>1004.2148371323</ele>        <time></time>      </trkpt>
      <trkpt lat="-33.4316531024574" lon="-70.5067091557055">        <ele>1004.50857331291</ele>        <time></time>      </trkpt>
      <trkpt lat="-33.4316364709499" lon="-70.5067591721067">        <ele>1004.12935168343</ele>        <time></time>      </trkpt>
      <trkpt lat="-33.431614371007" lon="-70.5068061417985">        <ele>1004.73266104565</ele>        <time></time>      </trkpt>
      <trkpt lat="-33.4315874013557" lon="-70.5068492037763">        <ele>1005.43832718794</ele>        <time></time>      </trkpt>
      <trkpt lat="-33.4315611035219" lon="-70.5068929293908">        <ele>1006.03840933742</ele>        <time></time>      </trkpt>
      <trkpt lat="-33.4315318793489" lon="-70.5069331155961">        <ele>1006.69126164189</ele>        <time></time>      </trkpt>
      <trkpt lat="-33.4314906689615" lon="-70.506953565205">        <ele>1007.64221316829</ele>        <time></time>      </trkpt>
      <trkpt lat="-33.4314559303628" lon="-70.5069870720308">        <ele>1007.78211719871</ele>        <time></time>      </trkpt>
      <trkpt lat="-33.4314125674353" lon="-70.5069994533397">        <ele>1008.66205573661</ele>        <time></time>      </trkpt>
      <trkpt lat="-33.4313686053035" lon="-70.5070111970217">        <ele>1009.01887006424</ele>        <time></time>      </trkpt>
      <trkpt lat="-33.4313239491018" lon="-70.5070183231667">        <ele>1009.36268332124</ele>        <time></time>      </trkpt>
      <trkpt lat="-33.4312790629883" lon="-70.5070233101417">        <ele>1009.87080536828</ele>        <time></time>      </trkpt>
      <trkpt lat="-33.4312389352222" lon="-70.5070474228444">        <ele>1009.57061860925</ele>        <time></time>      </trkpt>
      <trkpt lat="-33.431203001548" lon="-70.5070793963759">        <ele>1009.36621878186</ele>        <time></time>      </trkpt>
      <trkpt lat="-33.4311911169634" lon="-70.5071290538681">        <ele>1008.88991820815</ele>        <time></time>      </trkpt>
      <trkpt lat="-33.4311748961442" lon="-70.5071792496043">        <ele>1008.37866818407</ele>        <time></time>      </trkpt>
      <trkpt lat="-33.4311557622619" lon="-70.5072279814484">        <ele>1007.93708298649</ele>        <time></time>      </trkpt>
      <trkpt lat="-33.4311439505962" lon="-70.5072798226394">        <ele>1006.97660143725</ele>        <time></time>      </trkpt>
      <trkpt lat="-33.4311373790141" lon="-70.5073327827584">        <ele>1005.81375909814</ele>        <time></time>      </trkpt>
      <trkpt lat="-33.4311414802423" lon="-70.5073851468017">        <ele>1004.48573235792</ele>        <time></time>      </trkpt>
      <trkpt lat="-33.4311536197464" lon="-70.5074369968788">        <ele>1003.09997893208</ele>        <time></time>      </trkpt>
      <trkpt lat="-33.431172140983" lon="-70.5074839337795">        <ele>1002.09696178961</ele>        <time></time>      </trkpt>
      <trkpt lat="-33.4311961184398" lon="-70.5075291588837">        <ele>1001.01440857599</ele>        <time></time>      </trkpt>
      <trkpt lat="-33.4312242343732" lon="-70.5075712337711">        <ele>999.798702126502</ele>        <time></time>      </trkpt>
      <trkpt lat="-33.4312502132634" lon="-70.50761515516">        <ele>998.428008456196</ele>        <time></time>      </trkpt>
      <trkpt lat="-33.431272598207" lon="-70.5076613283481">        <ele>997.366121431681</ele>        <time></time>      </trkpt>
      <trkpt lat="-33.431298536907" lon="-70.5077050674727">        <ele>996.024753486728</ele>        <time></time>      </trkpt>
      <trkpt lat="-33.4313258344402" lon="-70.5077477580146">        <ele>994.831174957599</ele>        <time></time>      </trkpt>
      <trkpt lat="-33.4313515500002" lon="-70.5077919758244">        <ele>993.841805192359</ele>        <time></time>      </trkpt>
      <trkpt lat="-33.4313810914354" lon="-70.5078327095889">        <ele>992.526916984549</ele>        <time></time>      </trkpt>
      <trkpt lat="-33.4314099536279" lon="-70.5078741155482">        <ele>992.04498819819</ele>        <time></time>      </trkpt>
      <trkpt lat="-33.4314423780468" lon="-70.507911356241">        <ele>991.070553105245</ele>        <time></time>      </trkpt>
      <trkpt lat="-33.4314776752936" lon="-70.5079449937282">        <ele>990.531072996404</ele>        <time></time>      </trkpt>
      <trkpt lat="-33.4315099464402" lon="-70.5079817512297">        <ele>989.792274787356</ele>        <time></time>      </trkpt>
      <trkpt lat="-33.4315394863234" lon="-70.5080217295854">        <ele>989.724351624169</ele>        <time></time>      </trkpt>
      <trkpt lat="-33.4315736952638" lon="-70.5080559196577">        <ele>988.721135856781</ele>        <time></time>      </trkpt>
      <trkpt lat="-33.4316055281379" lon="-70.5080926993244">        <ele>987.612118504034</ele>        <time></time>      </trkpt>
      <trkpt lat="-33.4316287489668" lon="-70.5081389243358">        <ele>987.17935816929</ele>        <time></time>      </trkpt>
      <trkpt lat="-33.4316519697777" lon="-70.5081851493714">        <ele>987.252281048612</ele>        <time></time>      </trkpt>
      <trkpt lat="-33.4316751905706" lon="-70.5082313744311">        <ele>986.218749095384</ele>        <time></time>      </trkpt>
      <trkpt lat="-33.4316963964411" lon="-70.5082787954174">        <ele>985.470067027986</ele>        <time></time>      </trkpt>
      <trkpt lat="-33.431713312729" lon="-70.5083287624">        <ele>984.530115869798</ele>        <time></time>      </trkpt>
      <trkpt lat="-33.4317302289962" lon="-70.5083787294013">        <ele>983.388119243505</ele>        <time></time>      </trkpt>
      <trkpt lat="-33.4317471452427" lon="-70.5084286964214">        <ele>981.97617614982</ele>        <time></time>      </trkpt>
      <trkpt lat="-33.431758745989" lon="-70.5084805153171">        <ele>981.174244283205</ele>        <time></time>      </trkpt>
      <trkpt lat="-33.4317690106518" lon="-70.5085328625557">        <ele>979.328440951149</ele>        <time></time>      </trkpt>
      <trkpt lat="-33.4317809634389" lon="-70.5085846824194">        <ele>978.200693107624</ele>        <time></time>      </trkpt>
      <trkpt lat="-33.4317879550524" lon="-70.5086378483474">        <ele>977.096296251889</ele>        <time></time>      </trkpt>
      <trkpt lat="-33.4317868877229" lon="-70.508691046943">        <ele>976.907739070897</ele>        <time></time>      </trkpt>
      <trkpt lat="-33.431777792208" lon="-70.5087435797828">        <ele>977.429186931186</ele>        <time></time>      </trkpt>
      <trkpt lat="-33.4317702520099" lon="-70.5087962472105">        <ele>977.852036113309</ele>        <time></time>      </trkpt>
      <trkpt lat="-33.4317581445777" lon="-70.5088480428694">        <ele>978.169362282719</ele>        <time></time>      </trkpt>
      <trkpt lat="-33.4317401628226" lon="-70.5088966269041">        <ele>979.113881927309</ele>        <time></time>      </trkpt>
      <trkpt lat="-33.4317286680372" lon="-70.5089482287921">        <ele>979.365260469037</ele>        <time></time>      </trkpt>
      <trkpt lat="-33.4317138373915" lon="-70.5089990050086">        <ele>980.01472403924</ele>        <time></time>      </trkpt>
      <trkpt lat="-33.4317021417474" lon="-70.5090509269315">        <ele>979.661132256765</ele>        <time></time>      </trkpt>
      <trkpt lat="-33.4317023577721" lon="-70.5091048012157">        <ele>978.471694297343</ele>        <time></time>      </trkpt>
      <trkpt lat="-33.4317019244744" lon="-70.5091585837863">        <ele>977.204755283764</ele>        <time></time>      </trkpt>
      <trkpt lat="-33.4316985828271" lon="-70.5092122968997">        <ele>975.924493260305</ele>        <time></time>      </trkpt>
      <trkpt lat="-33.4316996314736" lon="-70.5092661670885">        <ele>974.616205259264</ele>        <time></time>      </trkpt>
      <trkpt lat="-33.4316938663006" lon="-70.5093193712107">        <ele>973.922108689362</ele>        <time></time>      </trkpt>
      <trkpt lat="-33.431689642603" lon="-70.5093727507249">        <ele>972.452259468486</ele>        <time></time>      </trkpt>
      <trkpt lat="-33.4316904196062" lon="-70.5094266291535">        <ele>970.885046827081</ele>        <time></time>      </trkpt>
      <trkpt lat="-33.4316717696433" lon="-70.509469695159">        <ele>970.978505627703</ele>        <time></time>      </trkpt>
      <trkpt lat="-33.4316653447591" lon="-70.5095220765133">        <ele>970.079700447278</ele>        <time></time>      </trkpt>
      <trkpt lat="-33.431655069337" lon="-70.509573912989">        <ele>969.239555378908</ele>        <time></time>      </trkpt>
      <trkpt lat="-33.4316501370468" lon="-70.5096274373278">        <ele>967.728081461056</ele>        <time></time>      </trkpt>
      <trkpt lat="-33.4316413870878" lon="-70.5096800361742">        <ele>966.987090797931</ele>        <time></time>      </trkpt>
      <trkpt lat="-33.4316301427083" lon="-70.5097322257682">        <ele>966.282539883758</ele>        <time></time>      </trkpt>
      <trkpt lat="-33.4316183089109" lon="-70.5097842027008">        <ele>965.898272704877</ele>        <time></time>      </trkpt>
      <trkpt lat="-33.431599367687" lon="-70.5098328143702">        <ele>966.015631860938</ele>        <time></time>      </trkpt>
      <trkpt lat="-33.4316006022355" lon="-70.5098853246604">        <ele>964.388315655584</ele>        <time></time>      </trkpt>
      <trkpt lat="-33.4315982454778" lon="-70.5099373273938">        <ele>962.519879821969</ele>        <time></time>      </trkpt>
      <trkpt lat="-33.4315710940179" lon="-70.5099797683602">        <ele>962.985558129238</ele>        <time></time>      </trkpt>
      <trkpt lat="-33.4315487047877" lon="-70.5100251070322">        <ele>963.094297458259</ele>        <time></time>      </trkpt>
      <trkpt lat="-33.4315170785299" lon="-70.510063531134">        <ele>963.000046146204</ele>        <time></time>      </trkpt>
      <trkpt lat="-33.4314879563372" lon="-70.5101047148628">        <ele>963.362313574292</ele>        <time></time>      </trkpt>
      <trkpt lat="-33.4314543671379" lon="-70.5101402370214">        <ele>964.100779508719</ele>        <time></time>      </trkpt>
      <trkpt lat="-33.4314309893663" lon="-70.5101863445546">        <ele>964.906948517648</ele>        <time></time>      </trkpt>
      <trkpt lat="-33.43140958313" lon="-70.510233657099">        <ele>964.549083509467</ele>        <time></time>      </trkpt>
      <trkpt lat="-33.431399260228" lon="-70.5102858384821">        <ele>963.850911428043</ele>        <time></time>      </trkpt>
      <trkpt lat="-33.4313924810052" lon="-70.5103387562371">        <ele>963.48617513111</ele>        <time></time>      </trkpt>
      <trkpt lat="-33.4314003047192" lon="-70.5103918284014">        <ele>962.508329804759</ele>        <time></time>      </trkpt>
      <trkpt lat="-33.4314017308061" lon="-70.5104456482264">        <ele>962.335296065516</ele>        <time></time>      </trkpt>
      <trkpt lat="-33.4314090616913" lon="-70.5104981730987">        <ele>961.839943220712</ele>        <time></time>      </trkpt>
      <trkpt lat="-33.4314109699253" lon="-70.5105518427498">        <ele>961.441912436021</ele>        <time></time>      </trkpt>
      <trkpt lat="-33.4314170385547" lon="-70.5106051814565">        <ele>961.557441793681</ele>        <time></time>      </trkpt>
      <trkpt lat="-33.4314263015118" lon="-70.5106579230477">        <ele>961.2151393861</ele>        <time></time>      </trkpt>
      <trkpt lat="-33.4314281329488" lon="-70.5107115824506">        <ele>960.887594149334</ele>        <time></time>      </trkpt>
      <trkpt lat="-33.4314337039185" lon="-70.5107647956663">        <ele>961.085130175523</ele>        <time></time>      </trkpt>
      <trkpt lat="-33.4314400826663" lon="-70.5108180022174">        <ele>960.791066536203</ele>        <time></time>      </trkpt>
      <trkpt lat="-33.4314366542104" lon="-70.5108716733641">        <ele>961.211046361915</ele>        <time></time>      </trkpt>
      <trkpt lat="-33.4314359966116" lon="-70.5109251383395">        <ele>961.741446712315</ele>        <time></time>      </trkpt>
      <trkpt lat="-33.4314430617931" lon="-70.510978353184">        <ele>961.782408223313</ele>        <time></time>      </trkpt>
      <trkpt lat="-33.4314395731862" lon="-70.5110302273088">        <ele>962.729198192755</ele>        <time></time>      </trkpt>
      <trkpt lat="-33.4314409891649" lon="-70.5110840844391">        <ele>962.584359942914</ele>        <time></time>      </trkpt>
      <trkpt lat="-33.4314419607354" lon="-70.5111379107726">        <ele>962.72695718605</ele>        <time></time>      </trkpt>
      <trkpt lat="-33.431438757703" lon="-70.5111916415598">        <ele>962.705662848878</ele>        <time></time>      </trkpt>
      <trkpt lat="-33.4314346286075" lon="-70.5112452670712">        <ele>962.896084770788</ele>        <time></time>      </trkpt>
      <trkpt lat="-33.4314318698841" lon="-70.5112989444331">        <ele>962.554183051794</ele>        <time></time>      </trkpt>
      <trkpt lat="-33.4314250723554" lon="-70.511352056317">        <ele>962.562589604732</ele>        <time></time>      </trkpt>
      <trkpt lat="-33.4314210806756" lon="-70.5114054005424">        <ele>961.991917825434</ele>        <time></time>      </trkpt>
      <trkpt lat="-33.4314215369733" lon="-70.5114590104314">        <ele>961.35158236104</ele>        <time></time>      </trkpt>
      <trkpt lat="-33.4314253800117" lon="-70.5115124696158">        <ele>960.348682954234</ele>        <time></time>      </trkpt>
      <trkpt lat="-33.4314276889645" lon="-70.5115658760228">        <ele>959.843148252083</ele>        <time></time>      </trkpt>
      <trkpt lat="-33.4314330787956" lon="-70.5116192731955">        <ele>959.095276469722</ele>        <time></time>      </trkpt>
      <trkpt lat="-33.4314303711908" lon="-70.5116728844566">        <ele>959.265031366494</ele>        <time></time>      </trkpt>
      <trkpt lat="-33.4314299139532" lon="-70.5117261323013">        <ele>959.206048485625</ele>        <time></time>      </trkpt>
      <trkpt lat="-33.4314190628251" lon="-70.5117783616428">        <ele>959.618262831368</ele>        <time></time>      </trkpt>
      <trkpt lat="-33.4314092835127" lon="-70.5118304328251">        <ele>960.041962351294</ele>        <time></time>      </trkpt>
      <trkpt lat="-33.4313885425458" lon="-70.5118783029862">        <ele>960.734395294043</ele>        <time></time>      </trkpt>
      <trkpt lat="-33.431371610692" lon="-70.5119279726463">        <ele>961.26317317745</ele>        <time></time>      </trkpt>
      <trkpt lat="-33.4313465898809" lon="-70.5119728357991">        <ele>962.106289420612</ele>        <time></time>      </trkpt>
      <trkpt lat="-33.4313260144447" lon="-70.5120205202276">        <ele>962.520799003947</ele>        <time></time>      </trkpt>
      <trkpt lat="-33.4313024709217" lon="-70.5120657128073">        <ele>962.991040265722</ele>        <time></time>      </trkpt>
      <trkpt lat="-33.4312890144032" lon="-70.5121168655272">        <ele>963.27916118885</ele>        <time></time>      </trkpt>
      <trkpt lat="-33.4312908413375" lon="-70.5121701248214">        <ele>962.64966322566</ele>        <time></time>      </trkpt>
      <trkpt lat="-33.4312820380622" lon="-70.5122227848367">        <ele>961.879110618612</ele>        <time></time>      </trkpt>
      <trkpt lat="-33.4312894736099" lon="-70.5122757751624">        <ele>960.974824570587</ele>        <time></time>      </trkpt>
      <trkpt lat="-33.4312998603882" lon="-70.5123281891481">        <ele>959.426961391969</ele>        <time></time>      </trkpt>
      <trkpt lat="-33.4313130394816" lon="-70.5123797308819">        <ele>958.104708035955</ele>        <time></time>      </trkpt>
      <trkpt lat="-33.4313260078706" lon="-70.5124313479005">        <ele>956.5475239444</ele>        <time></time>      </trkpt>
      <trkpt lat="-33.4313395771532" lon="-70.5124827463282">        <ele>955.516204866074</ele>        <time></time>      </trkpt>
      <trkpt lat="-33.4313533610181" lon="-70.5125340284903">        <ele>954.35062402547</ele>        <time></time>      </trkpt>
      <trkpt lat="-33.4313666086116" lon="-70.5125855222768">        <ele>953.311122120796</ele>        <time></time>      </trkpt>
      <trkpt lat="-33.4313794542741" lon="-70.5126371761358">        <ele>951.850793234484</ele>        <time></time>      </trkpt>
      <trkpt lat="-33.4313906831234" lon="-70.5126888962697">        <ele>950.599994035165</ele>        <time></time>      </trkpt>
      <trkpt lat="-33.431387566166" lon="-70.5127426540417">        <ele>949.619352524958</ele>        <time></time>      </trkpt>
      <trkpt lat="-33.4313844491855" lon="-70.512796411809">        <ele>948.671932856343</ele>        <time></time>      </trkpt>
      <trkpt lat="-33.4313813321817" lon="-70.5128501695715">        <ele>948.080644119521</ele>        <time></time>      </trkpt>
      <trkpt lat="-33.4313763464889" lon="-70.5129034673359">        <ele>947.188024878053</ele>        <time></time>      </trkpt>
      <trkpt lat="-33.4313613627686" lon="-70.5129543039656">        <ele>946.987592408023</ele>        <time></time>      </trkpt>
      <trkpt lat="-33.4313463790279" lon="-70.513005140577">        <ele>946.642810841192</ele>        <time></time>      </trkpt>
      <trkpt lat="-33.4313313952669" lon="-70.5130559771702">        <ele>946.550184826542</ele>        <time></time>      </trkpt>
      <trkpt lat="-33.4313190736701" lon="-70.5131072032915">        <ele>946.171096857879</ele>        <time></time>      </trkpt>
      <trkpt lat="-33.4313233090124" lon="-70.5131608521176">        <ele>945.429949416033</ele>        <time></time>      </trkpt>
      <trkpt lat="-33.4313275427221" lon="-70.5132145011286">        <ele>944.25134132363</ele>        <time></time>      </trkpt>
      <trkpt lat="-33.4313317992764" lon="-70.5132681475681">        <ele>943.017441005469</ele>        <time></time>      </trkpt>
      <trkpt lat="-33.431336073349" lon="-70.5133217920179">        <ele>942.208835492292</ele>        <time></time>      </trkpt>
      <trkpt lat="-33.4313404271442" lon="-70.5133754273615">        <ele>940.865926022965</ele>        <time></time>      </trkpt>
      <trkpt lat="-33.4313447798684" lon="-70.5134290628303">        <ele>940.005827867128</ele>        <time></time>      </trkpt>
      <trkpt lat="-33.431349119176" lon="-70.5134826998432">        <ele>938.611986739685</ele>        <time></time>      </trkpt>
      <trkpt lat="-33.4313534307882" lon="-70.5135363400388">        <ele>937.691552682544</ele>        <time></time>      </trkpt>
      <trkpt lat="-33.4313662274876" lon="-70.5135872543936">        <ele>935.920683219363</ele>        <time></time>      </trkpt>
      <trkpt lat="-33.4313893074675" lon="-70.5136333388168">        <ele>933.985416644702</ele>        <time></time>      </trkpt>
      <trkpt lat="-33.4314150088964" lon="-70.5136776554941">        <ele>931.884991131282</ele>        <time></time>      </trkpt>
      <trkpt lat="-33.4314404606565" lon="-70.5137221769876">        <ele>929.705936415226</ele>        <time></time>      </trkpt>
      <trkpt lat="-33.4314662633009" lon="-70.5137664110988">        <ele>927.928527006739</ele>        <time></time>      </trkpt>
      <trkpt lat="-33.4314883301833" lon="-70.5138133655045">        <ele>926.377755795256</ele>        <time></time>      </trkpt>
      <trkpt lat="-33.4315037742921" lon="-70.5138636143999">        <ele>925.693380241176</ele>        <time></time>      </trkpt>
      <trkpt lat="-33.4315121381449" lon="-70.5139165692686">        <ele>924.875381794114</ele>        <time></time>      </trkpt>
      <trkpt lat="-33.4315171208343" lon="-70.5139700753543">        <ele>923.876806344616</ele>        <time></time>      </trkpt>
      <trkpt lat="-33.4315209852248" lon="-70.5140237641041">        <ele>922.726484103447</ele>        <time></time>      </trkpt>
      <trkpt lat="-33.4315232655596" lon="-70.5140774866475">        <ele>922.143956222437</ele>        <time></time>      </trkpt>
      <trkpt lat="-33.4315197854438" lon="-70.5141310253314">        <ele>921.79228416108</ele>        <time></time>      </trkpt>
      <trkpt lat="-33.4315053017304" lon="-70.5141820677373">        <ele>922.477309784968</ele>        <time></time>      </trkpt>
      <trkpt lat="-33.4314954118308" lon="-70.5142344000548">        <ele>922.515526620242</ele>        <time></time>      </trkpt>
      <trkpt lat="-33.4314869071134" lon="-70.5142873095713">        <ele>922.285109773526</ele>        <time></time>      </trkpt>
      <trkpt lat="-33.431477250316" lon="-70.5143399224921">        <ele>921.691464116116</ele>        <time></time>      </trkpt>
      <trkpt lat="-33.4314649537811" lon="-70.5143917745982">        <ele>920.749458250992</ele>        <time></time>      </trkpt>
      <trkpt lat="-33.431450950324" lon="-70.5144430036508">        <ele>919.61976864736</ele>        <time></time>      </trkpt>
      <trkpt lat="-33.4314405315493" lon="-70.5144953777425">        <ele>918.215274743665</ele>        <time></time>      </trkpt>
      <trkpt lat="-33.4314314052404" lon="-70.5145481514578">        <ele>916.809718001169</ele>        <time></time>      </trkpt>
      <trkpt lat="-33.4314239701728" lon="-70.5146012143335">        <ele>915.528073642788</ele>        <time></time>      </trkpt>
      <trkpt lat="-33.4314227391918" lon="-70.5146550804718">        <ele>914.815476863365</ele>        <time></time>      </trkpt>
      <trkpt lat="-33.4314266397108" lon="-70.5147087321092">        <ele>914.021599714416</ele>        <time></time>      </trkpt>
      <trkpt lat="-33.4314310062942" lon="-70.5147623660043">        <ele>913.247073823333</ele>        <time></time>      </trkpt>
      <trkpt lat="-33.4314354037514" lon="-70.5148159963051">        <ele>912.816871696003</ele>        <time></time>      </trkpt>
      <trkpt lat="-33.4314398202463" lon="-70.5148696243915">        <ele>911.63715335433</ele>        <time></time>      </trkpt>
      <trkpt lat="-33.4314442364837" lon="-70.5149232525097">        <ele>910.896669644014</ele>        <time></time>      </trkpt>
      <trkpt lat="-33.4314486358704" lon="-70.5149768825994">        <ele>909.622980034007</ele>        <time></time>      </trkpt>
      <trkpt lat="-33.4314530404151" lon="-70.515030512089">        <ele>909.026896985126</ele>        <time></time>      </trkpt>
      <trkpt lat="-33.4314631554218" lon="-70.5150829654909">        <ele>907.369766951779</ele>        <time></time>      </trkpt>
      <trkpt lat="-33.4314730819957" lon="-70.5151355329426">        <ele>906.389936481934</ele>        <time></time>      </trkpt>
      <trkpt lat="-33.4314853295919" lon="-70.5151873562704">        <ele>905.344294389</ele>        <time></time>      </trkpt>
      <trkpt lat="-33.4314965549427" lon="-70.5152393303206">        <ele>904.285029120124</ele>        <time></time>      </trkpt>
      <trkpt lat="-33.4315008858401" lon="-70.5152929683662">        <ele>903.313724094682</ele>        <time></time>      </trkpt>
      <trkpt lat="-33.4315126580359" lon="-70.515344729924">        <ele>902.507244258586</ele>        <time></time>      </trkpt>
      <trkpt lat="-33.4315372028512" lon="-70.5153899712454">        <ele>901.151531692762</ele>        <time></time>      </trkpt>
      <trkpt lat="-33.4315582290385" lon="-70.5154376086859">        <ele>899.89754135728</ele>        <time></time>      </trkpt>
      <trkpt lat="-33.4315683070123" lon="-70.5154892354835">        <ele>899.322092884508</ele>        <time></time>      </trkpt>
      <trkpt lat="-33.4315723386578" lon="-70.5155429067407">        <ele>898.862515171736</ele>        <time></time>      </trkpt>
      <trkpt lat="-33.4315763687176" lon="-70.515596578169">        <ele>897.797157083309</ele>        <time></time>      </trkpt>
      <trkpt lat="-33.4315803988321" lon="-70.5156502495929">        <ele>896.946281180293</ele>        <time></time>      </trkpt>
      <trkpt lat="-33.4315754442698" lon="-70.5157034836034">        <ele>895.989361648572</ele>        <time></time>      </trkpt>
      <trkpt lat="-33.431575505367" lon="-70.5157569882135">        <ele>895.020473922224</ele>        <time></time>      </trkpt>
      <trkpt lat="-33.4315796731451" lon="-70.5158106446742">        <ele>894.133782500253</ele>        <time></time>      </trkpt>
      <trkpt lat="-33.4315837271642" lon="-70.5158643134959">        <ele>893.023974282007</ele>        <time></time>      </trkpt>
      <trkpt lat="-33.4315836169052" lon="-70.5159181780602">        <ele>892.399006326857</ele>        <time></time>      </trkpt>
      <trkpt lat="-33.4315856342383" lon="-70.5159719418789">        <ele>891.737093635808</ele>        <time></time>      </trkpt>
      <trkpt lat="-33.4315732122307" lon="-70.516023334418">        <ele>891.238235992126</ele>        <time></time>      </trkpt>
      <trkpt lat="-33.4315631458048" lon="-70.5160758307074">        <ele>890.777475204494</ele>        <time></time>      </trkpt>
      <trkpt lat="-33.431550195158" lon="-70.5161274487176">        <ele>890.006103330518</ele>        <time></time>      </trkpt>
      <trkpt lat="-33.4315430684553" lon="-70.5161801711528">        <ele>889.120451519269</ele>        <time></time>      </trkpt>
      <trkpt lat="-33.4315383159071" lon="-70.516233604524">        <ele>888.167506206309</ele>        <time></time>      </trkpt>
      <trkpt lat="-33.4315423669749" lon="-70.5162872348079">        <ele>886.420871546099</ele>        <time></time>      </trkpt>
      <trkpt lat="-33.4315466797299" lon="-70.5163408749372">        <ele>885.25912139187</ele>        <time></time>      </trkpt>
      <trkpt lat="-33.4315510087558" lon="-70.5163945132093">        <ele>883.979255187837</ele>        <time></time>      </trkpt>
      <trkpt lat="-33.431555693852" lon="-70.5164481077994">        <ele>882.943494303386</ele>        <time></time>      </trkpt>
      <trkpt lat="-33.4315606110181" lon="-70.5165016739206">        <ele>882.464427388158</ele>        <time></time>      </trkpt>
      <trkpt lat="-33.4315607645367" lon="-70.5165555473989">        <ele>881.990415689021</ele>        <time></time>      </trkpt>
      <trkpt lat="-33.4315623933243" lon="-70.5166093395838">        <ele>881.015770791083</ele>        <time></time>      </trkpt>
      <trkpt lat="-33.4315666916965" lon="-70.5166629813627">        <ele>880.397193979222</ele>        <time></time>      </trkpt>
      <trkpt lat="-33.4315710540432" lon="-70.5167166157956">        <ele>879.238046118412</ele>        <time></time>      </trkpt>
      <trkpt lat="-33.4315755102554" lon="-70.5167702392481">        <ele>878.410575313131</ele>        <time></time>      </trkpt>
      <trkpt lat="-33.4315800455004" lon="-70.5168238532826">        <ele>876.989166546292</ele>        <time></time>      </trkpt>
      <trkpt lat="-33.4315878731661" lon="-70.5168762065782">        <ele>875.469232867599</ele>        <time></time>      </trkpt>
      <trkpt lat="-33.4316091612411" lon="-70.5169237089353">        <ele>873.725185734078</ele>        <time></time>      </trkpt>
      <trkpt lat="-33.4316218121626" lon="-70.5169745187459">        <ele>871.897767295591</ele>        <time></time>      </trkpt>
      <trkpt lat="-33.4316366667073" lon="-70.5170250135451">        <ele>870.62154312909</ele>        <time></time>      </trkpt>
      <trkpt lat="-33.4316545358357" lon="-70.517074279431">        <ele>869.257942941254</ele>        <time></time>      </trkpt>
      <trkpt lat="-33.4316626010958" lon="-70.5171269049323">        <ele>868.277583771901</ele>        <time></time>      </trkpt>
      <trkpt lat="-33.4316668319903" lon="-70.5171805543985">        <ele>867.457904618775</ele>        <time></time>      </trkpt>
      <trkpt lat="-33.4316710695758" lon="-70.5172342031154">        <ele>866.753433285643</ele>        <time></time>      </trkpt>
      <trkpt lat="-33.4316753177518" lon="-70.5172878506405">        <ele>866.437771836937</ele>        <time></time>      </trkpt>
      <trkpt lat="-33.4316795833037" lon="-70.5173414962075">        <ele>865.764952207099</ele>        <time></time>      </trkpt>
      <trkpt lat="-33.4316838662034" lon="-70.5173951398073">        <ele>865.397340011846</ele>        <time></time>      </trkpt>
      <trkpt lat="-33.4316880893072" lon="-70.5174487901553">        <ele>864.594934558068</ele>        <time></time>      </trkpt>
      <trkpt lat="-33.4316922686343" lon="-70.5175024453794">        <ele>864.073459015531</ele>        <time></time>      </trkpt>
      <trkpt lat="-33.4316984477606" lon="-70.5175555939604">        <ele>863.105985471685</ele>        <time></time>      </trkpt>
      <trkpt lat="-33.4317060772878" lon="-70.5176083818054">        <ele>862.13387972272</ele>        <time></time>      </trkpt>
      <trkpt lat="-33.43171031679" lon="-70.5176620303236">        <ele>861.413907148648</ele>        <time></time>      </trkpt>
      <trkpt lat="-33.4317120445353" lon="-70.5177157748502">        <ele>860.474756901712</ele>        <time></time>      </trkpt>
      <trkpt lat="-33.431704878697" lon="-70.5177684665749">        <ele>859.941319326048</ele>        <time></time>      </trkpt>
      <trkpt lat="-33.4316958948724" lon="-70.5178206987677">        <ele>859.591987111527</ele>        <time></time>      </trkpt>
      <trkpt lat="-33.4316963293898" lon="-70.5178739804774">        <ele>858.914930425612</ele>        <time></time>      </trkpt>
      <trkpt lat="-33.4316846872862" lon="-70.5179260307281">        <ele>858.49809159539</ele>        <time></time>      </trkpt>
      <trkpt lat="-33.4316767386868" lon="-70.517978783016">        <ele>858.100647875059</ele>        <time></time>      </trkpt>
      <trkpt lat="-33.4316809927392" lon="-70.5180324226692">        <ele>857.189636235076</ele>        <time></time>      </trkpt>
      <trkpt lat="-33.4316835008421" lon="-70.51808617421">        <ele>856.647326627118</ele>        <time></time>      </trkpt>
      <trkpt lat="-33.4316838573566" lon="-70.5181400587745">        <ele>856.23950051098</ele>        <time></time>      </trkpt>
      <trkpt lat="-33.4316842138477" lon="-70.5181939433386">        <ele>856.023100774245</ele>        <time></time>      </trkpt>
      <trkpt lat="-33.4316845703154" lon="-70.5182478279021">        <ele>856.040029335415</ele>        <time></time>      </trkpt>
      <trkpt lat="-33.4316849267596" lon="-70.5183017124652">        <ele>856.264115486685</ele>        <time></time>      </trkpt>
      <trkpt lat="-33.4316852831805" lon="-70.5183555970277">        <ele>856.327782544233</ele>        <time></time>      </trkpt>
      <trkpt lat="-33.4316856395778" lon="-70.5184094815898">        <ele>856.715996331684</ele>        <time></time>      </trkpt>
      <trkpt lat="-33.4316859959518" lon="-70.5184633661513">        <ele>857.084761501762</ele>        <time></time>      </trkpt>
      <trkpt lat="-33.4316863523023" lon="-70.5185172507124">        <ele>857.438910883253</ele>        <time></time>      </trkpt>
      <trkpt lat="-33.4316867086294" lon="-70.518571135273">        <ele>857.806084501416</ele>        <time></time>      </trkpt>
      <trkpt lat="-33.431687064933" lon="-70.518625019833">        <ele>858.199329922771</ele>        <time></time>      </trkpt>
      <trkpt lat="-33.4316874212132" lon="-70.5186789043926">        <ele>858.561732707685</ele>        <time></time>      </trkpt>
      <trkpt lat="-33.4316838574662" lon="-70.5187325638584">        <ele>858.807798328822</ele>        <time></time>      </trkpt>
      <trkpt lat="-33.4316791624549" lon="-70.5187861583604">        <ele>858.865835948989</ele>        <time></time>      </trkpt>
      <trkpt lat="-33.4316744674205" lon="-70.5188397528557">        <ele>858.962635001515</ele>        <time></time>      </trkpt>
      <trkpt lat="-33.4316698351206" lon="-70.5188933509698">        <ele>858.632798168506</ele>        <time></time>      </trkpt>
      <trkpt lat="-33.4316700789191" lon="-70.5189472358443">        <ele>858.229418247372</ele>        <time></time>      </trkpt>
      <trkpt lat="-33.4316682289465" lon="-70.5190010459832">        <ele>857.736241060109</ele>        <time></time>      </trkpt>
      <trkpt lat="-33.4316601337607" lon="-70.5190535189182">        <ele>857.246364412735</ele>        <time></time>      </trkpt>
      <trkpt lat="-33.4316538913305" lon="-70.519106381624">        <ele>856.462665980275</ele>        <time></time>      </trkpt>
      <trkpt lat="-33.4316542913447" lon="-70.5191602657181">        <ele>855.082268866993</ele>        <time></time>      </trkpt>
      <trkpt lat="-33.4316549577746" lon="-70.5192141357329">        <ele>853.455010698191</ele>        <time></time>      </trkpt>
      <trkpt lat="-33.4316579098159" lon="-70.5192679067685">        <ele>851.410696940781</ele>        <time></time>      </trkpt>
      <trkpt lat="-33.4316588323474" lon="-70.5193217642856">        <ele>849.761881841433</ele>        <time></time>      </trkpt>
      <trkpt lat="-33.4316592616229" lon="-70.5193756480457">        <ele>848.218637976991</ele>        <time></time>      </trkpt>
      <trkpt lat="-33.4316596914457" lon="-70.5194295318114">        <ele>846.78296988579</ele>        <time></time>      </trkpt>
      <trkpt lat="-33.4316579436783" lon="-70.5194831660534">        <ele>845.468502785038</ele>        <time></time>      </trkpt>
      <trkpt lat="-33.4316463334381" lon="-70.5195351351963">        <ele>844.54291314656</ele>        <time></time>      </trkpt>
      <trkpt lat="-33.4316335764765" lon="-70.5195863904935">        <ele>843.663690972357</ele>        <time></time>      </trkpt>
      <trkpt lat="-33.4316213919699" lon="-70.5196380349562">        <ele>843.073169055385</ele>        <time></time>      </trkpt>
      <trkpt lat="-33.431616106941" lon="-70.5196910047737">        <ele>842.154892540912</ele>        <time></time>      </trkpt>
      <trkpt lat="-33.4316073316193" lon="-70.5197438054877">        <ele>841.132844332177</ele>        <time></time>      </trkpt>
      <trkpt lat="-33.4315996409753" lon="-70.5197968184312">        <ele>839.881026562688</ele>        <time></time>      </trkpt>
      <trkpt lat="-33.4315854229461" lon="-70.5198479184763">        <ele>838.384621501768</ele>        <time></time>      </trkpt>
      <trkpt lat="-33.4315688624148" lon="-70.5198978620136">        <ele>837.001619523209</ele>        <time></time>      </trkpt>
      <trkpt lat="-33.4315516418349" lon="-70.5199476015149">        <ele>835.955852907747</ele>        <time></time>      </trkpt>
      <trkpt lat="-33.4315354632394" lon="-70.5199978025413">        <ele>834.519211403368</ele>        <time></time>      </trkpt>
      <trkpt lat="-33.4315215449041" lon="-70.5200487990329">        <ele>832.885719076059</ele>        <time></time>      </trkpt>
      <trkpt lat="-33.4315112890012" lon="-70.5201007603503">        <ele>831.376613779295</ele>        <time></time>      </trkpt>
      <trkpt lat="-33.4315026410353" lon="-70.5201532838129">        <ele>830.106370425135</ele>        <time></time>      </trkpt>
      <trkpt lat="-33.4314955406268" lon="-70.5202062865477">        <ele>829.048053981707</ele>        <time></time>      </trkpt>
      <trkpt lat="-33.4314809158049" lon="-70.5202571083556">        <ele>828.284478514204</ele>        <time></time>      </trkpt>
      <trkpt lat="-33.4314753295532" lon="-70.5203105148033">        <ele>827.235403179799</ele>        <time></time>      </trkpt>
      <trkpt lat="-33.4314713523155" lon="-70.5203641586266">        <ele>825.926901345825</ele>        <time></time>      </trkpt>
      <trkpt lat="-33.431459872235" lon="-70.5204158705332">        <ele>825.115938085615</ele>        <time></time>      </trkpt>
      <trkpt lat="-33.4314483208658" lon="-70.5204669905209">        <ele>824.272998289175</ele>        <time></time>      </trkpt>
      <trkpt lat="-33.4314361333813" lon="-70.5205184269703">        <ele>823.662621624937</ele>        <time></time>      </trkpt>
      <trkpt lat="-33.4314197898468" lon="-70.5205685009347">        <ele>823.51138118063</ele>        <time></time>      </trkpt>
      <trkpt lat="-33.4314088056563" lon="-70.5206206791678">        <ele>822.841429727752</ele>        <time></time>      </trkpt>
      <trkpt lat="-33.4313975033106" lon="-70.5206727487231">        <ele>821.858909394617</ele>        <time></time>      </trkpt>
      <trkpt lat="-33.4313855417762" lon="-70.5207246636425">        <ele>820.512067674001</ele>        <time></time>      </trkpt>
      <trkpt lat="-33.4313703977645" lon="-70.5207748649216">        <ele>819.087608540421</ele>        <time></time>      </trkpt>
      <trkpt lat="-33.4313578030571" lon="-70.5208260133258">        <ele>817.830247501406</ele>        <time></time>      </trkpt>
      <trkpt lat="-33.4313518323197" lon="-70.5208790051602">        <ele>816.229131026859</ele>        <time></time>      </trkpt>
      <trkpt lat="-33.4313455701569" lon="-70.5209321504445">        <ele>814.681100044845</ele>        <time></time>      </trkpt>
      <trkpt lat="-33.4313243749104" lon="-70.5209796906712">        <ele>813.25375839356</ele>        <time></time>      </trkpt>
      <trkpt lat="-33.4313090942914" lon="-70.5210301490825">        <ele>812.175336570437</ele>        <time></time>      </trkpt>
      <trkpt lat="-33.4312994274466" lon="-70.5210817162601">        <ele>810.950378937631</ele>        <time></time>      </trkpt>
      <trkpt lat="-33.4312937184153" lon="-70.5211350252059">        <ele>809.896349803268</ele>        <time></time>      </trkpt>
      <trkpt lat="-33.4313062837217" lon="-70.5211830820473">        <ele>808.896566320714</ele>        <time></time>      </trkpt>
      <trkpt lat="-33.4313377609023" lon="-70.5212216519346">        <ele>808.212555167097</ele>        <time></time>      </trkpt>
      <trkpt lat="-33.4313640086833" lon="-70.5212607295341">        <ele>807.64796390838</ele>        <time></time>      </trkpt>
      <trkpt lat="-33.4313666560825" lon="-70.5213142042957">        <ele>807.066595936467</ele>        <time></time>      </trkpt>
      <trkpt lat="-33.4313626745651" lon="-70.5213677933507">        <ele>806.419469244042</ele>        <time></time>      </trkpt>
      <trkpt lat="-33.4313490126528" lon="-70.5214169648645">        <ele>805.779066280013</ele>        <time></time>      </trkpt>
      <trkpt lat="-33.4313127942931" lon="-70.5214461516333">        <ele>805.130228826142</ele>        <time></time>      </trkpt>
      <trkpt lat="-33.4312762883386" lon="-70.5214748132419">        <ele>804.4489349634</ele>        <time></time>      </trkpt>
      <trkpt lat="-33.4312425675432" lon="-70.5214869144151">        <ele>804.189226600597</ele>        <time></time>      </trkpt>
      <trkpt lat="-33.4312020081262" lon="-70.5215028986009">        <ele>803.850847162829</ele>        <time></time>      </trkpt>
      <trkpt lat="-33.4311659888812" lon="-70.521530548809">        <ele>803.629772543538</ele>        <time></time>      </trkpt>
      <trkpt lat="-33.4311253916124" lon="-70.5215499896308">        <ele>803.416087691369</ele>        <time></time>      </trkpt>
      <trkpt lat="-33.4310817586884" lon="-70.5215520917177">        <ele>803.335232250254</ele>        <time></time>      </trkpt>
      <trkpt lat="-33.4310375892693" lon="-70.5215462545696">        <ele>803.18510191017</ele>        <time></time>      </trkpt>
      <trkpt lat="-33.4310029188643" lon="-70.5215805282591">        <ele>802.575547167865</ele>        <time></time>      </trkpt>
      <trkpt lat="-33.4309585719189" lon="-70.521587603971">        <ele>802.308626879484</ele>        <time></time>      </trkpt>
      <trkpt lat="-33.4309143627624" lon="-70.5215954741332">        <ele>802.182473778846</ele>        <time></time>      </trkpt>
      <trkpt lat="-33.430872804" lon="-70.521615279">        <ele>801.946166974338</ele>        <time></time>      </trkpt>
      <trkpt lat="-33.430872804" lon="-70.521615279">        <ele>802.103412854848</ele>        <time></time>      </trkpt>
      <trkpt lat="-33.4308574599408" lon="-70.5216658523182">        <ele>801.037396648071</ele>        <time></time>      </trkpt>
      <trkpt lat="-33.4308366741827" lon="-70.5217062806762">        <ele>800.148499510469</ele>        <time></time>      </trkpt>
      <trkpt lat="-33.4308139951537" lon="-70.5216673335286">        <ele>801.1065611771</ele>        <time></time>      </trkpt>
      <trkpt lat="-33.4307822203288" lon="-70.5216485989883">        <ele>801.380732291269</ele>        <time></time>      </trkpt>
      <trkpt lat="-33.4307395523603" lon="-70.5216650333638">        <ele>801.153697002007</ele>        <time></time>      </trkpt>
      <trkpt lat="-33.4306963966728" lon="-70.5216779210146">        <ele>800.933634544014</ele>        <time></time>      </trkpt>
      <trkpt lat="-33.4306617732987" lon="-70.5217112611066">        <ele>800.088352916217</ele>        <time></time>      </trkpt>
      <trkpt lat="-33.430627901138" lon="-70.521746334364">        <ele>799.425189656634</ele>        <time></time>      </trkpt>
      <trkpt lat="-33.4305961516855" lon="-70.5217843499764">        <ele>798.645336290079</ele>        <time></time>      </trkpt>
      <trkpt lat="-33.4305571647863" lon="-70.5218017454831">        <ele>798.015175574722</ele>        <time></time>      </trkpt>
      <trkpt lat="-33.4305185089977" lon="-70.5218213384123">        <ele>797.396949974361</ele>        <time></time>      </trkpt>
      <trkpt lat="-33.4304844232333" lon="-70.521855051933">        <ele>796.70587353542</ele>        <time></time>      </trkpt>
      <trkpt lat="-33.4304482377151" lon="-70.5218869867623">        <ele>796.140578276314</ele>        <time></time>      </trkpt>
      <trkpt lat="-33.4304207737609" lon="-70.521929117761">        <ele>795.44276844203</ele>        <time></time>      </trkpt>
      <trkpt lat="-33.4303911614008" lon="-70.5219691873741">        <ele>794.730343399524</ele>        <time></time>      </trkpt>
      <trkpt lat="-33.4303723658993" lon="-70.522017851728">        <ele>793.867154878564</ele>        <time></time>      </trkpt>
      <trkpt lat="-33.4303624916413" lon="-70.5220702380205">        <ele>793.204904242039</ele>        <time></time>      </trkpt>
      <trkpt lat="-33.4303487368071" lon="-70.5221210021024">        <ele>792.446511105609</ele>        <time></time>      </trkpt>
      <trkpt lat="-33.4303322007065" lon="-70.5221709802003">        <ele>791.940638596552</ele>        <time></time>      </trkpt>
      <trkpt lat="-33.430316499641" lon="-70.5222138264869">        <ele>791.728957982262</ele>        <time></time>      </trkpt>
      <trkpt lat="-33.4303061213101" lon="-70.5222656167081">        <ele>791.749859235272</ele>        <time></time>      </trkpt>
      <trkpt lat="-33.4302897402545" lon="-70.5223154133328">        <ele>791.910254607924</ele>        <time></time>      </trkpt>
      <trkpt lat="-33.4302758440067" lon="-70.5223665743112">        <ele>791.994291222068</ele>        <time></time>      </trkpt>
      <trkpt lat="-33.4302626496517" lon="-70.5224178962915">        <ele>791.794962214098</ele>        <time></time>      </trkpt>
      <trkpt lat="-33.4302513503737" lon="-70.5224699581981">        <ele>791.437695224972</ele>        <time></time>      </trkpt>
      <trkpt lat="-33.4302364113505" lon="-70.5225206306084">        <ele>791.1373871342</ele>        <time></time>      </trkpt>
      <trkpt lat="-33.4302255877226" lon="-70.5225721434054">        <ele>790.919666987378</ele>        <time></time>      </trkpt>
      <trkpt lat="-33.4302297103109" lon="-70.522625700249">        <ele>790.980398556949</ele>        <time></time>      </trkpt>
      <trkpt lat="-33.430233832876" lon="-70.5226792570968">        <ele>791.001248771475</ele>        <time></time>      </trkpt>
      <trkpt lat="-33.4302379554178" lon="-70.5227328139487">        <ele>790.904694244278</ele>        <time></time>      </trkpt>
      <trkpt lat="-33.4302075334235" lon="-70.5227207265424">        <ele>790.884723284286</ele>        <time></time>      </trkpt>
      <trkpt lat="-33.4302014964592" lon="-70.5227511815885">        <ele>790.751422904437</ele>        <time></time>      </trkpt>
      <trkpt lat="-33.4301927748532" lon="-70.5228037426851">        <ele>790.4767314861</ele>        <time></time>      </trkpt>
      <trkpt lat="-33.4301867591808" lon="-70.5228570205572">        <ele>790.232688155466</ele>        <time></time>      </trkpt>
      <trkpt lat="-33.4301787917432" lon="-70.5229098548728">        <ele>790.032781376738</ele>        <time></time>      </trkpt>
      <trkpt lat="-33.4301803037453" lon="-70.5229634576211">        <ele>789.888756438576</ele>        <time></time>      </trkpt>
      <trkpt lat="-33.43017851034" lon="-70.5230160182365">        <ele>789.734846875888</ele>        <time></time>      </trkpt>
      <trkpt lat="-33.4301768498353" lon="-70.5230694390566">        <ele>789.509329960714</ele>        <time></time>      </trkpt>
      <trkpt lat="-33.4301709910033" lon="-70.5231223865069">        <ele>789.338901027344</ele>        <time></time>      </trkpt>
      <trkpt lat="-33.4301705457376" lon="-70.5231757432862">        <ele>789.063929498563</ele>        <time></time>      </trkpt>
      <trkpt lat="-33.4301703455354" lon="-70.5232294884319">        <ele>788.720889642391</ele>        <time></time>      </trkpt>
      <trkpt lat="-33.430170844374" lon="-70.5232829098188">        <ele>788.410317149851</ele>        <time></time>      </trkpt>
      <trkpt lat="-33.4301708719049" lon="-70.5233366477944">        <ele>788.116106698855</ele>        <time></time>      </trkpt>
      <trkpt lat="-33.4301713050759" lon="-70.5233904273263">        <ele>787.815418681392</ele>        <time></time>      </trkpt>
      <trkpt lat="-33.4301717382235" lon="-70.5234442068578">        <ele>787.36383543909</ele>        <time></time>      </trkpt>
      <trkpt lat="-33.4301721713479" lon="-70.5234979863889">        <ele>787.045045836578</ele>        <time></time>      </trkpt>
      <trkpt lat="-33.4301726044488" lon="-70.5235517659196">        <ele>786.774124952721</ele>        <time></time>      </trkpt>
      <trkpt lat="-33.4301730375265" lon="-70.5236055454499">        <ele>786.577452099279</ele>        <time></time>      </trkpt>
      <trkpt lat="-33.4301734705807" lon="-70.5236593249798">        <ele>786.450185029878</ele>        <time></time>      </trkpt>
      <trkpt lat="-33.4301695729254" lon="-70.5237128588823">        <ele>786.365370891984</ele>        <time></time>      </trkpt>
      <trkpt lat="-33.430164862617" lon="-70.523766346688">        <ele>786.351837776696</ele>        <time></time>      </trkpt>
      <trkpt lat="-33.4301601522857" lon="-70.5238198344869">        <ele>786.261703770905</ele>        <time></time>      </trkpt>
      <trkpt lat="-33.4301554419315" lon="-70.5238733222792">        <ele>786.193419243969</ele>        <time></time>      </trkpt>
      <trkpt lat="-33.4301507315544" lon="-70.5239268100648">        <ele>785.839344227425</ele>        <time></time>      </trkpt>
      <trkpt lat="-33.4301460211544" lon="-70.5239802978436">        <ele>785.458252537908</ele>        <time></time>      </trkpt>
      <trkpt lat="-33.4301413107314" lon="-70.5240337856158">        <ele>784.880745552165</ele>        <time></time>      </trkpt>
      <trkpt lat="-33.4301366002855" lon="-70.5240872733813">        <ele>784.425022602161</ele>        <time></time>      </trkpt>
      <trkpt lat="-33.4301318898167" lon="-70.52414076114">        <ele>784.238061068432</ele>        <time></time>      </trkpt>
      <trkpt lat="-33.430127179325" lon="-70.5241942488921">        <ele>784.08686659125</ele>        <time></time>      </trkpt>
      <trkpt lat="-33.4301224688104" lon="-70.5242477366374">        <ele>783.960392660309</ele>        <time></time>      </trkpt>
      <trkpt lat="-33.4301177582729" lon="-70.5243012243761">        <ele>783.744841918331</ele>        <time></time>      </trkpt>
      <trkpt lat="-33.4301145004586" lon="-70.5243548644898">        <ele>783.447162893625</ele>        <time></time>      </trkpt>
      <trkpt lat="-33.4301113104999" lon="-70.5244085117186">        <ele>783.021847478279</ele>        <time></time>      </trkpt>
      <trkpt lat="-33.4301081205181" lon="-70.5244621589426">        <ele>782.468704621316</ele>        <time></time>      </trkpt>
      <trkpt lat="-33.4301049305133" lon="-70.5245158061617">        <ele>781.816879958883</ele>        <time></time>      </trkpt>
      <trkpt lat="-33.4301017404853" lon="-70.5245694533759">        <ele>781.226126895754</ele>        <time></time>      </trkpt>
      <trkpt lat="-33.4300985504342" lon="-70.5246231005853">        <ele>780.594764245922</ele>        <time></time>      </trkpt>
      <trkpt lat="-33.43009536036" lon="-70.5246767477898">        <ele>779.996311396969</ele>        <time></time>      </trkpt>
      <trkpt lat="-33.4300921702627" lon="-70.5247303949894">        <ele>779.399491437842</ele>        <time></time>      </trkpt>
      <trkpt lat="-33.4300889801423" lon="-70.5247840421842">        <ele>778.790723640937</ele>        <time></time>      </trkpt>
      <trkpt lat="-33.4300857899988" lon="-70.5248376893742">        <ele>778.13566279402</ele>        <time></time>      </trkpt>
      <trkpt lat="-33.4300825998322" lon="-70.5248913365592">        <ele>777.507788011992</ele>        <time></time>      </trkpt>
      <trkpt lat="-33.4300794096425" lon="-70.5249449837395">        <ele>777.000360059021</ele>        <time></time>      </trkpt>
      <trkpt lat="-33.4300738999695" lon="-70.5249981892619">        <ele>776.58777186592</ele>        <time></time>      </trkpt>
      <trkpt lat="-33.4300629253649" lon="-70.5250503541896">        <ele>776.345717962416</ele>        <time></time>      </trkpt>
      <trkpt lat="-33.4300519507387" lon="-70.5251025191034">        <ele>776.22253995291</ele>        <time></time>      </trkpt>
      <trkpt lat="-33.4300409760909" lon="-70.5251546840032">        <ele>776.169895414051</ele>        <time></time>      </trkpt>
      <trkpt lat="-33.4300300014216" lon="-70.5252068488891">        <ele>776.005351143359</ele>        <time></time>      </trkpt>
      <trkpt lat="-33.4300190267306" lon="-70.5252590137609">        <ele>775.871820830152</ele>        <time></time>      </trkpt>
      <trkpt lat="-33.430008052018" lon="-70.5253111786188">        <ele>775.750880973788</ele>        <time></time>      </trkpt>
      <trkpt lat="-33.4299970772839" lon="-70.5253633434628">        <ele>775.723007899293</ele>        <time></time>      </trkpt>
      <trkpt lat="-33.4299870927789" lon="-70.5254157339403">        <ele>775.725821231414</ele>        <time></time>      </trkpt>
      <trkpt lat="-33.4299811693193" lon="-70.5254690497994">        <ele>775.641721024419</ele>        <time></time>      </trkpt>
      <trkpt lat="-33.4299752458369" lon="-70.5255223656503">        <ele>775.339587071151</ele>        <time></time>      </trkpt>
      <trkpt lat="-33.4299693223318" lon="-70.525575681493">        <ele>775.069929492583</ele>        <time></time>      </trkpt>
      <trkpt lat="-33.4299633988039" lon="-70.5256289973276">        <ele>774.918499667335</ele>        <time></time>      </trkpt>
      <trkpt lat="-33.4299574752534" lon="-70.525682313154">        <ele>774.862833294981</ele>        <time></time>      </trkpt>
      <trkpt lat="-33.4299515516801" lon="-70.5257356289723">        <ele>774.969772709676</ele>        <time></time>      </trkpt>
      <trkpt lat="-33.429945628084" lon="-70.5257889447824">        <ele>774.987595106309</ele>        <time></time>      </trkpt>
      <trkpt lat="-33.4299397044653" lon="-70.5258422605843">        <ele>774.919945559891</ele>        <time></time>      </trkpt>
      <trkpt lat="-33.4299337808238" lon="-70.5258955763781">        <ele>774.635527899703</ele>        <time></time>      </trkpt>
      <trkpt lat="-33.4299278571596" lon="-70.5259488921638">        <ele>774.254912592167</ele>        <time></time>      </trkpt>
      <trkpt lat="-33.4299219334726" lon="-70.5260022079413">        <ele>773.741456419371</ele>        <time></time>      </trkpt>
      <trkpt lat="-33.429916009763" lon="-70.5260555237106">        <ele>773.099986382612</ele>        <time></time>      </trkpt>
      <trkpt lat="-33.4299140127885" lon="-70.5261092053981">        <ele>772.501166315356</ele>        <time></time>      </trkpt>
      <trkpt lat="-33.429912921027" lon="-70.5261629714397">        <ele>772.025333207595</ele>        <time></time>      </trkpt>
      <trkpt lat="-33.4299118292422" lon="-70.5262167374791">        <ele>771.68714217149</ele>        <time></time>      </trkpt>
      <trkpt lat="-33.4299107374341" lon="-70.5262705035161">        <ele>771.412132002629</ele>        <time></time>      </trkpt>
      <trkpt lat="-33.4299096456028" lon="-70.5263242695509">        <ele>771.193262984435</ele>        <time></time>      </trkpt>
      <trkpt lat="-33.4299086647247" lon="-70.5263780192713">        <ele>770.913020282141</ele>        <time></time>      </trkpt>
      <trkpt lat="-33.4299206698337" lon="-70.5264298602247">        <ele>770.510532886616</ele>        <time></time>      </trkpt>
      <trkpt lat="-33.4299326749206" lon="-70.5264817011916">        <ele>770.295758493171</ele>        <time></time>      </trkpt>
      <trkpt lat="-33.4299446799854" lon="-70.526533542172">        <ele>770.242956072149</ele>        <time></time>      </trkpt>
      <trkpt lat="-33.4299700894889" lon="-70.5265757609223">        <ele>770.178481000757</ele>        <time></time>      </trkpt>
      <trkpt lat="-33.4300028799078" lon="-70.5266126813797">        <ele>770.032996707144</ele>        <time></time>      </trkpt>
      <trkpt lat="-33.4300356703147" lon="-70.526649601865">        <ele>769.744789912062</ele>        <time></time>      </trkpt>
      <trkpt lat="-33.4300543419371" lon="-70.5266937633841">        <ele>769.697973578525</ele>        <time></time>      </trkpt>
      <trkpt lat="-33.4300542556164" lon="-70.526747545168">        <ele>769.950379470411</ele>        <time></time>      </trkpt>
      <trkpt lat="-33.4300541692723" lon="-70.5268013269509">        <ele>770.19239223252</ele>        <time></time>      </trkpt>
      <trkpt lat="-33.4300540829049" lon="-70.5268551087328">        <ele>770.412323945027</ele>        <time></time>      </trkpt>
      <trkpt lat="-33.4300539965142" lon="-70.5269088905136">        <ele>770.567406638193</ele>        <time></time>      </trkpt>
      <trkpt lat="-33.4300539101002" lon="-70.5269626722933">        <ele>770.593361251737</ele>        <time></time>      </trkpt>
      <trkpt lat="-33.4300521860272" lon="-70.5270163183269">        <ele>770.443919419694</ele>        <time></time>      </trkpt>
      <trkpt lat="-33.4300460334107" lon="-70.5270695972707">        <ele>770.138898394721</ele>        <time></time>      </trkpt>
      <trkpt lat="-33.4300398807716" lon="-70.5271228762061">        <ele>769.923119552737</ele>        <time></time>      </trkpt>
      <trkpt lat="-33.4300389243256" lon="-70.5271765635662">        <ele>769.692792141259</ele>        <time></time>      </trkpt>
      <trkpt lat="-33.4300391607834" lon="-70.5272303446915">        <ele>769.630050403195</ele>        <time></time>      </trkpt>
      <trkpt lat="-33.4300393972178" lon="-70.5272841258161">        <ele>769.666886103336</ele>        <time></time>      </trkpt>
      <trkpt lat="-33.4300396336289" lon="-70.52733790694">        <ele>769.675665679193</ele>        <time></time>      </trkpt>
      <trkpt lat="-33.4300391495005" lon="-70.5273916461149">        <ele>769.584998528042</ele>        <time></time>      </trkpt>
      <trkpt lat="-33.4300345220693" lon="-70.5274451440648">        <ele>769.44108621241</ele>        <time></time>      </trkpt>
      <trkpt lat="-33.4300314829004" lon="-70.5274975155737">        <ele>769.336283812323</ele>        <time></time>      </trkpt>
      <trkpt lat="-33.4300314542799" lon="-70.5275512948301">        <ele>769.358298275745</ele>        <time></time>      </trkpt>
      <trkpt lat="-33.4300318645692" lon="-70.527605050553">        <ele>769.445780345113</ele>        <time></time>      </trkpt>
      <trkpt lat="-33.4300347569854" lon="-70.5276587216623">        <ele>769.48527872441</ele>        <time></time>      </trkpt>
      <trkpt lat="-33.4300576300287" lon="-70.5276915382765">        <ele>769.204844544372</ele>        <time></time>      </trkpt>
      <trkpt lat="-33.430069177197" lon="-70.5277428914486">        <ele>768.950954259035</ele>        <time></time>      </trkpt>
      <trkpt lat="-33.4300832142633" lon="-70.5277915020585">        <ele>768.47551459105</ele>        <time></time>      </trkpt>
      <trkpt lat="-33.4300881321766" lon="-70.5278447550764">        <ele>768.121489278867</ele>        <time></time>      </trkpt>
      <trkpt lat="-33.4301007387972" lon="-70.5278958655611">        <ele>767.710294058703</ele>        <time></time>      </trkpt>
      <trkpt lat="-33.4301113779884" lon="-70.527948023451">        <ele>767.356631369115</ele>        <time></time>      </trkpt>
      <trkpt lat="-33.4301195260763" lon="-70.5280003531288">        <ele>767.014919758708</ele>        <time></time>      </trkpt>
      <trkpt lat="-33.4301294637658" lon="-70.5280525760821">        <ele>766.655372546917</ele>        <time></time>      </trkpt>
      <trkpt lat="-33.4301397913808" lon="-70.52810451567">        <ele>766.277450258452</ele>        <time></time>      </trkpt>
      <trkpt lat="-33.4301498244765" lon="-70.5281547451743">        <ele>765.920317755363</ele>        <time></time>      </trkpt>
      <trkpt lat="-33.4301599084487" lon="-70.5282065698236">        <ele>765.639710093714</ele>        <time></time>      </trkpt>
      <trkpt lat="-33.4301637555363" lon="-70.5282601499344">        <ele>765.527113282497</ele>        <time></time>      </trkpt>
      <trkpt lat="-33.430172156005" lon="-70.5283096046714">        <ele>765.449294991357</ele>        <time></time>      </trkpt>
      <trkpt lat="-33.4301787450335" lon="-70.528362809088">        <ele>765.409054912336</ele>        <time></time>      </trkpt>
      <trkpt lat="-33.4301873269509" lon="-70.528413407601">        <ele>765.364909886687</ele>        <time></time>      </trkpt>
      <trkpt lat="-33.4301891243786" lon="-70.5284668208643">        <ele>765.363664735296</ele>        <time></time>      </trkpt>
      <trkpt lat="-33.4302030140186" lon="-70.5285166180229">        <ele>765.253177202303</ele>        <time></time>      </trkpt>
      <trkpt lat="-33.4302209572941" lon="-70.5285652487134">        <ele>765.122297110817</ele>        <time></time>      </trkpt>
      <trkpt lat="-33.4302330037305" lon="-70.5286169816343">        <ele>765.092169578099</ele>        <time></time>      </trkpt>
      <trkpt lat="-33.4302497746766" lon="-70.5286664265626">        <ele>764.911194725227</ele>        <time></time>      </trkpt>
      <trkpt lat="-33.4302652810016" lon="-70.5287143888064">        <ele>764.624761134037</ele>        <time></time>      </trkpt>
      <trkpt lat="-33.4302759456238" lon="-70.5287648931628">        <ele>764.307500649657</ele>        <time></time>      </trkpt>
      <trkpt lat="-33.4302818523427" lon="-70.5288169669398">        <ele>763.880666170888</ele>        <time></time>      </trkpt>
      <trkpt lat="-33.4302867937864" lon="-70.5288699900546">        <ele>763.394693332483</ele>        <time></time>      </trkpt>
      <trkpt lat="-33.4302875345407" lon="-70.5289237647861">        <ele>762.990908263182</ele>        <time></time>      </trkpt>
      <trkpt lat="-33.4302882752717" lon="-70.5289775395175">        <ele>762.574464589592</ele>        <time></time>      </trkpt>
      <trkpt lat="-33.4302890159793" lon="-70.529031314249">        <ele>762.158016208429</ele>        <time></time>      </trkpt>
      <trkpt lat="-33.4302897566635" lon="-70.5290850889803">        <ele>761.751426945989</ele>        <time></time>      </trkpt>
      <trkpt lat="-33.4302904973244" lon="-70.5291388637117">        <ele>761.177421523302</ele>        <time></time>      </trkpt>
      <trkpt lat="-33.4303010099949" lon="-70.5291361574565">        <ele>761.045295986892</ele>        <time></time>      </trkpt>
      <trkpt lat="-33.4303099627419" lon="-70.5291887710763">        <ele>760.53119555658</ele>        <time></time>      </trkpt>
      <trkpt lat="-33.4303132986706" lon="-70.5292377646071">        <ele>760.322927885373</ele>        <time></time>      </trkpt>
      <trkpt lat="-33.4303181635828" lon="-70.5292743448664">        <ele>760.063358595782</ele>        <time></time>      </trkpt>
      <trkpt lat="-33.4303238669229" lon="-70.5293223107424">        <ele>760.0562944551</ele>        <time></time>      </trkpt>
      <trkpt lat="-33.4303292241128" lon="-70.5293757118839">        <ele>759.995221581828</ele>        <time></time>      </trkpt>
      <trkpt lat="-33.4303345812795" lon="-70.5294291130312">        <ele>760.062399663963</ele>        <time></time>      </trkpt>
      <trkpt lat="-33.4303359000169" lon="-70.5293830407414">        <ele>759.810361822413</ele>        <time></time>      </trkpt>
      <trkpt lat="-33.4303369062768" lon="-70.5293292721225">        <ele>759.689121845796</ele>        <time></time>      </trkpt>
      <trkpt lat="-33.4303560821596" lon="-70.5293708490778">        <ele>759.403002984273</ele>        <time></time>      </trkpt>
      <trkpt lat="-33.4303811146529" lon="-70.5294080508481">        <ele>758.982017437121</ele>        <time></time>      </trkpt>
      <trkpt lat="-33.4304000767826" lon="-70.529456615502">        <ele>758.806994277138</ele>        <time></time>      </trkpt>
      <trkpt lat="-33.4304243884817" lon="-70.5295016444503">        <ele>758.472756430763</ele>        <time></time>      </trkpt>
      <trkpt lat="-33.4304362976125" lon="-70.5295525082307">        <ele>758.631103720188</ele>        <time></time>      </trkpt>
      <trkpt lat="-33.4304388380312" lon="-70.5296062048893">        <ele>758.691613135417</ele>        <time></time>      </trkpt>
      <trkpt lat="-33.4304501496613" lon="-70.529632207887">        <ele>758.548662085794</ele>        <time></time>      </trkpt>
      <trkpt lat="-33.4304611078452" lon="-70.5295800379005">        <ele>758.176548570027</ele>        <time></time>      </trkpt>
      <trkpt lat="-33.4304833945991" lon="-70.5296076015403">        <ele>757.77589219439</ele>        <time></time>      </trkpt>
      <trkpt lat="-33.4304896006267" lon="-70.5296602503959">        <ele>757.858656639105</ele>        <time></time>      </trkpt>
      <trkpt lat="-33.4305012286308" lon="-70.5296710489425">        <ele>757.494492249012</ele>        <time></time>      </trkpt>
      <trkpt lat="-33.4305242292644" lon="-70.5296921996622">        <ele>757.114145633293</ele>        <time></time>      </trkpt>
      <trkpt lat="-33.4305460756103" lon="-70.5297391950366">        <ele>756.424548498382</ele>        <time></time>      </trkpt>
      <trkpt lat="-33.4305697130243" lon="-70.5297847907984">        <ele>755.834026177759</ele>        <time></time>      </trkpt>
      <trkpt lat="-33.4305937735179" lon="-70.5298301228269">        <ele>754.978933766542</ele>        <time></time>      </trkpt>
      <trkpt lat="-33.4306218770991" lon="-70.5298721696676">        <ele>754.120700231394</ele>        <time></time>      </trkpt>
      <trkpt lat="-33.4306527833487" lon="-70.5299104078586">        <ele>753.220204032898</ele>        <time></time>      </trkpt>
      <trkpt lat="-33.430686545885" lon="-70.5299453556736">        <ele>752.604646067383</ele>        <time></time>      </trkpt>
      <trkpt lat="-33.4307157333001" lon="-70.5299845654149">        <ele>752.147249765234</ele>        <time></time>      </trkpt>
      <trkpt lat="-33.4307464991645" lon="-70.5300234047346">        <ele>751.772218843368</ele>        <time></time>      </trkpt>
      <trkpt lat="-33.4307720354314" lon="-70.5300676060338">        <ele>751.339420644094</ele>        <time></time>      </trkpt>
      <trkpt lat="-33.4307881392009" lon="-70.5301161855077">        <ele>750.900707948699</ele>        <time></time>      </trkpt>
      <trkpt lat="-33.4308006789345" lon="-70.5301676874649">        <ele>750.502044206175</ele>        <time></time>      </trkpt>
      <trkpt lat="-33.4308150032286" lon="-70.5302182132421">        <ele>750.224268669907</ele>        <time></time>      </trkpt>
      <trkpt lat="-33.4308262961718" lon="-70.5302695777229">        <ele>749.926782024447</ele>        <time></time>      </trkpt>
      <trkpt lat="-33.4308338795148" lon="-70.5303225728427">        <ele>749.80201232055</ele>        <time></time>      </trkpt>
      <trkpt lat="-33.4308384595373" lon="-70.5303760449547">        <ele>749.782139579464</ele>        <time></time>      </trkpt>
      <trkpt lat="-33.4308431662946" lon="-70.5304293013939">        <ele>749.901198196718</ele>        <time></time>      </trkpt>
      <trkpt lat="-33.430841282797" lon="-70.5304827685773">        <ele>750.182497817975</ele>        <time></time>      </trkpt>
      <trkpt lat="-33.4308364842267" lon="-70.5305362454694">        <ele>750.515293036201</ele>        <time></time>      </trkpt>
      <trkpt lat="-33.4308356974263" lon="-70.5305897375341">        <ele>750.875267604438</ele>        <time></time>      </trkpt>
      <trkpt lat="-33.4308366941099" lon="-70.5306433247312">        <ele>751.2198526737</ele>        <time></time>      </trkpt>
      <trkpt lat="-33.4308386388143" lon="-70.5306969184535">        <ele>751.510012568626</ele>        <time></time>      </trkpt>
      <trkpt lat="-33.4308378034346" lon="-70.5307503646607">        <ele>751.72331974047</ele>        <time></time>      </trkpt>
      <trkpt lat="-33.430836951688" lon="-70.5308035061486">        <ele>751.838509270117</ele>        <time></time>      </trkpt>
      <trkpt lat="-33.4308285266796" lon="-70.530856332982">        <ele>751.855885800554</ele>        <time></time>      </trkpt>
      <trkpt lat="-33.4308337737319" lon="-70.5309077207927">        <ele>751.81488443245</ele>        <time></time>      </trkpt>
      <trkpt lat="-33.4308323114131" lon="-70.530961193214">        <ele>751.737647454467</ele>        <time></time>      </trkpt>
      <trkpt lat="-33.430838403042" lon="-70.5310142936071">        <ele>751.578838020758</ele>        <time></time>      </trkpt>
      <trkpt lat="-33.4308472053353" lon="-70.5310670102722">        <ele>751.475157938458</ele>        <time></time>      </trkpt>
      <trkpt lat="-33.430861429784" lon="-70.5311180468418">        <ele>751.43448521583</ele>        <time></time>      </trkpt>
      <trkpt lat="-33.4308756542111" lon="-70.5311690834274">        <ele>751.492355161261</ele>        <time></time>      </trkpt>
      <trkpt lat="-33.4308898786168" lon="-70.5312201200288">        <ele>751.513253668427</ele>        <time></time>      </trkpt>
      <trkpt lat="-33.4309055444186" lon="-70.5312703330342">        <ele>751.518994958687</ele>        <time></time>      </trkpt>
      <trkpt lat="-33.4309273093293" lon="-70.5313172084787">        <ele>751.513515924069</ele>        <time></time>      </trkpt>
      <trkpt lat="-33.4309454610921" lon="-70.5313662965116">        <ele>751.647235751078</ele>        <time></time>      </trkpt>
      <trkpt lat="-33.4309679923874" lon="-70.5314127743334">        <ele>751.587742880501</ele>        <time></time>      </trkpt>
      <trkpt lat="-33.4309924711351" lon="-70.5314579430795">        <ele>751.403865244581</ele>        <time></time>      </trkpt>
      <trkpt lat="-33.4310196935428" lon="-70.5315002193408">        <ele>751.020285964168</ele>        <time></time>      </trkpt>
      <trkpt lat="-33.4310442909532" lon="-70.5315452599915">        <ele>750.648377282655</ele>        <time></time>      </trkpt>
      <trkpt lat="-33.4310743934129" lon="-70.5315848723028">        <ele>750.148280330068</ele>        <time></time>      </trkpt>
      <trkpt lat="-33.4311081065216" lon="-70.5316196515935">        <ele>749.813100766826</ele>        <time></time>      </trkpt>
      <trkpt lat="-33.4311412179324" lon="-70.5316555841294">        <ele>749.604401851617</ele>        <time></time>      </trkpt>
      <trkpt lat="-33.4311766037319" lon="-70.5316884416333">        <ele>749.180406868774</ele>        <time></time>      </trkpt>
      <trkpt lat="-33.4312105340014" lon="-70.5317238608319">        <ele>748.586071603795</ele>        <time></time>      </trkpt>
      <trkpt lat="-33.4312425200261" lon="-70.5317599336841">        <ele>747.846701961807</ele>        <time></time>      </trkpt>
      <trkpt lat="-33.4312712325957" lon="-70.5318005177512">        <ele>747.302427352257</ele>        <time></time>      </trkpt>
      <trkpt lat="-33.4313029095301" lon="-70.5318385399725">        <ele>746.73135898292</ele>        <time></time>      </trkpt>
      <trkpt lat="-33.4313290530581" lon="-70.5318822067409">        <ele>746.031321146522</ele>        <time></time>      </trkpt>
      <trkpt lat="-33.43135953033" lon="-70.5319210552917">        <ele>744.90578189689</ele>        <time></time>      </trkpt>
      <trkpt lat="-33.4313870490576" lon="-70.5319630563406">        <ele>744.008589684646</ele>        <time></time>      </trkpt>
      <trkpt lat="-33.4314150448723" lon="-70.5320043766576">        <ele>743.186942515724</ele>        <time></time>      </trkpt>
      <trkpt lat="-33.4314380257098" lon="-70.5320506513172">        <ele>742.434349974383</ele>        <time></time>      </trkpt>
      <trkpt lat="-33.4314598833967" lon="-70.5320976577786">        <ele>742.05108389438</ele>        <time></time>      </trkpt>
      <trkpt lat="-33.431480874937" lon="-70.5321451372271">        <ele>741.405677472917</ele>        <time></time>      </trkpt>
      <trkpt lat="-33.4315009671411" lon="-70.5321931819837">        <ele>740.832878484859</ele>        <time></time>      </trkpt>
      <trkpt lat="-33.431516085953" lon="-70.5322431321927">        <ele>740.09101836705</ele>        <time></time>      </trkpt>
      <trkpt lat="-33.4315267928591" lon="-70.5322946955519">        <ele>739.772473071473</ele>        <time></time>      </trkpt>
      <trkpt lat="-33.4315381776939" lon="-70.5323467360163">        <ele>739.754572327795</ele>        <time></time>      </trkpt>
      <trkpt lat="-33.4315495625064" lon="-70.5323987764936">        <ele>739.80197530101</ele>        <time></time>      </trkpt>
      <trkpt lat="-33.4315620547774" lon="-70.5324504474731">        <ele>740.022935348927</ele>        <time></time>      </trkpt>
      <trkpt lat="-33.4315749640898" lon="-70.5325019793138">        <ele>740.030484483446</ele>        <time></time>      </trkpt>
      <trkpt lat="-33.4315878733803" lon="-70.5325535111689">        <ele>740.245871240008</ele>        <time></time>      </trkpt>
      <trkpt lat="-33.431600782649" lon="-70.5326050430386">        <ele>740.3406215779</ele>        <time></time>      </trkpt>
      <trkpt lat="-33.4316130404285" lon="-70.5326567939486">        <ele>740.500261596575</ele>        <time></time>      </trkpt>
      <trkpt lat="-33.4316293033654" lon="-70.5327067882183">        <ele>740.397678600422</ele>        <time></time>      </trkpt>
      <trkpt lat="-33.4316397774933" lon="-70.5327587942608">        <ele>740.293027054689</ele>        <time></time>      </trkpt>
      <trkpt lat="-33.4316531237545" lon="-70.5328098642123">        <ele>739.868754689009</ele>        <time></time>      </trkpt>
      <trkpt lat="-33.4316634890801" lon="-70.5328621441303">        <ele>739.448540213127</ele>        <time></time>      </trkpt>
      <trkpt lat="-33.4316773347862" lon="-70.532913267691">        <ele>739.062880049724</ele>        <time></time>      </trkpt>
      <trkpt lat="-33.4316943399483" lon="-70.5329628406117">        <ele>738.532720491435</ele>        <time></time>      </trkpt>
      <trkpt lat="-33.4317122240715" lon="-70.5330118532989">        <ele>738.119463558854</ele>        <time></time>      </trkpt>
      <trkpt lat="-33.4317297415006" lon="-70.5330610500283">        <ele>737.520291866632</ele>        <time></time>      </trkpt>
      <trkpt lat="-33.4317449088079" lon="-70.5331114610175">        <ele>737.17368473692</ele>        <time></time>      </trkpt>
      <trkpt lat="-33.4317611509379" lon="-70.533161398118">        <ele>736.665915461497</ele>        <time></time>      </trkpt>
      <trkpt lat="-33.4317798087368" lon="-70.5332098740481">        <ele>736.169939241628</ele>        <time></time>      </trkpt>
      <trkpt lat="-33.4318082166191" lon="-70.5332512072514">        <ele>735.622206347943</ele>        <time></time>      </trkpt>
      <trkpt lat="-33.4318420589664" lon="-70.5332867302703">        <ele>735.086274276401</ele>        <time></time>      </trkpt>
      <trkpt lat="-33.4318712070432" lon="-70.5333274551527">        <ele>734.691145650109</ele>        <time></time>      </trkpt>
      <trkpt lat="-33.431897805658" lon="-70.5333707981169">        <ele>734.353668861857</ele>        <time></time>      </trkpt>
      <trkpt lat="-33.4319211605962" lon="-70.5334168059137">        <ele>734.090754792739</ele>        <time></time>      </trkpt>
      <trkpt lat="-33.4319317135733" lon="-70.5334685328834">        <ele>734.028965516501</ele>        <time></time>      </trkpt>
      <trkpt lat="-33.4319429831182" lon="-70.5335202962118">        <ele>734.02266285467</ele>        <time></time>      </trkpt>
      <trkpt lat="-33.4319535002976" lon="-70.5335717933492">        <ele>734.493197683757</ele>        <time></time>      </trkpt>
      <trkpt lat="-33.4319661107284" lon="-70.5336233774523">        <ele>735.091304839648</ele>        <time></time>      </trkpt>
      <trkpt lat="-33.4319839516533" lon="-70.5336727306905">        <ele>735.227407900815</ele>        <time></time>      </trkpt>
      <trkpt lat="-33.4319992467402" lon="-70.5337232186899">        <ele>735.511428023035</ele>        <time></time>      </trkpt>
      <trkpt lat="-33.4320149101192" lon="-70.5337735932744">        <ele>735.509949519858</ele>        <time></time>      </trkpt>
      <trkpt lat="-33.4320340877325" lon="-70.5338222695516">        <ele>735.402180450316</ele>        <time></time>      </trkpt>
      <trkpt lat="-33.4320392887828" lon="-70.5338709840487">        <ele>735.264143688705</ele>        <time></time>      </trkpt>
      <trkpt lat="-33.4320522950413" lon="-70.5339221176676">        <ele>734.909454499718</ele>        <time></time>      </trkpt>
      <trkpt lat="-33.4320698956393" lon="-70.5339713329109">        <ele>734.468686021642</ele>        <time></time>      </trkpt>
      <trkpt lat="-33.4320859232078" lon="-70.5340213613873">        <ele>733.920559572489</ele>        <time></time>      </trkpt>
      <trkpt lat="-33.4321022946146" lon="-70.5340714480604">        <ele>733.509569131526</ele>        <time></time>      </trkpt>
      <trkpt lat="-33.432120458577" lon="-70.5341202633081">        <ele>733.088523201168</ele>        <time></time>      </trkpt>
      <trkpt lat="-33.4321403522214" lon="-70.5341685010455">        <ele>732.702138752178</ele>        <time></time>      </trkpt>
      <trkpt lat="-33.4321626525656" lon="-70.5342150489122">        <ele>732.293683521665</ele>        <time></time>      </trkpt>
      <trkpt lat="-33.4321814820673" lon="-70.5342637887889">        <ele>731.918710711005</ele>        <time></time>      </trkpt>
      <trkpt lat="-33.4321999197401" lon="-70.5343126495924">        <ele>731.487504439763</ele>        <time></time>      </trkpt>
      <trkpt lat="-33.4322159362982" lon="-70.5343629259845">        <ele>731.115917614681</ele>        <time></time>      </trkpt>
      <trkpt lat="-33.4322198382639" lon="-70.5344149677952">        <ele>730.925706879018</ele>        <time></time>      </trkpt>
      <trkpt lat="-33.43222612637" lon="-70.534467730566">        <ele>730.953302187348</ele>        <time></time>      </trkpt>
      <trkpt lat="-33.4322173753704" lon="-70.5345175075093">        <ele>730.998042655361</ele>        <time></time>      </trkpt>
      <trkpt lat="-33.432178178986" lon="-70.5345169869535">        <ele>731.650358135036</ele>        <time></time>      </trkpt>
      <trkpt lat="-33.4321462227765" lon="-70.5344795601049">        <ele>732.015058914744</ele>        <time></time>      </trkpt>
      <trkpt lat="-33.4321231018624" lon="-70.5344334979185">        <ele>732.380333514225</ele>        <time></time>      </trkpt>
      <trkpt lat="-33.4320988627706" lon="-70.5343882951234">        <ele>732.751225680715</ele>        <time></time>      </trkpt>
      <trkpt lat="-33.432067925496" lon="-70.5343525616604">        <ele>733.106330678362</ele>        <time></time>      </trkpt>
      <trkpt lat="-33.4320329293337" lon="-70.5343197027069">        <ele>733.506909924689</ele>        <time></time>      </trkpt>
      <trkpt lat="-33.4320044164886" lon="-70.5342780462722">        <ele>733.62817677378</ele>        <time></time>      </trkpt>
      <trkpt lat="-33.431971836662" lon="-70.5342416159325">        <ele>733.762105898816</ele>        <time></time>      </trkpt>
      <trkpt lat="-33.4319421979294" lon="-70.5342015953852">        <ele>733.939826043865</ele>        <time></time>      </trkpt>
      <trkpt lat="-33.4319298619261" lon="-70.5341958670223">        <ele>734.144385498934</ele>        <time></time>      </trkpt>
      <trkpt lat="-33.4319305535838" lon="-70.5342072935138">        <ele>734.162213307963</ele>        <time></time>      </trkpt>
      <trkpt lat="-33.4319049776977" lon="-70.5341630719093">        <ele>734.607099607173</ele>        <time></time>      </trkpt>
      <trkpt lat="-33.4318806549654" lon="-70.534117789859">        <ele>735.071762745115</ele>        <time></time>      </trkpt>
      <trkpt lat="-33.4318725780701" lon="-70.5341309006526">        <ele>735.20296714434</ele>        <time></time>      </trkpt>
      <trkpt lat="-33.431842363471" lon="-70.5341038799495">        <ele>736.008855915491</ele>        <time></time>      </trkpt>
      <trkpt lat="-33.4318196854078" lon="-70.5340573929846">        <ele>736.471873313612</ele>        <time></time>      </trkpt>
      <trkpt lat="-33.4317969235762" lon="-70.5340109706261">        <ele>736.947914410796</ele>        <time></time>      </trkpt>
      <trkpt lat="-33.4317682635574" lon="-70.5339698401766">        <ele>737.241188044197</ele>        <time></time>      </trkpt>
      <trkpt lat="-33.431735757" lon="-70.533933106">        <ele>737.468273595203</ele>        <time></time>      </trkpt>
      <trkpt lat="-33.431735757" lon="-70.533933106">        <ele>737.409375964202</ele>        <time></time>      </trkpt>
      <trkpt lat="-33.4317001918065" lon="-70.5339001557494">        <ele>737.542927945044</ele>        <time></time>      </trkpt>
      <trkpt lat="-33.431661547874" lon="-70.5338871701361">        <ele>737.854582440076</ele>        <time></time>      </trkpt>
      <trkpt lat="-33.4316292822887" lon="-70.5338880730085">        <ele>738.371306770526</ele>        <time></time>      </trkpt>
      <trkpt lat="-33.4315971919693" lon="-70.5338499627396">        <ele>739.005393777826</ele>        <time></time>      </trkpt>
      <trkpt lat="-33.4315557128279" lon="-70.5338308138741">        <ele>739.757417081794</ele>        <time></time>      </trkpt>
      <trkpt lat="-33.4315416785333" lon="-70.5338649891084">        <ele>740.227158470699</ele>        <time></time>      </trkpt>
      <trkpt lat="-33.4315529569531" lon="-70.5339173368739">        <ele>739.934253859005</ele>        <time></time>      </trkpt>
      <trkpt lat="-33.4315196354615" lon="-70.5339298903823">        <ele>740.68921583157</ele>        <time></time>      </trkpt>
      <trkpt lat="-33.4315095106209" lon="-70.5339704389009">        <ele>740.855354499798</ele>        <time></time>      </trkpt>
      <trkpt lat="-33.4315213278864" lon="-70.5340226438717">        <ele>740.773776116409</ele>        <time></time>      </trkpt>
      <trkpt lat="-33.4314910393954" lon="-70.5339903738621">        <ele>741.153138662426</ele>        <time></time>      </trkpt>
      <trkpt lat="-33.4314589080387" lon="-70.5339522047561">        <ele>741.782833287409</ele>        <time></time>      </trkpt>
      <trkpt lat="-33.4314217926085" lon="-70.533935020494">        <ele>742.567720324138</ele>        <time></time>      </trkpt>
      <trkpt lat="-33.4313815229528" lon="-70.5339234744064">        <ele>743.043882288886</ele>        <time></time>      </trkpt>
      <trkpt lat="-33.4313372653203" lon="-70.5339168756889">        <ele>743.635003539825</ele>        <time></time>      </trkpt>
      <trkpt lat="-33.4312943522012" lon="-70.5339115952031">        <ele>744.191280086971</ele>        <time></time>      </trkpt>
      <trkpt lat="-33.4312861738881" lon="-70.5339524961379">        <ele>744.128265310314</ele>        <time></time>      </trkpt>
      <trkpt lat="-33.4313052128656" lon="-70.5340015874007">        <ele>743.781880410515</ele>        <time></time>      </trkpt>
      <trkpt lat="-33.4312839200691" lon="-70.5339786603002">        <ele>744.029853936731</ele>        <time></time>      </trkpt>
      <trkpt lat="-33.4312531901824" lon="-70.5339388819152">        <ele>744.441317900688</ele>        <time></time>      </trkpt>
      <trkpt lat="-33.4312129121406" lon="-70.5339227154071">        <ele>744.707539823882</ele>        <time></time>      </trkpt>
      <trkpt lat="-33.4311675725951" lon="-70.5339214882721">        <ele>744.721833387948</ele>        <time></time>      </trkpt>
      <trkpt lat="-33.4311222330491" lon="-70.5339202611393">        <ele>744.626243107365</ele>        <time></time>      </trkpt>
      <trkpt lat="-33.4310768935028" lon="-70.5339190340087">        <ele>744.553567606517</ele>        <time></time>      </trkpt>
      <trkpt lat="-33.4310315539561" lon="-70.5339178068804">        <ele>744.546992190416</ele>        <time></time>      </trkpt>
      <trkpt lat="-33.4309862144091" lon="-70.5339165797543">        <ele>744.565479569334</ele>        <time></time>      </trkpt>
      <trkpt lat="-33.4309408748617" lon="-70.5339153526304">        <ele>744.539318302748</ele>        <time></time>      </trkpt>
      <trkpt lat="-33.4308955318414" lon="-70.5339149040925">        <ele>744.460875490557</ele>        <time></time>      </trkpt>
      <trkpt lat="-33.4308501839133" lon="-70.5339155558959">        <ele>744.408543514775</ele>        <time></time>      </trkpt>
      <trkpt lat="-33.4308048359849" lon="-70.5339162076996">        <ele>744.488471449276</ele>        <time></time>      </trkpt>
      <trkpt lat="-33.4307594880563" lon="-70.5339168595036">        <ele>744.784294157913</ele>        <time></time>      </trkpt>
      <trkpt lat="-33.4307141401273" lon="-70.5339175113078">        <ele>745.119773876297</ele>        <time></time>      </trkpt>
      <trkpt lat="-33.430668792198" lon="-70.5339181631123">        <ele>745.54173734463</ele>        <time></time>      </trkpt>
      <trkpt lat="-33.4306234442684" lon="-70.5339188149171">        <ele>745.68470081416</ele>        <time></time>      </trkpt>
      <trkpt lat="-33.4305781075122" lon="-70.5339185760511">        <ele>745.658972499583</ele>        <time></time>      </trkpt>
      <trkpt lat="-33.4305327962317" lon="-70.5339163064729">        <ele>745.513847707418</ele>        <time></time>      </trkpt>
      <trkpt lat="-33.4304874849508" lon="-70.533914036898">        <ele>745.296308112158</ele>        <time></time>      </trkpt>
      <trkpt lat="-33.4304421736694" lon="-70.5339117673265">        <ele>745.108520735778</ele>        <time></time>      </trkpt>
      <trkpt lat="-33.4303968623876" lon="-70.5339094977582">        <ele>744.900366541252</ele>        <time></time>      </trkpt>
      <trkpt lat="-33.4303515510006" lon="-70.5339072374115">        <ele>744.788409402131</ele>        <time></time>      </trkpt>
      <trkpt lat="-33.4303062047871" lon="-70.5339080414839">        <ele>744.781847804172</ele>        <time></time>      </trkpt>
      <trkpt lat="-33.4302608585732" lon="-70.5339088455565">        <ele>744.828835050115</ele>        <time></time>      </trkpt>
      <trkpt lat="-33.4302155123591" lon="-70.5339096496292">        <ele>744.860813495941</ele>        <time></time>      </trkpt>
      <trkpt lat="-33.4301701661446" lon="-70.5339104537019">        <ele>744.923847549865</ele>        <time></time>      </trkpt>
      <trkpt lat="-33.4301248261416" lon="-70.5339116471976">        <ele>745.143367783243</ele>        <time></time>      </trkpt>
      <trkpt lat="-33.4300794870949" lon="-70.5339129006611">        <ele>745.637798928512</ele>        <time></time>      </trkpt>
      <trkpt lat="-33.4300341480478" lon="-70.5339141541242">        <ele>746.383970297019</ele>        <time></time>      </trkpt>
      <trkpt lat="-33.429988842669" lon="-70.5339117424254">        <ele>747.199086904995</ele>        <time></time>      </trkpt>
      <trkpt lat="-33.4299435375298" lon="-70.5339093045919">        <ele>747.817757963558</ele>        <time></time>      </trkpt>
      <trkpt lat="-33.4298982323902" lon="-70.5339068667618">        <ele>748.103090976892</ele>        <time></time>      </trkpt>
      <trkpt lat="-33.4298529272502" lon="-70.5339044289353">        <ele>748.14487728377</ele>        <time></time>      </trkpt>
      <trkpt lat="-33.4298076221097" lon="-70.5339019911122">        <ele>748.084010126543</ele>        <time></time>      </trkpt>
      <trkpt lat="-33.4297623169688" lon="-70.5338995532926">        <ele>748.040649222063</ele>        <time></time>      </trkpt>
      <trkpt lat="-33.4297170118274" lon="-70.5338971154765">        <ele>748.04172918281</ele>        <time></time>      </trkpt>
      <trkpt lat="-33.4296716831972" lon="-70.5338967146602">        <ele>748.015660580194</ele>        <time></time>      </trkpt>
      <trkpt lat="-33.4296263389785" lon="-70.5338976657049">        <ele>747.909236114142</ele>        <time></time>      </trkpt>
      <trkpt lat="-33.4295809947595" lon="-70.5338986167496">        <ele>747.738023978385</ele>        <time></time>      </trkpt>
      <trkpt lat="-33.429535650162" lon="-70.5338995210841">        <ele>747.506021741058</ele>        <time></time>      </trkpt>
      <trkpt lat="-33.4294902989985" lon="-70.5338996144394">        <ele>747.248650427328</ele>        <time></time>      </trkpt>
      <trkpt lat="-33.4294449478348" lon="-70.5338997077956">        <ele>746.968125153381</ele>        <time></time>      </trkpt>
      <trkpt lat="-33.4293995966707" lon="-70.5338998011526">        <ele>746.634542968213</ele>        <time></time>      </trkpt>
      <trkpt lat="-33.4293542582302" lon="-70.533898673066">        <ele>746.231630779891</ele>        <time></time>      </trkpt>
      <trkpt lat="-33.4293089230078" lon="-70.5338972360167">        <ele>745.76810245969</ele>        <time></time>      </trkpt>
      <trkpt lat="-33.4292635871615" lon="-70.5338958279101">        <ele>745.290975576659</ele>        <time></time>      </trkpt>
      <trkpt lat="-33.4292182498879" lon="-70.5338944860274">        <ele>744.86252634992</ele>        <time></time>      </trkpt>
      <trkpt lat="-33.4291729126139" lon="-70.5338931441471">        <ele>744.50650541215</ele>        <time></time>      </trkpt>
      <trkpt lat="-33.4291275753396" lon="-70.5338918022691">        <ele>744.207789327193</ele>        <time></time>      </trkpt>
      <trkpt lat="-33.4290822380649" lon="-70.5338904603935">        <ele>743.941128612505</ele>        <time></time>      </trkpt>
      <trkpt lat="-33.4290369007898" lon="-70.5338891185202">        <ele>743.611512965082</ele>        <time></time>      </trkpt>
      <trkpt lat="-33.4289915635144" lon="-70.5338877766493">        <ele>743.272627723018</ele>        <time></time>      </trkpt>
      <trkpt lat="-33.4289462262385" lon="-70.5338864347807">        <ele>742.80981953446</ele>        <time></time>      </trkpt>
      <trkpt lat="-33.4289019422741" lon="-70.5338774494479">        <ele>742.397539509277</ele>        <time></time>      </trkpt>
      <trkpt lat="-33.428859612069" lon="-70.533858502929">        <ele>741.89972020103</ele>        <time></time>      </trkpt>
      <trkpt lat="-33.4288270088053" lon="-70.5338221052263">        <ele>741.696706854172</ele>        <time></time>      </trkpt>
      <trkpt lat="-33.4287991087773" lon="-70.5337796375048">        <ele>741.787911530961</ele>        <time></time>      </trkpt>
      <trkpt lat="-33.4287733768588" lon="-70.5337350999163">        <ele>741.875461567951</ele>        <time></time>      </trkpt>
      <trkpt lat="-33.4287476225211" lon="-70.5336905806585">        <ele>741.953799755344</ele>        <time></time>      </trkpt>
      <trkpt lat="-33.4287218453855" lon="-70.5336460801656">        <ele>741.975996834554</ele>        <time></time>      </trkpt>
      <trkpt lat="-33.4286960917455" lon="-70.5336015603367">        <ele>741.973668009909</ele>        <time></time>      </trkpt>
      <trkpt lat="-33.4286608109692" lon="-70.5335709437703">        <ele>741.663991610019</ele>        <time></time>      </trkpt>
      <trkpt lat="-33.4286168299821" lon="-70.5335714875822">        <ele>741.224225583616</ele>        <time></time>      </trkpt>
      <trkpt lat="-33.4285740123181" lon="-70.5335850337282">        <ele>740.865064470564</ele>        <time></time>      </trkpt>
      <trkpt lat="-33.4285308772479" lon="-70.5335960255408">        <ele>740.504650837238</ele>        <time></time>      </trkpt>
      <trkpt lat="-33.428492126506" lon="-70.5336232509567">        <ele>740.203869770221</ele>        <time></time>      </trkpt>
      <trkpt lat="-33.4284567301898" lon="-70.5336554713037">        <ele>740.061742377794</ele>        <time></time>      </trkpt>
      <trkpt lat="-33.4284206720679" lon="-70.533688274698">        <ele>739.982821193636</ele>        <time></time>      </trkpt>
      <trkpt lat="-33.4283846218219" lon="-70.5337210903343">        <ele>739.84891799466</ele>        <time></time>      </trkpt>
      <trkpt lat="-33.4283547187934" lon="-70.5337606654616">        <ele>739.583857947292</ele>        <time></time>      </trkpt>
      <trkpt lat="-33.428333821" lon="-70.533807764">        <ele>739.347326065167</ele>        <time></time>      </trkpt>
    </trkseg>
  </trk>
</gpx>
